_id,attributes,business_id,description,hours,is_open,name,review_count
6859a000fe8b31cd7362e2ab,"{""BusinessAcceptsCreditCards"": ""True"", ""WiFi"": ""u'no'"", ""BusinessAcceptsBitcoin"": ""False""}",businessid_49,"Located at 6901 Phelps Rd in Goleta, CA, this facility offers a nurturing environment for young learners, providing a range of services in Education, Elementary Schools, Child Care & Day Care, Local Services, Preschools, and Montessori Schools.","{""Monday"": ""0:0-0:0"", ""Tuesday"": ""8:0-17:0"", ""Wednesday"": ""8:0-17:0"", ""Thursday"": ""8:0-17:0"", ""Friday"": ""8:0-17:0""}",1,Steps to Learning Montessori Preschool,8
6859a000fe8b31cd7362e2ac,"{""ByAppointmentOnly"": ""False"", ""BusinessAcceptsCreditCards"": ""True"", ""GoodForKids"": ""True"", ""RestaurantsPriceRange2"": ""2"", ""BikeParking"": ""False"", ""BusinessParking"": ""{'garage': False, 'street': False, 'validated': False, 'lot': True, 'valet': False}""}",businessid_47,"Located at 9916 Clayton Rd in St. Louis, MO, this establishment offers a wide range of services, including Hair Salons, Beauty & Spas, Hair Stylists, Skin Care, Blow Dry/Out Services, and Makeup Artists.","{""Monday"": ""7:0-18:0"", ""Tuesday"": ""7:0-18:0"", ""Wednesday"": ""7:0-18:0"", ""Thursday"": ""7:0-18:0"", ""Friday"": ""7:0-19:0"", ""Saturday"": ""8:0-19:0"", ""Sunday"": ""10:0-17:0""}",0,Breeze Blow Dry Bar,81
6859a000fe8b31cd7362e2ad,"{""BusinessParking"": ""{'garage': False, 'street': False, 'validated': False, 'lot': False, 'valet': False}"", ""GoodForKids"": ""True"", ""BusinessAcceptsCreditCards"": ""True"", ""ByAppointmentOnly"": ""False"", ""BikeParking"": ""True""}",businessid_88,"Located at 11655 W Executive Dr in Boise, ID, this facility offers enthusiasts a premier destination for Gun/Rifle Ranges, Active Life.","{""Monday"": ""10:0-19:0"", ""Tuesday"": ""10:0-19:0"", ""Wednesday"": ""10:0-19:0"", ""Thursday"": ""10:0-19:0"", ""Friday"": ""10:0-19:0"", ""Saturday"": ""10:0-19:0""}",1,Impact Guns,39
6859a000fe8b31cd7362e2ae,,businessid_41,"Located at 1615 Pasadena Ave S, Ste 430 in Saint Petersburg, FL, this facility offers a range of services in Internal Medicine, Doctors, Health & Medical.","{""Monday"": ""8:30-17:0"", ""Tuesday"": ""8:30-17:0"", ""Wednesday"": ""8:30-17:0"", ""Thursday"": ""8:30-17:0"", ""Friday"": ""8:30-17:0""}",1,Palms Primary Care,5
6859a000fe8b31cd7362e2af,"{""BusinessParking"": ""{'garage': False, 'street': False, 'validated': False, 'lot': False, 'valet': False}"", ""BusinessAcceptsCreditCards"": ""True"", ""AcceptsInsurance"": ""False"", ""ByAppointmentOnly"": ""False"", ""RestaurantsPriceRange2"": ""2"", ""WheelchairAccessible"": ""True"", ""BikeParking"": ""False""}",businessid_33,"Located at 9655 E US Hwy 36, Unit H in Avon, IN, this establishment offers a range of services including Nail Salons, Hair Removal, Beauty & Spas, and Waxing.","{""Monday"": ""9:30-19:0"", ""Tuesday"": ""9:30-19:0"", ""Wednesday"": ""9:30-19:0"", ""Thursday"": ""9:30-19:0"", ""Friday"": ""9:30-19:0"", ""Saturday"": ""9:30-17:30""}",1,J&Q Nails,28
6859a000fe8b31cd7362e2b0,"{""BusinessParking"": ""{'garage': False, 'street': False, 'validated': False, 'lot': False, 'valet': False}"", ""RestaurantsPriceRange2"": ""4"", ""BikeParking"": ""False""}",businessid_74,"Located at 735 Dodecanese Blvd in Tarpon Springs, FL, this charming establishment offers a delightful selection of treats, making it a must-visit for anyone seeking Candy Stores, Specialty Food, Food.",,1,Candy Barrel,7
6859a000fe8b31cd7362e2b1,"{""ByAppointmentOnly"": ""False"", ""BusinessAcceptsCreditCards"": ""True"", ""BusinessParking"": ""{'garage': True, 'street': False, 'validated': False, 'lot': False, 'valet': False}"", ""RestaurantsPriceRange2"": ""2"", ""WheelchairAccessible"": ""True"", ""BikeParking"": ""True"", ""NoiseLevel"": ""u'quiet'"", ""WiFi"": ""u'no'""}",businessid_92,"Located at 690 W Dekalb Pike in King of Prussia, PA, this business offers a diverse range of services and products in the fields of Cosmetics & Beauty Supply, Cosmetic Dentists, Tanning, Teeth Whitening, Beauty & Spas, Dentists, Shopping, Blow Dry/Out Services, Health & Medical, Spray Tanning, and Hair Salons.","{""Monday"": ""10:0-21:0"", ""Tuesday"": ""10:0-21:0"", ""Wednesday"": ""10:0-21:0"", ""Thursday"": ""10:0-21:0"", ""Friday"": ""10:0-21:0"", ""Saturday"": ""10:0-21:0"", ""Sunday"": ""11:0-18:0""}",1,Luminosity,39
6859a000fe8b31cd7362e2b2,"{""BusinessParking"": ""{'garage': True, 'street': False, 'validated': False, 'lot': True, 'valet': False}"", ""ByAppointmentOnly"": ""False"", ""BusinessAcceptsCreditCards"": ""True"", ""RestaurantsPriceRange2"": ""2"", ""BikeParking"": ""True"", ""WiFi"": ""u'free'""}",businessid_64,"Located at 12337 Olive Blvd in Creve Coeur, MO, this establishment offers a range of services in Nail Salons, Beauty & Spas.","{""Monday"": ""10:0-20:0"", ""Tuesday"": ""10:0-20:0"", ""Wednesday"": ""10:0-20:0"", ""Thursday"": ""10:0-20:0"", ""Friday"": ""10:0-20:0"", ""Saturday"": ""10:0-19:0""}",1,Nail Care Salon,6
6859a000fe8b31cd7362e2b3,"{""ByAppointmentOnly"": ""False"", ""BusinessAcceptsCreditCards"": ""True"", ""BusinessParking"": ""{'garage': False, 'street': False, 'validated': False, 'lot': False, 'valet': False}"", ""RestaurantsPriceRange2"": ""2"", ""BikeParking"": ""True""}",businessid_52,"Located at 5000 W 96th St in Indianapolis, IN, this establishment offers a diverse selection of Antiques, Shopping, Home Services, and Lighting Fixtures & Equipment for all your home and decorative needs.","{""Monday"": ""10:0-17:0"", ""Tuesday"": ""10:0-17:0"", ""Wednesday"": ""10:0-17:0"", ""Thursday"": ""10:0-17:0"", ""Friday"": ""10:0-17:0"", ""Saturday"": ""10:0-17:0""}",1,Architectural Antiques of Indianapolis,6
6859a000fe8b31cd7362e2b4,"{""BikeParking"": ""True"", ""BusinessAcceptsCreditCards"": ""True"", ""RestaurantsPriceRange2"": ""2"", ""BusinessParking"": ""{'garage': False, 'street': True, 'validated': False, 'lot': False, 'valet': False}"", ""RestaurantsDelivery"": ""None""}",businessid_29,"Located at 41 Haddon Ave in Collingswood, NJ, this versatile establishment offers a range of services including Wedding Planning, Flowers & Gifts, Event Planning & Services, Financial Services, Shopping, and Florists.","{""Monday"": ""9:0-18:0"", ""Tuesday"": ""9:0-18:0"", ""Wednesday"": ""9:0-18:0"", ""Thursday"": ""9:0-18:0"", ""Friday"": ""9:0-18:0"", ""Saturday"": ""9:0-18:0""}",1,Aster's Floral Shop,25
6859a000fe8b31cd7362e2b5,"{""RestaurantsGoodForGroups"": ""True"", ""RestaurantsDelivery"": ""False"", ""RestaurantsTakeOut"": ""True"", ""HasTV"": ""True"", ""BusinessAcceptsCreditCards"": ""True"", ""Ambience"": ""{'touristy': False, 'hipster': False, 'romantic': False, 'divey': False, 'intimate': False, 'trendy': False, 'upscale': False, 'classy': False, 'casual': False}"", ""GoodForMeal"": ""{'dessert': False, 'latenight': False, 'lunch': False, 'dinner': False, 'brunch': False, 'breakfast': False}"", ""BusinessParking"": ""{u'valet': False, u'garage': False, u'street': False, u'lot': True, u'validated': False}""}",businessid_10,"Located at 4319 Telegraph Rd in Saint Louis, MO, this establishment offers a delightful array of dishes in the category of 'Restaurants, Chinese'.",,1,China Wok,20
6859a000fe8b31cd7362e2b6,"{""ByAppointmentOnly"": ""True"", ""BusinessAcceptsCreditCards"": ""True""}",businessid_61,"Located at 1218 Millennium Pkwy in Brandon, FL, this facility provides essential services in the categories of Medical Centers, Health & Medical.","{""Monday"": ""8:0-17:0"", ""Tuesday"": ""8:0-17:0"", ""Wednesday"": ""8:0-17:0"", ""Thursday"": ""12:0-20:0"", ""Friday"": ""8:30-17:0""}",1,Brandon Family Medical Care,17
6859a000fe8b31cd7362e2b7,"{""BusinessParking"": ""{'garage': False, 'street': False, 'validated': False, 'lot': False, 'valet': False}"", ""BusinessAcceptsCreditCards"": ""True"", ""WheelchairAccessible"": ""True"", ""RestaurantsDelivery"": ""True"", ""RestaurantsTakeOut"": ""True"", ""RestaurantsPriceRange2"": ""1"", ""WiFi"": ""u'free'""}",businessid_54,"Located at 13151 Race Track Rd in Tampa, FL, this establishment offers a variety of services including Service Stations, Coffee & Tea, Gas Stations, Automotive, Gas Stations, Food, and Convenience Stores.","{""Monday"": ""0:0-0:0"", ""Tuesday"": ""0:0-0:0"", ""Wednesday"": ""0:0-0:0"", ""Thursday"": ""0:0-0:0"", ""Friday"": ""0:0-0:0"", ""Saturday"": ""0:0-0:0"", ""Sunday"": ""0:0-0:0""}",1,7-Eleven,10
6859a000fe8b31cd7362e2b8,"{""BusinessAcceptsCreditCards"": ""True""}",businessid_8,"This Philadelphia, PA location offers a range of services including Hotels & Travel, Taxis, Transportation, Local Services, and Automotive to meet all your travel and transportation needs.","{""Monday"": ""0:0-0:0"", ""Tuesday"": ""0:0-0:0"", ""Wednesday"": ""0:0-0:0"", ""Thursday"": ""0:0-0:0"", ""Friday"": ""0:0-0:0""}",1,Uber,218
6859a000fe8b31cd7362e2b9,"{""BusinessParking"": ""{'garage': False, 'street': True, 'validated': False, 'lot': False, 'valet': False}"", ""RestaurantsTakeOut"": ""None"", ""RestaurantsDelivery"": ""None"", ""HasTV"": ""True"", ""Ambience"": ""{'touristy': False, 'hipster': None, 'romantic': None, 'divey': None, 'intimate': None, 'trendy': None, 'upscale': False, 'classy': None, 'casual': True}"", ""GoodForMeal"": ""{'dessert': False, 'latenight': False, 'lunch': False, 'dinner': False, 'brunch': False, 'breakfast': False}""}",businessid_59,"Located at 4403 Chestnut St in Philadelphia, PA, this vibrant spot offers a delightful mix of Food, Bubble Tea, Restaurants, Sandwiches, Vietnamese, Cafes, perfect for a casual meal or a refreshing drink.","{""Monday"": ""11:0-19:0"", ""Tuesday"": ""11:0-19:0"", ""Wednesday"": ""11:0-19:0"", ""Thursday"": ""11:0-19:0"", ""Friday"": ""11:0-19:0"", ""Saturday"": ""11:0-16:0""}",0,Chestnut St. Cafe,34
6859a000fe8b31cd7362e2ba,"{""BusinessParking"": ""{'garage': False, 'street': True, 'validated': False, 'lot': False, 'valet': False}"", ""WiFi"": ""u'free'"", ""WheelchairAccessible"": ""True"", ""Caters"": ""True"", ""HasTV"": ""True"", ""HappyHour"": ""False"", ""Ambience"": ""{'touristy': None, 'hipster': None, 'romantic': None, 'divey': None, 'intimate': True, 'trendy': None, 'upscale': None, 'classy': True, 'casual': True}"", ""RestaurantsDelivery"": ""True"", ""RestaurantsPriceRange2"": ""2"", ""GoodForKids"": ""True"", ""RestaurantsAttire"": ""u'casual'"", ""BikeParking"": ""True"", ""OutdoorSeating"": ""True"", ""NoiseLevel"": ""u'quiet'"", ""RestaurantsGoodForGroups"": ""True"", ""RestaurantsTakeOut"": ""True"", ""BusinessAcceptsCreditCards"": ""True"", ""RestaurantsReservations"": ""False"", ""GoodForMeal"": ""{'dessert': None, 'latenight': None, 'lunch': True, 'dinner': None, 'brunch': True, 'breakfast': True}"", ""Alcohol"": ""u'beer_and_wine'"", ""RestaurantsTableService"": ""True"", ""Corkage"": ""False"", ""BYOB"": ""True""}",businessid_91,"Located at 1625 Baronne St in New Orleans, LA, this vibrant establishment offers a delightful array of options ranging from Food, Shaved Ice, Cajun/Creole, Breakfast & Brunch, Party & Event Planning, Comfort Food, Cafes, Restaurants, to Event Planning & Services, making it a perfect spot for any occasion.","{""Monday"": ""0:0-0:0"", ""Friday"": ""8:30-14:30"", ""Saturday"": ""8:30-14:30"", ""Sunday"": ""9:0-14:30""}",1,Cafe Porche and snowbar,172
6859a000fe8b31cd7362e2bb,"{""RestaurantsPriceRange2"": ""2"", ""AcceptsInsurance"": ""True"", ""BusinessAcceptsCreditCards"": ""True"", ""BusinessParking"": ""None"", ""ByAppointmentOnly"": ""False""}",businessid_83,"Located at 13002 Seminole Blvd, Ste 10-11 in Largo, FL, this business specializes in Optometrists, Health & Medical, Eyewear & Opticians, Ophthalmologists, Doctors, Shopping, offering a range of eye care services and products.","{""Monday"": ""0:0-0:0"", ""Tuesday"": ""9:0-18:0"", ""Wednesday"": ""9:0-15:0"", ""Thursday"": ""9:0-19:0"", ""Friday"": ""9:0-19:0"", ""Saturday"": ""9:0-18:0"", ""Sunday"": ""9:0-15:0""}",1,Eyeglass World,6
6859a000fe8b31cd7362e2bc,"{""RestaurantsGoodForGroups"": ""True"", ""RestaurantsAttire"": ""u'casual'"", ""BusinessAcceptsCreditCards"": ""True"", ""RestaurantsPriceRange2"": ""1"", ""Ambience"": ""{'romantic': False, 'intimate': False, 'touristy': False, 'hipster': False, 'divey': False, 'classy': False, 'trendy': False, 'upscale': False, 'casual': False}"", ""RestaurantsReservations"": ""False"", ""RestaurantsTakeOut"": ""True"", ""WiFi"": ""u'free'"", ""GoodForKids"": ""True"", ""HasTV"": ""True"", ""Alcohol"": ""u'full_bar'"", ""BusinessParking"": ""{'garage': False, 'street': False, 'validated': False, 'lot': True, 'valet': False}"", ""RestaurantsDelivery"": ""False"", ""NoiseLevel"": ""u'average'"", ""OutdoorSeating"": ""True""}",businessid_93,"Located at 914 Edwardsville Rd in Troy, IL, this vibrant spot offers a diverse menu featuring American (New) cuisine, along with a lively atmosphere perfect for nightlife, bars, restaurants, and sports bars.","{""Monday"": ""11:0-1:30"", ""Tuesday"": ""11:0-1:30"", ""Wednesday"": ""11:0-1:30"", ""Thursday"": ""11:0-1:30"", ""Friday"": ""11:0-1:30"", ""Saturday"": ""11:0-1:30"", ""Sunday"": ""11:0-0:0""}",0,Callahan's Corner,10
6859a000fe8b31cd7362e2bd,,businessid_1,"Located in Pennsauken, NJ, this business specializes in Home Services, Pool & Hot Tub Service, providing expert care for all your residential maintenance needs.",,1,Spa Guy Dave,6
6859a000fe8b31cd7362e2be,"{""BusinessAcceptsCreditCards"": ""True"", ""RestaurantsPriceRange2"": ""1"", ""WiFi"": ""u'no'"", ""BikeParking"": ""True"", ""BusinessParking"": ""{'garage': False, 'street': True, 'validated': False, 'lot': False, 'valet': False}"", ""RestaurantsTakeOut"": ""True""}",businessid_24,"Located at 4663 Maryland Ave in Saint Louis, MO, this delightful spot offers a tempting selection of treats in the categories of Food, Ice Cream & Frozen Yogurt.","{""Monday"": ""13:0-21:0"", ""Tuesday"": ""13:0-21:0"", ""Wednesday"": ""13:0-21:0"", ""Thursday"": ""13:0-21:0"", ""Friday"": ""12:0-22:0"", ""Saturday"": ""12:0-22:0"", ""Sunday"": ""13:0-21:0""}",0,FroYo Frozen Yogurt,43
6859a000fe8b31cd7362e2bf,"{""RestaurantsGoodForGroups"": ""False"", ""RestaurantsPriceRange2"": ""1"", ""BusinessAcceptsCreditCards"": ""True"", ""RestaurantsTakeOut"": ""True"", ""NoiseLevel"": ""u'quiet'"", ""RestaurantsAttire"": ""'casual'"", ""GoodForKids"": ""True"", ""Ambience"": ""{'touristy': False, 'hipster': False, 'romantic': False, 'divey': False, 'intimate': False, 'trendy': False, 'upscale': False, 'classy': False, 'casual': False}"", ""RestaurantsReservations"": ""False"", ""HasTV"": ""True"", ""Caters"": ""True"", ""RestaurantsDelivery"": ""False""}",businessid_95,"Located at 201 Veterans Memorial Blvd in Metairie, LA, this establishment offers a diverse menu featuring Restaurants, Sandwiches, Specialty Food, Food, Fruits & Veggies, and Fast Food options for every palate.","{""Monday"": ""7:0-22:0"", ""Tuesday"": ""7:0-22:0"", ""Wednesday"": ""7:0-22:0"", ""Thursday"": ""7:0-22:0"", ""Friday"": ""7:0-22:0"", ""Saturday"": ""8:0-21:0"", ""Sunday"": ""9:0-21:0""}",1,Subway,7
6859a000fe8b31cd7362e2c0,"{""NoiseLevel"": ""'quiet'"", ""DriveThru"": ""True"", ""RestaurantsPriceRange2"": ""1"", ""GoodForKids"": ""True"", ""RestaurantsDelivery"": ""True"", ""RestaurantsReservations"": ""False"", ""GoodForMeal"": ""{'dessert': False, 'latenight': False, 'lunch': False, 'dinner': False, 'brunch': False, 'breakfast': False}"", ""RestaurantsGoodForGroups"": ""True"", ""BusinessParking"": ""{'garage': False, 'street': False, 'validated': False, 'lot': True, 'valet': False}"", ""RestaurantsTakeOut"": ""True""}",businessid_50,"Located at 7670 E 96th St in Fishers, IN, this vibrant eatery offers a diverse menu featuring Burgers, Fast Food, Sandwiches, Restaurants, perfect for a quick and satisfying meal.",,1,Arby's,11
6859a000fe8b31cd7362e2c1,"{""WiFi"": ""u'free'"", ""RestaurantsReservations"": ""False"", ""GoodForKids"": ""True"", ""Caters"": ""False"", ""RestaurantsPriceRange2"": ""1"", ""OutdoorSeating"": ""False"", ""RestaurantsAttire"": ""u'casual'"", ""HasTV"": ""True"", ""Alcohol"": ""u'none'"", ""RestaurantsTakeOut"": ""True"", ""RestaurantsTableService"": ""False"", ""DriveThru"": ""True"", ""RestaurantsGoodForGroups"": ""False"", ""BusinessAcceptsCreditCards"": ""True"", ""BikeParking"": ""True"", ""RestaurantsDelivery"": ""True"", ""NoiseLevel"": ""u'average'"", ""BusinessParking"": ""{'garage': False, 'street': False, 'validated': False, 'lot': False, 'valet': False}"", ""Ambience"": ""{'romantic': False, 'intimate': False, 'touristy': False, 'hipster': False, 'divey': False, 'classy': False, 'trendy': False, 'upscale': False, 'casual': False}"", ""GoodForMeal"": ""{'dessert': False, 'latenight': False, 'lunch': False, 'dinner': False, 'brunch': False, 'breakfast': False}""}",businessid_26,"Located at 7003 Seminole Blvd in Seminole, FL, this establishment specializes in a variety of offerings, including Fast Food, Restaurants, Coffee & Tea, Food, and Burgers, making it a convenient stop for a quick meal or a refreshing beverage.","{""Monday"": ""0:0-0:0"", ""Tuesday"": ""0:0-0:0"", ""Wednesday"": ""0:0-0:0"", ""Thursday"": ""0:0-0:0"", ""Friday"": ""0:0-0:0"", ""Saturday"": ""0:0-0:0"", ""Sunday"": ""0:0-0:0""}",1,McDonald's,28
6859a000fe8b31cd7362e2c2,"{""BikeParking"": ""True"", ""RestaurantsPriceRange2"": ""2"", ""BusinessParking"": ""{'garage': False, 'street': False, 'validated': False, 'lot': False, 'valet': False}"", ""BusinessAcceptsCreditCards"": ""True""}",businessid_84,"Located at 5816 Crawfordsville Rd in Indianapolis, IN, this store offers a diverse selection of products in categories such as Books, Mags, Music & Video, Video Game Stores, Videos & Video Game Rental, Electronics, Shopping, and Hobby Shops.","{""Monday"": ""10:0-21:0"", ""Tuesday"": ""10:0-21:0"", ""Wednesday"": ""10:0-21:0"", ""Friday"": ""5:0-21:0"", ""Saturday"": ""10:0-21:0"", ""Sunday"": ""11:0-18:0""}",1,Gamestop,5
6859a000fe8b31cd7362e2c3,"{""BikeParking"": ""True"", ""WiFi"": ""u'free'"", ""RestaurantsPriceRange2"": ""1"", ""BusinessAcceptsCreditCards"": ""True"", ""BusinessParking"": ""{'garage': False, 'street': False, 'validated': False, 'lot': True, 'valet': False}""}",businessid_89,"Located at 540 Shoemaker Rd in King of Prussia, PA, this establishment offers a range of services including Dry Cleaning & Laundry, Laundromat, Local Services, and Laundry Services.","{""Monday"": ""7:0-23:0"", ""Tuesday"": ""7:0-23:0"", ""Wednesday"": ""7:0-23:0"", ""Thursday"": ""7:0-23:0"", ""Friday"": ""7:0-23:0"", ""Saturday"": ""6:0-23:0"", ""Sunday"": ""6:0-23:0""}",1,King of Prussia Laundromat,29
6859a000fe8b31cd7362e2c4,"{""RestaurantsPriceRange2"": ""1"", ""GoodForKids"": ""False"", ""Caters"": ""False"", ""Ambience"": ""{'romantic': False, 'intimate': False, 'touristy': False, 'hipster': False, 'divey': False, 'classy': False, 'trendy': False, 'upscale': False, 'casual': False}"", ""HasTV"": ""True"", ""BusinessParking"": ""{'garage': False, 'street': False, 'validated': False, 'lot': False, 'valet': False}"", ""RestaurantsReservations"": ""False"", ""RestaurantsGoodForGroups"": ""True"", ""Alcohol"": ""u'full_bar'"", ""RestaurantsTakeOut"": ""True"", ""NoiseLevel"": ""u'quiet'"", ""RestaurantsDelivery"": ""False"", ""OutdoorSeating"": ""False"", ""BusinessAcceptsCreditCards"": ""True"", ""WiFi"": ""u'no'"", ""RestaurantsAttire"": ""u'casual'"", ""BikeParking"": ""False""}",businessid_32,"Located at 1715 Jefferson Hwy in New Orleans, LA, this lively establishment offers a great atmosphere for enjoying Bars, Dive Bars, Burgers, Nightlife, and Restaurants.",,0,The Recovery Room Bar & Grill,8
6859a000fe8b31cd7362e2c5,,businessid_70,"Located at 4500 Shores Dr, Ste 2 in Metairie, LA, this business specializes in a range of offerings within the Home Services, Plumbing categories.",,1,Lenny's Plumbing,10
6859a000fe8b31cd7362e2c6,,businessid_42,"Located at 1180 Collinsville Crossing in Collinsville, IL, this establishment offers a range of services including Tires, Automotive, Auto Repair, and Oil Change Stations to meet all your vehicle needs.","{""Monday"": ""0:0-0:0"", ""Tuesday"": ""7:0-18:0"", ""Wednesday"": ""7:0-18:0"", ""Thursday"": ""7:0-18:0"", ""Friday"": ""7:0-18:0"", ""Saturday"": ""7:0-17:0""}",1,Dobbs Tire & Auto Centers,14
6859a000fe8b31cd7362e2c7,"{""BusinessAcceptsCreditCards"": ""True""}",businessid_71,"Located at 8853 West Fairview Ave in Boise, ID, this business specializes in Automotive, Auto Repair, Car Dealers, and Auto Parts & Supplies.","{""Monday"": ""0:0-0:0"", ""Tuesday"": ""9:0-20:0"", ""Wednesday"": ""9:0-20:0"", ""Thursday"": ""9:0-20:0"", ""Friday"": ""9:0-20:0"", ""Saturday"": ""9:0-20:0"", ""Sunday"": ""11:0-18:0""}",1,Lithia Ford Lincoln of Boise,94
6859a000fe8b31cd7362e2c8,"{""WiFi"": ""u'free'"", ""BusinessAcceptsCreditCards"": ""True""}",businessid_97,"Located at 560 Cottman Ave in Cheltenham, PA, this establishment specializes in Body Shops, Automotive services to meet all your vehicle repair needs.","{""Monday"": ""7:0-17:0"", ""Tuesday"": ""7:0-17:0"", ""Wednesday"": ""7:0-17:0"", ""Thursday"": ""7:0-17:0"", ""Friday"": ""7:0-17:0"", ""Saturday"": ""8:0-11:0""}",1,Executive Auto Body,18
6859a000fe8b31cd7362e2c9,"{""BikeParking"": ""False"", ""BusinessParking"": ""{'garage': False, 'street': False, 'validated': False, 'lot': True, 'valet': False}"", ""BusinessAcceptsCreditCards"": ""True"", ""RestaurantsPriceRange2"": ""1""}",businessid_14,"Located at 7055 Marketplace Dr in Goleta, CA, this store offers a diverse selection of products across various categories, including Women's Clothing, Fashion, Department Stores, Home Decor, Home & Garden, Shopping, Men's Clothing, and Discount Store.","{""Monday"": ""0:0-0:0"", ""Tuesday"": ""8:0-22:0"", ""Wednesday"": ""8:0-22:0"", ""Thursday"": ""8:0-22:0"", ""Friday"": ""8:0-22:0"", ""Saturday"": ""8:0-22:0"", ""Sunday"": ""8:0-22:0""}",1,Ross Dress for Less,33
6859a000fe8b31cd7362e2ca,"{""BusinessAcceptsCreditCards"": ""True"", ""BusinessAcceptsBitcoin"": ""False"", ""ByAppointmentOnly"": ""False""}",businessid_3,"Located at 14152 Faldo Ct in Hudson, FL, this business offers a range of services including Contractors, Home Cleaning, Local Services, Damage Restoration, and Home Services to meet various home improvement and maintenance needs.","{""Monday"": ""0:0-0:0"", ""Tuesday"": ""0:0-0:0"", ""Wednesday"": ""0:0-0:0"", ""Thursday"": ""0:0-0:0"", ""Friday"": ""0:0-0:0"", ""Saturday"": ""0:0-0:0"", ""Sunday"": ""0:0-0:0""}",1,Mr. Dry Out,6
6859a000fe8b31cd7362e2cb,"{""NoiseLevel"": ""u'quiet'"", ""BusinessParking"": ""{'garage': False, 'street': False, 'validated': False, 'lot': False, 'valet': False}"", ""RestaurantsAttire"": ""u'casual'"", ""RestaurantsPriceRange2"": ""2"", ""RestaurantsTakeOut"": ""True""}",businessid_35,"Located at 827 Conestoga Rd in Bryn Mawr, PA, this establishment offers a delightful selection of fresh catches and culinary delights, making it a go-to destination for Seafood, Food, Seafood Markets, Specialty Food, Restaurants enthusiasts.","{""Monday"": ""8:30-18:0"", ""Tuesday"": ""8:30-18:0"", ""Wednesday"": ""8:30-18:0"", ""Thursday"": ""8:30-18:0"", ""Friday"": ""8:30-18:0"", ""Saturday"": ""9:0-17:0""}",1,Bywood Seafood Market,9
6859a000fe8b31cd7362e2cc,,businessid_28,"Located at 225 S Royal Oaks Blvd in Franklin, TN, this establishment offers a range of services for animal lovers, including Veterinarians, Pets, Pet Groomers, Pet Services, Pet Boarding, and Pet Sitting.","{""Monday"": ""7:0-18:0"", ""Tuesday"": ""7:0-18:0"", ""Wednesday"": ""7:0-18:0"", ""Thursday"": ""7:0-18:0"", ""Friday"": ""7:0-18:0"", ""Saturday"": ""7:30-13:0""}",1,Battleground Hospital For Animals,19
6859a000fe8b31cd7362e2cd,"{""BusinessAcceptsCreditCards"": ""False"", ""BusinessAcceptsBitcoin"": ""False"", ""ByAppointmentOnly"": ""False""}",businessid_57,"Located at 13605 W Hillsborough Ave in Tampa, FL, this versatile establishment offers a range of services and dining options, including Movers, American (New), Landscape Architects, Food, Home Services, Self Storage, Local Services, Restaurants.",,1,Big Boys Moving And Storage,66
6859a000fe8b31cd7362e2ce,"{""RestaurantsAttire"": ""u'casual'"", ""Alcohol"": ""u'none'"", ""OutdoorSeating"": ""False"", ""RestaurantsGoodForGroups"": ""True"", ""WiFi"": ""u'no'"", ""RestaurantsTakeOut"": ""True"", ""RestaurantsPriceRange2"": ""1"", ""BusinessAcceptsCreditCards"": ""True"", ""RestaurantsDelivery"": ""False"", ""BikeParking"": ""True"", ""NoiseLevel"": ""u'average'"", ""GoodForKids"": ""True"", ""Caters"": ""True"", ""RestaurantsReservations"": ""False"", ""BusinessParking"": ""{'garage': False, 'street': False, 'validated': False, 'lot': False, 'valet': False}"", ""GoodForMeal"": ""{'dessert': False, 'latenight': None, 'lunch': True, 'dinner': None, 'brunch': None, 'breakfast': None}"", ""HasTV"": ""True"", ""Ambience"": ""{'touristy': False, 'hipster': False, 'romantic': False, 'divey': None, 'intimate': False, 'trendy': False, 'upscale': False, 'classy': False, 'casual': None}""}",businessid_27,"Located at 2253 Oddie Blvd in Sparks, NV, this establishment offers a delightful dining experience featuring a diverse menu in the category of Restaurants, Chinese.",,1,Egg Roll King Two,37
6859a000fe8b31cd7362e2cf,"{""BusinessAcceptsCreditCards"": ""True"", ""ByAppointmentOnly"": ""False""}",businessid_75,"Located at 4625 E Street Rd in Feasterville Trevose, PA, this business offers a wide range of products and services in the categories of Home & Garden, Shopping, Home Services, and Lighting Fixtures & Equipment.","{""Monday"": ""10:0-17:0"", ""Tuesday"": ""10:0-17:0"", ""Wednesday"": ""10:0-17:0"", ""Thursday"": ""10:0-20:0"", ""Friday"": ""10:0-18:0"", ""Saturday"": ""10:0-17:0""}",1,Light World,6
6859a000fe8b31cd7362e2d0,"{""GoodForKids"": ""True""}",businessid_34,"Situated at 435 Confluence Tower Dr in Hartford, IL, this site is a notable destination showcasing Landmarks & Historical Buildings, offering a taste of Local Flavor, and providing essential Public Services & Government.",,1,Lewis and Clark Confluence Tower,11
6859a000fe8b31cd7362e2d1,"{""BusinessParking"": ""{'garage': False, 'street': True, 'validated': False, 'lot': False, 'valet': False}"", ""ByAppointmentOnly"": ""False"", ""RestaurantsPriceRange2"": ""2"", ""BusinessAcceptsCreditCards"": ""True""}",businessid_2,"Located at 910 N 2nd St in Philadelphia, PA, this vibrant destination offers an exquisite selection of Shopping, Fashion, Women's Clothing, Jewelry, Accessories.","{""Wednesday"": ""12:0-19:0"", ""Thursday"": ""12:0-19:0"", ""Friday"": ""12:0-19:0"", ""Saturday"": ""12:0-19:0"", ""Sunday"": ""12:0-18:0""}",0,Bloom,15
6859a000fe8b31cd7362e2d2,"{""RestaurantsDelivery"": ""True"", ""RestaurantsTakeOut"": ""True""}",businessid_19,"This vibrant spot at 4105 Gunn Hwy in Tampa, FL, offers a delightful selection of Restaurants, Peruvian, Food, Food Trucks, perfect for those seeking unique and flavorful dining experiences on the go.",,1,Kallejon 813,6
6859a000fe8b31cd7362e2d3,"{""RestaurantsGoodForGroups"": ""True"", ""RestaurantsTakeOut"": ""True"", ""BusinessAcceptsCreditCards"": ""True"", ""RestaurantsReservations"": ""True"", ""OutdoorSeating"": ""True"", ""BusinessParking"": ""{'garage': False, 'street': False, 'validated': False, 'lot': False, 'valet': False}"", ""RestaurantsPriceRange2"": ""2"", ""RestaurantsAttire"": ""u'casual'"", ""GoodForKids"": ""True"", ""Alcohol"": ""u'full_bar'"", ""Ambience"": ""{'romantic': False, 'intimate': False, 'touristy': False, 'hipster': False, 'divey': False, 'classy': False, 'trendy': False, 'upscale': False, 'casual': False}"", ""RestaurantsDelivery"": ""False"", ""Caters"": ""False"", ""NoiseLevel"": ""u'average'"", ""HasTV"": ""True""}",businessid_48,"Located at 10180 N Oracle Rd in Oro Valley, AZ, this establishment offers a delightful selection of Pizza, Restaurants for all your dining needs.","{""Monday"": ""11:0-23:0"", ""Tuesday"": ""11:0-23:0"", ""Wednesday"": ""11:0-23:0"", ""Thursday"": ""11:0-23:0"", ""Friday"": ""11:0-0:0"", ""Saturday"": ""11:0-0:0"", ""Sunday"": ""11:0-22:0""}",0,The Loop Taste of Chicago,11
6859a000fe8b31cd7362e2d4,"{""WheelchairAccessible"": ""True"", ""DogsAllowed"": ""False"", ""RestaurantsTakeOut"": ""True"", ""HappyHour"": ""False"", ""RestaurantsDelivery"": ""True"", ""BusinessAcceptsCreditCards"": ""True"", ""Corkage"": ""False"", ""HasTV"": ""True"", ""BusinessAcceptsBitcoin"": ""False"", ""BusinessParking"": ""{'garage': False, 'street': False, 'validated': False, 'lot': True, 'valet': False}"", ""RestaurantsTableService"": ""True"", ""Alcohol"": ""u'none'"", ""RestaurantsGoodForGroups"": ""True"", ""WiFi"": ""u'free'"", ""NoiseLevel"": ""u'average'"", ""RestaurantsReservations"": ""True"", ""BYOB"": ""True"", ""OutdoorSeating"": ""False"", ""GoodForMeal"": ""{'dessert': False, 'latenight': False, 'lunch': False, 'dinner': False, 'brunch': False, 'breakfast': False}"", ""BikeParking"": ""True"", ""Ambience"": ""{u'divey': False, u'hipster': None, u'casual': True, u'touristy': None, u'trendy': None, u'intimate': None, u'romantic': False, u'classy': None, u'upscale': None}"", ""Caters"": ""True""}",businessid_67,"Located at 1501 W Chester Pike in Havertown, PA, this eatery specializes in Vietnamese, Soup, Restaurants, Noodles, offering a delightful array of flavorful dishes.","{""Monday"": ""0:0-0:0"", ""Tuesday"": ""11:0-21:0"", ""Wednesday"": ""11:0-21:0"", ""Thursday"": ""11:0-16:0"", ""Friday"": ""11:0-21:30"", ""Saturday"": ""11:0-21:30"", ""Sunday"": ""11:0-21:0""}",1,Hanoi's Pho,70
6859a000fe8b31cd7362e2d5,"{""WiFi"": ""u'no'"", ""Alcohol"": ""u'none'"", ""DogsAllowed"": ""False""}",businessid_7,"Located at 170 E Eagles Gate Dr in Eagle, ID, this establishment offers a vibrant experience in the realm of Cinema, Arts & Entertainment.","{""Monday"": ""11:0-23:30"", ""Tuesday"": ""11:0-23:30"", ""Wednesday"": ""11:0-23:30"", ""Thursday"": ""11:0-23:30"", ""Friday"": ""11:0-23:30"", ""Saturday"": ""11:0-23:30"", ""Sunday"": ""11:0-23:30""}",1,Eagle Luxe Reel Theatre,24
6859a000fe8b31cd7362e2d6,"{""RestaurantsPriceRange2"": ""2"", ""WiFi"": ""u'free'""}",businessid_51,"Situated at 3109 N Ola Ave in Tampa, FL, this establishment offers a range of services in the hospitality sector, including Hotels & Travel, Hostels, Bed & Breakfast, Hotels, and Event Planning & Services.","{""Monday"": ""10:0-22:0"", ""Tuesday"": ""10:0-22:0"", ""Wednesday"": ""10:0-22:0"", ""Thursday"": ""10:0-22:0"", ""Friday"": ""10:0-22:0"", ""Saturday"": ""10:0-22:0"", ""Sunday"": ""10:0-22:0""}",1,Gram's Place,40
6859a000fe8b31cd7362e2d7,"{""RestaurantsPriceRange2"": ""1"", ""BusinessParking"": ""{'garage': False, 'street': False, 'validated': False, 'lot': True, 'valet': False}"", ""BusinessAcceptsCreditCards"": ""True"", ""BikeParking"": ""True""}",businessid_76,"Located at 8401 Michigan Rd in Indianapolis, IN, this shopping destination offers a diverse range of products across various categories, including Fashion, Department Stores, Furniture Stores, Shopping, Home Decor, Home & Garden, and Discount Store.","{""Monday"": ""0:0-0:0"", ""Tuesday"": ""7:0-22:0"", ""Wednesday"": ""7:0-22:0"", ""Thursday"": ""7:0-22:0"", ""Friday"": ""7:0-22:0"", ""Saturday"": ""7:0-22:0"", ""Sunday"": ""7:0-22:0""}",1,Big Lots,9
6859a000fe8b31cd7362e2d8,"{""BusinessAcceptsCreditCards"": ""True"", ""ByAppointmentOnly"": ""True""}",businessid_100,"Located at 201 S Lincoln Ave in Newtown, PA, this business offers a range of solutions including Home Services, Heating & Air Conditioning/HVAC, Local Services, Appliances & Repair, and Water Heater Installation/Repair.","{""Monday"": ""0:0-0:0"", ""Tuesday"": ""0:0-0:0"", ""Wednesday"": ""0:0-0:0"", ""Thursday"": ""0:0-0:0"", ""Friday"": ""0:0-0:0"", ""Saturday"": ""0:0-0:0"", ""Sunday"": ""0:0-0:0""}",1,Service First Heating & Air Conditioning,7
6859a000fe8b31cd7362e2d9,"{""Caters"": ""False"", ""Alcohol"": ""'none'"", ""RestaurantsGoodForGroups"": ""True"", ""RestaurantsPriceRange2"": ""1"", ""RestaurantsReservations"": ""False"", ""WiFi"": ""'no'"", ""GoodForKids"": ""True"", ""RestaurantsAttire"": ""'casual'"", ""BusinessParking"": ""{'garage': False, 'street': False, 'validated': False, 'lot': False, 'valet': False}"", ""NoiseLevel"": ""'quiet'"", ""RestaurantsDelivery"": ""False"", ""OutdoorSeating"": ""False"", ""Ambience"": ""{'romantic': False, 'intimate': False, 'classy': False, 'hipster': False, 'divey': False, 'touristy': False, 'trendy': False, 'upscale': False, 'casual': False}"", ""RestaurantsTakeOut"": ""False""}",businessid_5,"Located at 10728 124 Street in Edmonton, AB, this inviting spot offers a delightful menu perfect for anyone looking to enjoy a satisfying meal, specializing in Breakfast & Brunch, Restaurants.",,1,Simply Done Cafe,5
6859a000fe8b31cd7362e2da,"{""BusinessParking"": ""{'garage': False, 'street': False, 'validated': False, 'lot': True, 'valet': False}"", ""BusinessAcceptsCreditCards"": ""True"", ""WheelchairAccessible"": ""True"", ""BusinessAcceptsBitcoin"": ""False"", ""ByAppointmentOnly"": ""False"", ""BikeParking"": ""True"", ""DogsAllowed"": ""True""}",businessid_63,"Located at 400 Reed Rd in Broomall, PA, this establishment offers a diverse range of options in Home Services, Shopping, Building Supplies, Home & Garden, Contractors, and Furniture Stores.","{""Monday"": ""8:0-17:0"", ""Tuesday"": ""8:0-17:0"", ""Wednesday"": ""8:0-17:0"", ""Thursday"": ""8:0-17:0"", ""Friday"": ""8:0-17:0"", ""Saturday"": ""8:0-12:0""}",1,The Iron Shop,6
6859a000fe8b31cd7362e2db,"{""BusinessParking"": ""{'garage': False, 'street': False, 'validated': False, 'lot': True, 'valet': False}"", ""RestaurantsPriceRange2"": ""2"", ""BikeParking"": ""True"", ""BusinessAcceptsCreditCards"": ""True"", ""RestaurantsTakeOut"": ""True"", ""DogsAllowed"": ""False"", ""Caters"": ""True"", ""NoiseLevel"": ""u'quiet'"", ""GoodForKids"": ""True"", ""RestaurantsDelivery"": ""True""}",businessid_45,"Located at 2900 4th St N in St. Petersburg, FL, this establishment offers a diverse range of products and services in the categories of Food, Grocery, Shopping.","{""Monday"": ""8:0-21:0"", ""Tuesday"": ""7:0-22:0"", ""Wednesday"": ""7:0-22:0"", ""Thursday"": ""7:0-16:0"", ""Friday"": ""8:0-21:0"", ""Saturday"": ""8:0-21:0"", ""Sunday"": ""8:0-16:0""}",1,The Fresh Market,113
6859a000fe8b31cd7362e2dc,"{""RestaurantsPriceRange2"": ""2"", ""BusinessParking"": ""{'valet': False, 'garage': False, 'street': False, 'lot': False, 'validated': False}"", ""BusinessAcceptsCreditCards"": ""True"", ""ByAppointmentOnly"": ""False"", ""BikeParking"": ""True""}",businessid_68,"Located at 593 Brandon Town Ctr in Brandon, FL, this establishment offers a range of services in the categories of Beauty & Spas, Hair Removal, and Eyebrow Services.",,1,Brow Art,27
6859a000fe8b31cd7362e2dd,"{""OutdoorSeating"": ""True"", ""WiFi"": ""'free'"", ""RestaurantsPriceRange2"": ""1"", ""BusinessParking"": ""{'garage': False, 'street': True, 'validated': False, 'lot': False, 'valet': False}"", ""Smoking"": ""u'outdoor'"", ""HappyHour"": ""True"", ""RestaurantsTakeOut"": ""True"", ""BestNights"": ""{'monday': True, 'tuesday': False, 'friday': True, 'wednesday': False, 'thursday': False, 'sunday': False, 'saturday': True}"", ""HasTV"": ""True"", ""CoatCheck"": ""False"", ""Ambience"": ""{'romantic': False, 'intimate': False, 'classy': False, 'hipster': True, 'divey': False, 'touristy': False, 'trendy': False, 'upscale': False, 'casual': True}"", ""BusinessAcceptsBitcoin"": ""False"", ""RestaurantsAttire"": ""'casual'"", ""Music"": ""{'dj': False, 'background_music': False, 'no_music': False, 'jukebox': False, 'live': False, 'video': False, 'karaoke': False}"", ""RestaurantsTableService"": ""False"", ""Alcohol"": ""u'full_bar'"", ""GoodForMeal"": ""{'dessert': False, 'latenight': False, 'lunch': False, 'dinner': False, 'brunch': False, 'breakfast': True}"", ""Caters"": ""True"", ""GoodForKids"": ""True"", ""BikeParking"": ""True"", ""RestaurantsReservations"": ""False"", ""BusinessAcceptsCreditCards"": ""True"", ""DogsAllowed"": ""True"", ""NoiseLevel"": ""u'average'"", ""WheelchairAccessible"": ""True"", ""RestaurantsGoodForGroups"": ""True"", ""RestaurantsDelivery"": ""False""}",businessid_6,"Located at 246 W 1st St in Reno, NV, this vibrant destination offers a delightful mix of Restaurants, Breakfast & Brunch, Bars, Wine Bars, Coffee & Tea, Food, Cafes, Sandwiches, and Nightlife, making it an ideal spot for any meal or occasion.","{""Monday"": ""7:0-23:0"", ""Tuesday"": ""7:0-23:0"", ""Wednesday"": ""7:0-23:0"", ""Thursday"": ""7:0-23:0"", ""Friday"": ""7:0-0:0"", ""Saturday"": ""7:0-0:0"", ""Sunday"": ""7:0-23:0""}",0,The Jungle,267
6859a000fe8b31cd7362e2de,"{""BikeParking"": ""True"", ""WheelchairAccessible"": ""True"", ""WiFi"": ""u'no'"", ""Caters"": ""True"", ""RestaurantsTableService"": ""True"", ""Alcohol"": ""u'none'"", ""RestaurantsGoodForGroups"": ""True"", ""HasTV"": ""True"", ""Corkage"": ""False"", ""RestaurantsTakeOut"": ""True"", ""DogsAllowed"": ""False"", ""OutdoorSeating"": ""False"", ""BYOB"": ""False"", ""BusinessAcceptsCreditCards"": ""True"", ""RestaurantsDelivery"": ""True""}",businessid_87,"Located at 6416 W Washington St in Indianapolis, IN, this establishment offers a delightful menu featuring Restaurants, Chicken Wings, Fish & Chips, and American (Traditional) cuisine.","{""Monday"": ""10:0-23:0"", ""Tuesday"": ""10:0-23:0"", ""Wednesday"": ""10:0-23:0"", ""Thursday"": ""10:0-23:0"", ""Friday"": ""10:0-23:0"", ""Saturday"": ""10:0-23:0"", ""Sunday"": ""11:0-22:0""}",1,Jordans Fish and Chicken,10
6859a000fe8b31cd7362e2df,,businessid_78,"Located at 2904 S 70th St in Philadelphia, PA, this facility provides essential services in the areas of Public Services & Government, Departments of Motor Vehicles.",,1,PennDOT,8
6859a000fe8b31cd7362e2e0,,businessid_79,"Located at 838-842 Christian St in Philadelphia, PA, this establishment offers a wide range of services including Pet Groomers, Pet Stores, Pet Training, Dog Walkers, Pet Services, Pets, and Pet Sitting.","{""Monday"": ""6:30-19:0"", ""Tuesday"": ""6:30-19:0"", ""Wednesday"": ""6:30-19:0"", ""Thursday"": ""6:30-19:0"", ""Friday"": ""6:30-19:0"", ""Saturday"": ""8:0-17:0"", ""Sunday"": ""8:0-17:0""}",1,Pit Stop HQ,65
6859a000fe8b31cd7362e2e1,"{""BusinessAcceptsCreditCards"": ""True"", ""RestaurantsReservations"": ""False"", ""RestaurantsGoodForGroups"": ""True"", ""NoiseLevel"": ""u'average'"", ""RestaurantsAttire"": ""'casual'"", ""OutdoorSeating"": ""True"", ""Alcohol"": ""u'none'"", ""GoodForKids"": ""True"", ""RestaurantsPriceRange2"": ""1"", ""Ambience"": ""{'touristy': False, 'hipster': False, 'romantic': False, 'divey': False, 'intimate': False, 'trendy': False, 'upscale': False, 'classy': False, 'casual': False}"", ""RestaurantsTakeOut"": ""True"", ""BikeParking"": ""True"", ""GoodForMeal"": ""{'dessert': False, 'latenight': False, 'lunch': False, 'dinner': False, 'brunch': False, 'breakfast': False}"", ""HasTV"": ""True"", ""RestaurantsDelivery"": ""True"", ""DriveThru"": ""False"", ""Caters"": ""True"", ""BusinessParking"": ""{'garage': False, 'street': False, 'validated': False, 'lot': True, 'valet': False}""}",businessid_66,"Located at 3849 State St. Space I-58 in Santa Barbara, CA, this establishment offers a variety of quick and delicious options in the categories of Fast Food, Chinese, Restaurants.","{""Monday"": ""10:30-20:0"", ""Tuesday"": ""10:30-20:0"", ""Wednesday"": ""10:30-20:0"", ""Thursday"": ""10:30-20:0"", ""Friday"": ""10:30-20:0"", ""Saturday"": ""10:30-20:0"", ""Sunday"": ""10:30-20:0""}",1,Panda Express,51
6859a000fe8b31cd7362e2e2,"{""BikeParking"": ""True"", ""RestaurantsDelivery"": ""False"", ""BusinessAcceptsCreditCards"": ""True"", ""DogsAllowed"": ""True"", ""RestaurantsTakeOut"": ""False"", ""WheelchairAccessible"": ""True"", ""RestaurantsPriceRange2"": ""2"", ""WiFi"": ""u'free'"", ""Caters"": ""False"", ""BusinessParking"": ""{'garage': False, 'street': False, 'validated': False, 'lot': True, 'valet': False}"", ""BusinessAcceptsBitcoin"": ""False""}",businessid_55,"Located at 1003 4th St N in St. Petersburg, FL, this delightful spot offers a variety of treats including Ice Cream & Frozen Yogurt, Shaved Ice, Food, and Desserts.","{""Monday"": ""0:0-0:0"", ""Thursday"": ""13:30-21:0"", ""Friday"": ""13:30-22:0"", ""Saturday"": ""13:30-22:0"", ""Sunday"": ""12:30-21:0""}",1,Uptown Snoballs and Ice Cream,43
6859a000fe8b31cd7362e2e3,"{""BusinessAcceptsCreditCards"": ""True"", ""ByAppointmentOnly"": ""False""}",businessid_30,"Located at 13795 St Charles Rock Rd in Bridgeton, MO, this business offers a wide range of services and products, including Home & Garden, Garage Door Services, Shopping, Roofing, Contractors, Windows Installation, Hardware Stores, and Home Services.","{""Monday"": ""0:0-0:0"", ""Tuesday"": ""7:30-16:30"", ""Wednesday"": ""7:30-16:30"", ""Thursday"": ""7:30-16:30"", ""Friday"": ""7:30-16:30""}",1,Dalco Home Remodeling,6
6859a000fe8b31cd7362e2e4,"{""ByAppointmentOnly"": ""True""}",businessid_80,"Located at 3434 Prytania St, Ste 250 in New Orleans, LA, this facility offers comprehensive services from experienced professionals in the fields of Optometrists, Ophthalmologists, Doctors, Health & Medical.",,1,New Orleans Eye Specialists,9
6859a000fe8b31cd7362e2e5,"{""BusinessAcceptsCreditCards"": ""True""}",businessid_15,"Located at 3803 Gen Degaulle Dr in New Orleans, LA, this establishment specializes in Automotive, Oil Change Stations, providing efficient service for all your vehicle maintenance needs.","{""Monday"": ""0:0-0:0"", ""Tuesday"": ""7:0-19:0"", ""Wednesday"": ""7:0-19:0"", ""Thursday"": ""7:0-19:0"", ""Friday"": ""7:0-19:0"", ""Saturday"": ""7:0-18:0"", ""Sunday"": ""10:0-16:0""}",1,Take 5 Oil Change,19
6859a000fe8b31cd7362e2e6,"{""Alcohol"": ""u'full_bar'"", ""OutdoorSeating"": ""True"", ""RestaurantsPriceRange2"": ""3"", ""RestaurantsReservations"": ""True"", ""Caters"": ""False"", ""HasTV"": ""False"", ""BusinessParking"": ""{'garage': False, 'street': True, 'validated': False, 'lot': False, 'valet': False}"", ""GoodForKids"": ""False"", ""RestaurantsGoodForGroups"": ""False"", ""BusinessAcceptsCreditCards"": ""True"", ""BikeParking"": ""True"", ""NoiseLevel"": ""u'average'"", ""WiFi"": ""u'no'"", ""RestaurantsDelivery"": ""False"", ""BestNights"": ""{'monday': False, 'tuesday': False, 'friday': False, 'wednesday': False, 'thursday': False, 'sunday': False, 'saturday': False}"", ""CoatCheck"": ""False"", ""HappyHour"": ""False"", ""Music"": ""{'dj': False, 'background_music': False, 'no_music': False, 'jukebox': None, 'live': None, 'video': False, 'karaoke': None}"", ""RestaurantsAttire"": ""u'casual'"", ""GoodForDancing"": ""False"", ""WheelchairAccessible"": ""True"", ""GoodForMeal"": ""{'dessert': False, 'latenight': False, 'lunch': False, 'dinner': True, 'brunch': False, 'breakfast': False}"", ""RestaurantsTakeOut"": ""True"", ""Ambience"": ""{'touristy': False, 'hipster': False, 'romantic': False, 'divey': False, 'intimate': False, 'trendy': False, 'upscale': False, 'classy': True, 'casual': False}"", ""RestaurantsTableService"": ""True""}",businessid_96,"Located at 3257 Ivanhoe Ave in Saint Louis, MO, this establishment offers a vibrant atmosphere perfect for enjoying a diverse selection of experiences, including Wine Bars, American (New), Cocktail Bars, Restaurants, American (Traditional), Nightlife, and Bars.","{""Wednesday"": ""17:30-21:0"", ""Thursday"": ""17:30-21:0"", ""Friday"": ""17:30-21:0"", ""Saturday"": ""17:30-21:0""}",1,Farmhaus Restaurant,324
6859a000fe8b31cd7362e2e7,"{""BusinessAcceptsCreditCards"": ""True"", ""ByAppointmentOnly"": ""True"", ""AcceptsInsurance"": ""True""}",businessid_11,"Located at 14335 Manchester Rd in Ballwin, MO, this practice offers a range of services in Cosmetic Dentists, Periodontists, Dentists, Health & Medical, General Dentistry to cater to all your oral health needs.","{""Monday"": ""0:0-0:0"", ""Tuesday"": ""14:0-16:0"", ""Wednesday"": ""12:0-15:0"", ""Thursday"": ""14:0-16:0"", ""Friday"": ""8:0-13:0""}",1,"Allan Link,DMD - The DentaLink",10
6859a000fe8b31cd7362e2e8,"{""BusinessAcceptsBitcoin"": ""False"", ""ByAppointmentOnly"": ""False"", ""BusinessAcceptsCreditCards"": ""True""}",businessid_73,"Located in St. Petersburg, FL, this business specializes in Home Services, Pool Cleaners, providing top-notch maintenance and cleaning solutions for your swimming pool.","{""Monday"": ""9:0-17:0"", ""Tuesday"": ""9:0-17:0"", ""Wednesday"": ""9:0-17:0"", ""Thursday"": ""9:0-17:0"", ""Friday"": ""9:0-17:0""}",1,Biggest Little Pools,6
6859a000fe8b31cd7362e2e9,"{""ByAppointmentOnly"": ""True"", ""BusinessAcceptsCreditCards"": ""True"", ""AcceptsInsurance"": ""True""}",businessid_4,"Located at 2050 Bluestone Dr in St. Charles, MO, this facility specializes in Health & Medical, Pediatric Dentists, Dentists, offering comprehensive dental care for children and families.","{""Monday"": ""8:0-17:0"", ""Tuesday"": ""8:0-17:0"", ""Wednesday"": ""8:0-17:0"", ""Thursday"": ""8:0-17:0"", ""Friday"": ""8:0-17:0"", ""Saturday"": ""8:0-12:0""}",1,Dentistry for Children and Adolescents - St. Charles,11
6859a000fe8b31cd7362e2ea,"{""RestaurantsPriceRange2"": ""2"", ""BusinessAcceptsCreditCards"": ""True"", ""WiFi"": ""u'free'""}",businessid_77,"Located at 900 Packer Ave in Philadelphia, PA, this establishment offers a range of services in Hotels & Travel, Venues & Event Spaces, Hotels, and Event Planning & Services, making it an ideal choice for travelers and event organizers alike.","{""Monday"": ""0:0-0:0"", ""Tuesday"": ""0:0-0:0"", ""Wednesday"": ""0:0-0:0"", ""Thursday"": ""0:0-0:0"", ""Friday"": ""0:0-0:0"", ""Saturday"": ""0:0-0:0"", ""Sunday"": ""0:0-0:0""}",0,Holiday Inn Philadelphia Stadium,85
6859a000fe8b31cd7362e2eb,"{""BusinessAcceptsCreditCards"": ""True"", ""BusinessParking"": ""{'garage': False, 'street': False, 'validated': False, 'lot': False, 'valet': False}"", ""BikeParking"": ""True"", ""RestaurantsPriceRange2"": ""3""}",businessid_18,"Located at 690 W Dekalb Pike in King Of Prussia, PA, this store offers a diverse selection of products in categories such as Home Decor, Furniture Stores, Mattresses, Shopping, and Home & Garden.","{""Monday"": ""10:0-21:0"", ""Tuesday"": ""10:0-21:0"", ""Wednesday"": ""10:0-21:0"", ""Thursday"": ""10:0-21:0"", ""Friday"": ""10:0-21:0"", ""Saturday"": ""10:0-21:0"", ""Sunday"": ""11:0-18:0""}",1,Sleep Number,10
6859a000fe8b31cd7362e2ec,"{""NoiseLevel"": ""u'average'"", ""RestaurantsDelivery"": ""False"", ""GoodForKids"": ""True"", ""RestaurantsTakeOut"": ""True"", ""RestaurantsGoodForGroups"": ""True"", ""Alcohol"": ""u'full_bar'"", ""BusinessAcceptsCreditCards"": ""True"", ""RestaurantsPriceRange2"": ""2"", ""RestaurantsAttire"": ""u'casual'"", ""RestaurantsReservations"": ""False"", ""OutdoorSeating"": ""False"", ""Caters"": ""False"", ""HasTV"": ""True"", ""Ambience"": ""{'romantic': False, 'intimate': False, 'classy': False, 'hipster': False, 'divey': False, 'touristy': False, 'trendy': False, 'upscale': False, 'casual': True}"", ""BikeParking"": ""True"", ""BusinessParking"": ""{'garage': False, 'street': False, 'validated': False, 'lot': True, 'valet': False}""}",businessid_65,"Located at 5198 Allisonville Rd in Indianapolis, IN, this venue offers a vibrant atmosphere perfect for enjoying Irish, Bars, Restaurants, Pubs, Nightlife.","{""Monday"": ""11:0-0:0"", ""Tuesday"": ""11:0-0:0"", ""Wednesday"": ""11:0-0:0"", ""Thursday"": ""11:0-0:0"", ""Friday"": ""11:0-1:0"", ""Saturday"": ""11:0-1:0""}",0,Pat Flynn's Public House,18
6859a000fe8b31cd7362e2ed,"{""RestaurantsTakeOut"": ""True"", ""BusinessAcceptsBitcoin"": ""False"", ""OutdoorSeating"": ""True"", ""Caters"": ""True"", ""WheelchairAccessible"": ""True"", ""WiFi"": ""u'free'"", ""HappyHour"": ""False"", ""Alcohol"": ""u'none'"", ""RestaurantsDelivery"": ""True"", ""NoiseLevel"": ""'quiet'"", ""RestaurantsTableService"": ""False"", ""BikeParking"": ""True"", ""GoodForKids"": ""True"", ""RestaurantsReservations"": ""False"", ""BusinessAcceptsCreditCards"": ""True"", ""RestaurantsPriceRange2"": ""2"", ""GoodForMeal"": ""{'dessert': False, 'latenight': False, 'lunch': True, 'dinner': True, 'brunch': False, 'breakfast': False}"", ""Ambience"": ""{'touristy': False, 'hipster': False, 'romantic': False, 'divey': False, 'intimate': False, 'trendy': True, 'upscale': False, 'classy': False, 'casual': True}"", ""HasTV"": ""False"", ""RestaurantsGoodForGroups"": ""False"", ""BusinessParking"": ""{'garage': False, 'street': True, 'validated': False, 'lot': True, 'valet': False}"", ""RestaurantsAttire"": ""'casual'""}",businessid_86,"Located at 705 East Passyunk Ave in Philadelphia, PA, this vibrant eatery offers a diverse menu featuring American (New), Restaurants, American (Traditional), Asian Fusion, Noodles, Dim Sum, Fast Food, Chinese, catering to a variety of tastes and preferences.","{""Wednesday"": ""12:0-21:0"", ""Thursday"": ""12:0-21:0"", ""Friday"": ""12:0-21:0"", ""Saturday"": ""12:0-21:0"", ""Sunday"": ""12:0-21:0""}",0,Humpty's Dumplings,69
6859a000fe8b31cd7362e2ee,"{""RestaurantsPriceRange2"": ""1"", ""Ambience"": ""{'touristy': False, 'hipster': False, 'romantic': False, 'divey': False, 'intimate': False, 'trendy': False, 'upscale': False, 'classy': False, 'casual': False}"", ""GoodForMeal"": ""{'dessert': False, 'latenight': False, 'lunch': False, 'dinner': False, 'brunch': False, 'breakfast': False}"", ""BusinessAcceptsCreditCards"": ""True"", ""NoiseLevel"": ""u'quiet'"", ""BusinessParking"": ""{'garage': False, 'street': False, 'validated': False, 'lot': False, 'valet': False}"", ""RestaurantsGoodForGroups"": ""True"", ""RestaurantsDelivery"": ""True"", ""OutdoorSeating"": ""True"", ""GoodForKids"": ""True"", ""RestaurantsAttire"": ""u'casual'"", ""RestaurantsTakeOut"": ""True"", ""Alcohol"": ""u'none'""}",businessid_53,"Located at 1040 N American St, Ste 1101 in Philadelphia, PA, this eatery offers a diverse menu featuring Salad, Sandwiches, Restaurants, and Burgers.",,0,Samwich,7
6859a000fe8b31cd7362e2ef,"{""BusinessAcceptsCreditCards"": ""True"", ""WheelchairAccessible"": ""True"", ""WiFi"": ""u'free'""}",businessid_40,"Located at 4457 Main St in Philadelphia, PA, this establishment specializes in Venues & Event Spaces, Event Planning & Services, making it an ideal choice for hosting memorable gatherings and celebrations.","{""Monday"": ""9:0-17:0"", ""Tuesday"": ""9:0-17:0"", ""Wednesday"": ""9:0-17:0"", ""Thursday"": ""9:0-17:0"", ""Friday"": ""9:0-17:0""}",1,Artesano Gallery & Iron Works,22
6859a000fe8b31cd7362e2f0,"{""RestaurantsReservations"": ""False"", ""OutdoorSeating"": ""False"", ""RestaurantsPriceRange2"": ""2"", ""GoodForKids"": ""True"", ""HasTV"": ""True"", ""BusinessParking"": ""{'garage': False, 'street': True, 'validated': False, 'lot': False, 'valet': False}"", ""RestaurantsTakeOut"": ""True"", ""BikeParking"": ""True"", ""BusinessAcceptsCreditCards"": ""True"", ""RestaurantsAttire"": ""u'casual'"", ""RestaurantsGoodForGroups"": ""True"", ""NoiseLevel"": ""u'average'"", ""Alcohol"": ""u'none'"", ""RestaurantsDelivery"": ""True"", ""Caters"": ""True"", ""DogsAllowed"": ""False"", ""WiFi"": ""u'free'"", ""Ambience"": ""{u'divey': False, u'hipster': None, u'casual': True, u'touristy': False, u'trendy': None, u'intimate': False, u'romantic': False, u'classy': False, u'upscale': False}"", ""GoodForMeal"": ""{u'breakfast': True, u'brunch': True, u'lunch': None, u'dinner': None, u'latenight': True, u'dessert': None}""}",businessid_44,"Located at 2424 E York St in Philadelphia, PA, this vibrant establishment offers a delightful array of options, including Restaurants, Diners, Breakfast & Brunch, American (New), American (Traditional), Burgers, making it a perfect spot for any meal of the day.","{""Monday"": ""7:0-0:0"", ""Tuesday"": ""7:0-0:0"", ""Wednesday"": ""7:0-0:0"", ""Thursday"": ""7:0-0:0"", ""Friday"": ""0:0-0:0"", ""Saturday"": ""0:0-0:0"", ""Sunday"": ""7:0-0:0""}",1,Fishtown Diner,222
6859a000fe8b31cd7362e2f1,"{""RestaurantsGoodForGroups"": ""True"", ""BikeParking"": ""False"", ""RestaurantsReservations"": ""False"", ""Ambience"": ""{'touristy': False, 'hipster': False, 'romantic': False, 'divey': False, 'intimate': False, 'trendy': False, 'upscale': False, 'classy': False, 'casual': False}"", ""WiFi"": ""'free'"", ""Alcohol"": ""u'none'"", ""OutdoorSeating"": ""None"", ""GoodForKids"": ""True"", ""HasTV"": ""True"", ""RestaurantsAttire"": ""'casual'"", ""BusinessAcceptsCreditCards"": ""True"", ""RestaurantsPriceRange2"": ""1"", ""RestaurantsTakeOut"": ""True"", ""RestaurantsDelivery"": ""True"", ""DriveThru"": ""True"", ""BusinessParking"": ""{u'valet': False, u'garage': False, u'street': None, u'lot': None, u'validated': None}""}",businessid_43,"Located at 11425 Allisonville Road in Fishers, IN, this vibrant eatery offers a delightful menu featuring Tex-Mex, Tacos, Restaurants, Breakfast & Brunch, Sandwiches, Mexican, Fast Food, perfect for satisfying any craving at any time of day.","{""Monday"": ""7:0-1:0"", ""Tuesday"": ""7:0-1:0"", ""Wednesday"": ""7:0-1:0"", ""Thursday"": ""7:0-1:0"", ""Friday"": ""7:0-2:0"", ""Saturday"": ""7:0-2:0"", ""Sunday"": ""7:0-1:0""}",1,Taco Bell,25
6859a000fe8b31cd7362e2f2,,businessid_72,"Located at 1913 Foggy Ridge Pkwy in Lutz, FL, this establishment specializes in Auto Repair, Car Dealers, Automotive services, providing comprehensive solutions for all your vehicle needs.","{""Monday"": ""8:0-17:0"", ""Tuesday"": ""8:0-17:0"", ""Wednesday"": ""8:0-17:0"", ""Thursday"": ""8:0-17:0"", ""Friday"": ""8:0-17:0"", ""Saturday"": ""8:0-15:0""}",1,VE MOTORS,5
6859a000fe8b31cd7362e2f3,"{""HasTV"": ""False"", ""GoodForKids"": ""True"", ""Ambience"": ""{'romantic': False, 'intimate': False, 'classy': False, 'hipster': False, 'divey': False, 'touristy': False, 'trendy': False, 'upscale': False, 'casual': True}"", ""NoiseLevel"": ""u'average'"", ""RestaurantsTakeOut"": ""True"", ""BusinessParking"": ""{'garage': False, 'street': True, 'validated': False, 'lot': False, 'valet': False}"", ""GoodForMeal"": ""{'dessert': False, 'latenight': False, 'lunch': True, 'dinner': False, 'brunch': True, 'breakfast': True}"", ""WheelchairAccessible"": ""True"", ""OutdoorSeating"": ""False"", ""WiFi"": ""u'no'"", ""RestaurantsReservations"": ""True"", ""BusinessAcceptsBitcoin"": ""False"", ""RestaurantsAttire"": ""u'casual'"", ""RestaurantsDelivery"": ""True"", ""Alcohol"": ""u'none'"", ""RestaurantsTableService"": ""True"", ""Caters"": ""True"", ""BikeParking"": ""False"", ""RestaurantsPriceRange2"": ""2"", ""DogsAllowed"": ""True"", ""RestaurantsGoodForGroups"": ""True"", ""BusinessAcceptsCreditCards"": ""True""}",businessid_9,"Located at 501 Fairmount Ave in Philadelphia, PA, this inviting establishment offers a delightful menu featuring Restaurants, Breakfast & Brunch, American (New), Cafes, perfect for a cozy meal any time of the day.","{""Monday"": ""7:0-15:0"", ""Tuesday"": ""7:0-15:0"", ""Wednesday"": ""7:0-15:0"", ""Thursday"": ""7:0-15:0"", ""Friday"": ""7:0-15:0"", ""Saturday"": ""8:30-15:0"", ""Sunday"": ""8:30-15:0""}",0,Coffee House Too Cafe,53
6859a000fe8b31cd7362e2f4,"{""RestaurantsTableService"": ""False"", ""RestaurantsPriceRange2"": ""1"", ""RestaurantsAttire"": ""u'casual'"", ""BikeParking"": ""True"", ""OutdoorSeating"": ""True"", ""WheelchairAccessible"": ""True"", ""RestaurantsGoodForGroups"": ""True"", ""RestaurantsReservations"": ""False"", ""WiFi"": ""'free'"", ""GoodForMeal"": ""{'dessert': False, 'latenight': False, 'lunch': True, 'dinner': False, 'brunch': True, 'breakfast': True}"", ""BusinessParking"": ""{'garage': False, 'street': False, 'validated': False, 'lot': True, 'valet': False}"", ""GoodForKids"": ""True"", ""DriveThru"": ""True"", ""HasTV"": ""True"", ""Caters"": ""True"", ""Ambience"": ""{'touristy': False, 'hipster': False, 'romantic': False, 'divey': False, 'intimate': False, 'trendy': False, 'upscale': False, 'classy': False, 'casual': False}"", ""BusinessAcceptsCreditCards"": ""True"", ""RestaurantsDelivery"": ""False"", ""RestaurantsTakeOut"": ""True"", ""Alcohol"": ""u'none'""}",businessid_20,"Located at 9040 State Road 54 in Trinity, FL, this establishment offers a diverse array of options, including Restaurants, American (New), Caterers, Fast Food, Chicken Shop, Event Planning & Services, and American (Traditional).","{""Monday"": ""0:0-0:0"", ""Tuesday"": ""7:0-20:0"", ""Wednesday"": ""7:0-20:0"", ""Thursday"": ""7:0-20:0"", ""Friday"": ""11:0-21:0"", ""Saturday"": ""7:0-16:0""}",1,Chick-fil-A,67
6859a000fe8b31cd7362e2f5,"{""BusinessAcceptsCreditCards"": ""True"", ""GoodForKids"": ""False"", ""BusinessParking"": ""{'garage': False, 'street': False, 'validated': False, 'lot': False, 'valet': False}"", ""ByAppointmentOnly"": ""True"", ""BikeParking"": ""False""}",businessid_37,"Located at 13122 N Dale Mabry Hwy in Tampa, FL, this facility offers a comprehensive range of services in Fitness & Instruction, Gyms, Boot Camps, Trainers, Active Life, and Interval Training Gyms.",,1,Orangetheory Fitness Carrollwood,28
6859a000fe8b31cd7362e2f6,"{""ByAppointmentOnly"": ""False"", ""BusinessAcceptsCreditCards"": ""False""}",businessid_56,"Located at 3419 18th Ave S in Saint Petersburg, FL, this business offers a range of solutions in Home Services, Pest Control, and Local Services to meet the needs of the community.","{""Monday"": ""6:0-0:0"", ""Tuesday"": ""6:0-0:0"", ""Wednesday"": ""6:0-0:0"", ""Thursday"": ""6:0-0:0"", ""Friday"": ""6:0-0:0"", ""Saturday"": ""6:0-0:0"", ""Sunday"": ""6:0-0:0""}",1,Orkin,6
6859a000fe8b31cd7362e2f7,"{""BikeParking"": ""True"", ""BusinessParking"": ""{'garage': False, 'street': False, 'validated': False, 'lot': True, 'valet': False}"", ""BusinessAcceptsCreditCards"": ""True"", ""RestaurantsPriceRange2"": ""2"", ""RestaurantsTakeOut"": ""False""}",businessid_62,"Located at 8424 Sheldon Rd in Tampa, FL, this establishment offers a diverse range of products and services, including Photography Stores & Services, Shopping, Grocery, and Food.",,0,Winn Dixie,10
6859a000fe8b31cd7362e2f8,"{""GoodForKids"": ""True"", ""WiFi"": ""u'no'"", ""Caters"": ""True"", ""Ambience"": ""{'romantic': False, 'intimate': False, 'touristy': False, 'hipster': False, 'divey': False, 'classy': False, 'trendy': False, 'upscale': False, 'casual': True}"", ""BusinessAcceptsCreditCards"": ""True"", ""BusinessParking"": ""{'garage': False, 'street': False, 'validated': False, 'lot': True, 'valet': False}"", ""RestaurantsPriceRange2"": ""2"", ""RestaurantsDelivery"": ""False"", ""HasTV"": ""False"", ""RestaurantsReservations"": ""False"", ""Alcohol"": ""u'none'"", ""RestaurantsGoodForGroups"": ""True"", ""RestaurantsAttire"": ""u'casual'"", ""RestaurantsTakeOut"": ""True"", ""OutdoorSeating"": ""True"", ""NoiseLevel"": ""u'quiet'""}",businessid_94,"Located at 4320 W 96th St in Indianapolis, IN, this inviting establishment offers a diverse menu that showcases a delightful fusion of flavors across categories such as Food, Specialty Food, Ethnic Food, Modern European, Restaurants.","{""Tuesday"": ""10:0-19:0"", ""Wednesday"": ""10:0-19:0"", ""Thursday"": ""10:0-19:0"", ""Friday"": ""10:0-19:0"", ""Saturday"": ""10:0-19:0"", ""Sunday"": ""10:0-19:0""}",0,Taste of Europe,35
6859a000fe8b31cd7362e2f9,"{""GoodForKids"": ""False""}",businessid_39,"Located at 11647 Fishers Station Dr. in Fishers, IN, this facility offers a variety of services in Fitness & Instruction, Gyms, Trainers, Active Life, Boxing, catering to all levels of fitness enthusiasts.","{""Monday"": ""5:30-21:0"", ""Tuesday"": ""5:30-21:0"", ""Wednesday"": ""5:30-21:0"", ""Thursday"": ""5:30-21:0"", ""Friday"": ""5:30-19:30"", ""Saturday"": ""8:0-14:0"", ""Sunday"": ""9:0-14:0""}",0,TITLE Boxing Club,8
6859a000fe8b31cd7362e2fa,"{""RestaurantsTakeOut"": ""True"", ""RestaurantsReservations"": ""False"", ""BusinessAcceptsCreditCards"": ""True"", ""RestaurantsDelivery"": ""True""}",businessid_90,"Located at 2831 E 38th St in Indianapolis, IN, this establishment offers a diverse menu featuring Fast Food, Seafood, Restaurants, catering to a variety of tastes and preferences.","{""Monday"": ""10:30-22:0"", ""Tuesday"": ""10:30-22:0"", ""Wednesday"": ""10:30-22:0"", ""Thursday"": ""10:30-22:0"", ""Friday"": ""10:30-23:0"", ""Saturday"": ""10:30-23:0"", ""Sunday"": ""10:30-22:0""}",1,Long John Silver's,6
6859a000fe8b31cd7362e2fb,"{""BusinessAcceptsCreditCards"": ""True""}",businessid_31,"Located at 1234 Pasadena Ave S in South Pasadena, FL, this business specializes in Automotive services, offering a comprehensive Car Wash and professional Auto Detailing to keep your vehicle looking its best.","{""Monday"": ""0:0-0:0"", ""Tuesday"": ""0:0-0:0"", ""Wednesday"": ""0:0-0:0"", ""Thursday"": ""0:0-0:0"", ""Friday"": ""0:0-0:0"", ""Saturday"": ""0:0-0:0"", ""Sunday"": ""0:0-0:0""}",1,Island Way Car Wash,18
6859a000fe8b31cd7362e2fc,"{""BikeParking"": ""True"", ""RestaurantsDelivery"": ""True"", ""RestaurantsReservations"": ""False"", ""Ambience"": ""{'romantic': False, 'intimate': False, 'classy': False, 'hipster': False, 'divey': False, 'touristy': False, 'trendy': False, 'upscale': False, 'casual': False}"", ""RestaurantsAttire"": ""u'casual'"", ""BusinessAcceptsCreditCards"": ""True"", ""BusinessParking"": ""{'garage': False, 'street': True, 'validated': False, 'lot': False, 'valet': False}"", ""RestaurantsPriceRange2"": ""1"", ""Alcohol"": ""u'none'"", ""RestaurantsGoodForGroups"": ""False"", ""Caters"": ""True"", ""WiFi"": ""'no'"", ""RestaurantsTableService"": ""False"", ""OutdoorSeating"": ""True"", ""WheelchairAccessible"": ""True"", ""RestaurantsTakeOut"": ""True"", ""GoodForMeal"": ""{'dessert': True, 'latenight': True, 'lunch': False, 'dinner': False, 'brunch': False, 'breakfast': False}""}",businessid_85,"Located at 3417 Spruce St in Philadelphia, PA, this delightful spot offers a tempting selection of treats, including Ice Cream & Frozen Yogurt, Food, Food Delivery Services, Bakeries, and Desserts.","{""Monday"": ""0:0-0:0"", ""Tuesday"": ""11:0-1:0"", ""Wednesday"": ""11:0-1:0"", ""Thursday"": ""11:0-3:0"", ""Friday"": ""11:0-18:0"", ""Saturday"": ""12:0-3:0"", ""Sunday"": ""12:0-1:0""}",1,Insomnia Cookies,98
6859a000fe8b31cd7362e2fd,"{""Alcohol"": ""'none'"", ""RestaurantsDelivery"": ""True"", ""RestaurantsReservations"": ""False"", ""Ambience"": ""{'romantic': False, 'intimate': False, 'classy': False, 'hipster': False, 'divey': False, 'touristy': False, 'trendy': False, 'upscale': False, 'casual': False}"", ""RestaurantsAttire"": ""'casual'"", ""BusinessParking"": ""{'garage': False, 'street': False, 'validated': False, 'lot': True, 'valet': False}"", ""GoodForKids"": ""True"", ""BusinessAcceptsCreditCards"": ""True"", ""RestaurantsTakeOut"": ""True"", ""OutdoorSeating"": ""True"", ""Caters"": ""True"", ""DogsAllowed"": ""False"", ""RestaurantsTableService"": ""False"", ""WheelchairAccessible"": ""True"", ""HappyHour"": ""False"", ""NoiseLevel"": ""u'average'"", ""HasTV"": ""False"", ""RestaurantsPriceRange2"": ""1"", ""BusinessAcceptsBitcoin"": ""False"", ""BikeParking"": ""True"", ""RestaurantsGoodForGroups"": ""False"", ""GoodForMeal"": ""{'dessert': False, 'latenight': False, 'lunch': True, 'dinner': False, 'brunch': True, 'breakfast': False}"", ""WiFi"": ""u'free'""}",businessid_25,"Located at 5608 W Fairview Ave in Boise, ID, this charming establishment offers a delightful array of options in the categories of Food, Restaurants, Sandwiches, Breakfast & Brunch, and Bakeries.","{""Monday"": ""7:0-18:0"", ""Tuesday"": ""7:0-18:0"", ""Wednesday"": ""7:0-18:0"", ""Thursday"": ""7:0-18:0"", ""Friday"": ""7:0-18:0"", ""Saturday"": ""7:0-17:0""}",1,Great Harvest Bread Co,52
6859a000fe8b31cd7362e2fe,"{""BusinessParking"": ""{'garage': False, 'street': True, 'validated': False, 'lot': False, 'valet': False}"", ""WiFi"": ""u'free'"", ""OutdoorSeating"": ""True"", ""Alcohol"": ""'beer_and_wine'"", ""BikeParking"": ""True"", ""RestaurantsDelivery"": ""True"", ""RestaurantsGoodForGroups"": ""True"", ""NoiseLevel"": ""u'average'"", ""BYOBCorkage"": ""u'yes_free'"", ""Ambience"": ""{'touristy': False, 'hipster': False, 'romantic': False, 'divey': False, 'intimate': False, 'trendy': False, 'upscale': False, 'classy': True, 'casual': True}"", ""RestaurantsAttire"": ""u'casual'"", ""GoodForMeal"": ""{'dessert': False, 'latenight': False, 'lunch': True, 'dinner': False, 'brunch': True, 'breakfast': True}"", ""Caters"": ""True"", ""RestaurantsReservations"": ""False"", ""ByAppointmentOnly"": ""False"", ""GoodForKids"": ""True"", ""HasTV"": ""False"", ""RestaurantsPriceRange2"": ""2"", ""DogsAllowed"": ""False"", ""RestaurantsTableService"": ""True"", ""BYOB"": ""True"", ""BusinessAcceptsCreditCards"": ""True"", ""HappyHour"": ""False"", ""WheelchairAccessible"": ""False"", ""Corkage"": ""False"", ""RestaurantsTakeOut"": ""True""}",businessid_82,"Located at 1620 South St in Philadelphia, PA, this vibrant establishment offers a delightful array of options, perfect for any occasion, including Restaurants, Coffee & Tea, Food, Breakfast & Brunch, Event Planning & Services, American (Traditional), and Caterers.","{""Monday"": ""9:0-14:0"", ""Tuesday"": ""9:0-14:0"", ""Wednesday"": ""9:0-14:0"", ""Thursday"": ""9:0-14:0"", ""Friday"": ""9:0-14:0"", ""Saturday"": ""9:0-14:0"", ""Sunday"": ""9:0-14:0""}",1,Miles Table,514
6859a000fe8b31cd7362e2ff,"{""GoodForKids"": ""True"", ""BusinessAcceptsCreditCards"": ""True""}",businessid_58,"Located at 4142 W Boy Scout Blvd in Tampa, FL, this establishment offers a wide range of services and products, including Golf, Golf Equipment, Active Life, Shopping, Golf Lessons, Fitness & Instruction, and Sporting Goods.","{""Monday"": ""8:0-20:0"", ""Tuesday"": ""8:0-20:0"", ""Wednesday"": ""8:0-20:0"", ""Thursday"": ""8:0-20:0"", ""Friday"": ""8:0-18:0"", ""Saturday"": ""8:0-17:0"", ""Sunday"": ""9:0-16:0""}",1,GOLFTEC Westshore,6
6859a000fe8b31cd7362e300,"{""WiFi"": ""u'paid'"", ""NoiseLevel"": ""u'loud'"", ""Ambience"": ""{'romantic': False, 'intimate': False, 'classy': False, 'hipster': False, 'divey': False, 'touristy': False, 'trendy': False, 'upscale': False, 'casual': False}"", ""Alcohol"": ""u'full_bar'"", ""RestaurantsReservations"": ""False"", ""RestaurantsPriceRange2"": ""2"", ""RestaurantsAttire"": ""u'casual'"", ""GoodForKids"": ""False"", ""HasTV"": ""True"", ""RestaurantsDelivery"": ""False"", ""OutdoorSeating"": ""True"", ""RestaurantsGoodForGroups"": ""True"", ""BusinessParking"": ""{'garage': False, 'street': True, 'validated': False, 'lot': False, 'valet': False}"", ""RestaurantsTakeOut"": ""True"", ""BikeParking"": ""True""}",businessid_12,"Located at 7704 Calgary Trail S in Edmonton, AB, this vibrant spot offers a diverse experience with options for Pubs, Restaurants, Nightlife, Burgers, Seafood, and Bars.","{""Monday"": ""11:0-22:0"", ""Tuesday"": ""11:0-22:0"", ""Wednesday"": ""11:0-0:0"", ""Thursday"": ""11:0-2:0"", ""Friday"": ""11:0-2:0"", ""Saturday"": ""11:0-2:0"", ""Sunday"": ""11:0-22:0""}",0,Atlantic Trap & Gill Pub,27
6859a000fe8b31cd7362e301,"{""OutdoorSeating"": ""False"", ""Caters"": ""True"", ""RestaurantsReservations"": ""False"", ""RestaurantsTakeOut"": ""True"", ""WheelchairAccessible"": ""True"", ""BusinessParking"": ""{'garage': False, 'street': False, 'validated': False, 'lot': True, 'valet': False}"", ""RestaurantsDelivery"": ""True"", ""RestaurantsTableService"": ""False"", ""BikeParking"": ""True""}",businessid_99,"Located at 14035 105 Avenue NW in Edmonton, AB, this establishment offers a cozy atmosphere for enjoying delicious Pizza, Restaurants.","{""Monday"": ""11:0-22:0"", ""Tuesday"": ""11:0-22:0"", ""Wednesday"": ""11:0-22:0"", ""Thursday"": ""11:0-22:0"", ""Friday"": ""11:0-23:0"", ""Saturday"": ""11:0-23:0"", ""Sunday"": ""12:0-22:0""}",1,Glenora Pizza,5
6859a000fe8b31cd7362e302,"{""RestaurantsPriceRange2"": ""1"", ""BikeParking"": ""True"", ""Caters"": ""False"", ""BusinessParking"": ""{'garage': False, 'street': False, 'validated': False, 'lot': True, 'valet': False}"", ""BusinessAcceptsCreditCards"": ""True"", ""RestaurantsDelivery"": ""True"", ""RestaurantsTakeOut"": ""False""}",businessid_60,"Located at 8101 W Judge Perez Dr in Chalmette, LA, this versatile establishment offers a wide range of options for customers, including Food, Shopping, Fashion, Discount Store, Grocery, Electronics, Drugstores, Department Stores, ensuring that visitors can find everything they need in one convenient location.","{""Monday"": ""6:0-22:0"", ""Tuesday"": ""6:0-22:0"", ""Wednesday"": ""6:0-22:0"", ""Thursday"": ""6:0-22:0"", ""Friday"": ""6:0-22:0"", ""Saturday"": ""6:0-22:0"", ""Sunday"": ""6:0-22:0""}",1,Walmart,30
6859a000fe8b31cd7362e303,"{""BusinessAcceptsCreditCards"": ""True"", ""RestaurantsDelivery"": ""True""}",businessid_21,"Located at 10715 US Highway 19 in Port Richey, FL, this business offers a comprehensive range of services and products, including Auto Parts & Supplies, Car Dealers, Auto Repair, Automotive.","{""Monday"": ""0:0-0:0"", ""Tuesday"": ""7:0-19:0"", ""Wednesday"": ""7:0-19:0"", ""Thursday"": ""7:0-19:0"", ""Friday"": ""7:0-19:0"", ""Saturday"": ""7:0-19:0"", ""Sunday"": ""12:0-17:0""}",1,Ford of Port Richey,39
6859a000fe8b31cd7362e304,"{""BusinessAcceptsCreditCards"": ""True"", ""ByAppointmentOnly"": ""False""}",businessid_98,"Situated at 600 Red Lion Rd in Philadelphia, PA, this establishment offers a range of services in Real Estate, Apartments, and Home Services.","{""Monday"": ""9:0-18:0"", ""Tuesday"": ""9:0-18:0"", ""Wednesday"": ""9:0-18:0"", ""Thursday"": ""9:0-18:0"", ""Friday"": ""9:0-18:0"", ""Saturday"": ""9:0-17:0""}",1,Brookmont Apartment Homes,5
6859a000fe8b31cd7362e305,"{""RestaurantsTakeOut"": ""True"", ""RestaurantsDelivery"": ""False"", ""OutdoorSeating"": ""True"", ""BusinessAcceptsCreditCards"": ""True"", ""RestaurantsAttire"": ""u'casual'"", ""Alcohol"": ""u'full_bar'"", ""RestaurantsGoodForGroups"": ""True"", ""GoodForKids"": ""False"", ""RestaurantsPriceRange2"": ""2"", ""NoiseLevel"": ""u'loud'"", ""Ambience"": ""{'romantic': False, 'intimate': False, 'touristy': False, 'hipster': False, 'divey': False, 'classy': False, 'trendy': False, 'upscale': False, 'casual': True}"", ""WiFi"": ""u'free'"", ""BusinessParking"": ""{'garage': False, 'street': False, 'validated': False, 'lot': True, 'valet': False}"", ""RestaurantsReservations"": ""True"", ""HasTV"": ""True"", ""BikeParking"": ""False"", ""Caters"": ""False"", ""HappyHour"": ""True""}",businessid_16,"Located at 4901 E 82nd St, Ste 900 in Indianapolis, IN, this vibrant establishment offers a fantastic experience for those seeking American (New), Nightlife, Bars, Restaurants, Pubs.","{""Monday"": ""11:0-2:0"", ""Tuesday"": ""11:0-2:0"", ""Wednesday"": ""11:0-2:0"", ""Thursday"": ""11:0-2:0"", ""Friday"": ""11:0-2:0"", ""Saturday"": ""11:0-2:0"", ""Sunday"": ""11:0-2:0""}",0,Fox and Hound English Pub and Grille,65
6859a000fe8b31cd7362e306,"{""Smoking"": ""u'outdoor'"", ""RestaurantsReservations"": ""False"", ""WiFi"": ""u'free'"", ""WheelchairAccessible"": ""True"", ""HappyHour"": ""True"", ""RestaurantsTakeOut"": ""True"", ""RestaurantsAttire"": ""'casual'"", ""Music"": ""{'dj': False}"", ""DogsAllowed"": ""True"", ""RestaurantsGoodForGroups"": ""True"", ""Caters"": ""True"", ""RestaurantsPriceRange2"": ""2"", ""CoatCheck"": ""False"", ""BusinessParking"": ""{'garage': False, 'street': True, 'validated': False, 'lot': False, 'valet': False}"", ""OutdoorSeating"": ""True"", ""BusinessAcceptsCreditCards"": ""True"", ""RestaurantsTableService"": ""True"", ""BikeParking"": ""True"", ""BusinessAcceptsBitcoin"": ""False"", ""GoodForKids"": ""True"", ""Alcohol"": ""u'full_bar'"", ""GoodForDancing"": ""False"", ""HasTV"": ""True"", ""BestNights"": ""{'monday': False, 'tuesday': False, 'friday': True, 'wednesday': False, 'thursday': False, 'sunday': True, 'saturday': True}"", ""Ambience"": ""{'touristy': False, 'hipster': False, 'romantic': False, 'divey': False, 'intimate': False, 'trendy': False, 'upscale': False, 'classy': True, 'casual': True}"", ""NoiseLevel"": ""u'average'"", ""Corkage"": ""True"", ""RestaurantsDelivery"": ""True"", ""GoodForMeal"": ""{'dessert': None, 'latenight': False, 'lunch': True, 'dinner': True, 'brunch': False, 'breakfast': False}""}",businessid_46,"Located at 6525 Delmar Blvd in Saint Louis, MO, this vibrant establishment offers a diverse experience with options for Restaurants, American (Traditional), Barbeque, Cocktail Bars, Bars, and Nightlife.","{""Monday"": ""11:30-21:0"", ""Tuesday"": ""11:0-21:0"", ""Wednesday"": ""11:0-21:0"", ""Thursday"": ""11:0-21:0"", ""Friday"": ""11:0-22:0"", ""Saturday"": ""11:0-22:0"", ""Sunday"": ""11:0-21:0""}",1,Salt + Smoke,1742
6859a000fe8b31cd7362e307,"{""ByAppointmentOnly"": ""True"", ""BusinessAcceptsCreditCards"": ""True""}",businessid_22,"Located at 700 S Henderson Rd in King of Prussia, PA, this facility offers a range of services in the field of Doctors, Health & Medical.","{""Monday"": ""8:30-17:0"", ""Tuesday"": ""8:30-17:0"", ""Wednesday"": ""8:30-17:0"", ""Thursday"": ""8:30-17:0"", ""Friday"": ""8:30-17:0""}",1,Main Line Spine,14
6859a000fe8b31cd7362e308,"{""GoodForKids"": ""True"", ""RestaurantsGoodForGroups"": ""True"", ""BusinessAcceptsCreditCards"": ""True"", ""Alcohol"": ""u'none'"", ""RestaurantsAttire"": ""u'casual'"", ""RestaurantsTakeOut"": ""True"", ""BusinessParking"": ""{'garage': False, 'street': False, 'validated': False, 'lot': True, 'valet': False}"", ""WiFi"": ""u'no'"", ""RestaurantsPriceRange2"": ""2"", ""OutdoorSeating"": ""False"", ""BikeParking"": ""False"", ""Caters"": ""False"", ""NoiseLevel"": ""u'average'"", ""Ambience"": ""{u'divey': False, u'hipster': False, u'casual': True, u'touristy': False, u'trendy': False, u'intimate': False, u'romantic': False, u'classy': False, u'upscale': False}"", ""GoodForMeal"": ""{'dessert': False, 'latenight': False, 'lunch': True, 'dinner': True, 'brunch': False, 'breakfast': False}"", ""RestaurantsReservations"": ""False"", ""RestaurantsDelivery"": ""None"", ""RestaurantsTableService"": ""True"", ""HasTV"": ""True""}",businessid_36,"Located at 47 Easton Rd in Willow Grove, PA, this inviting establishment offers a delightful menu featuring authentic flavors in the categories of 'Restaurants, Vietnamese'.","{""Tuesday"": ""11:0-20:30"", ""Wednesday"": ""11:0-20:30"", ""Thursday"": ""11:0-20:30"", ""Friday"": ""11:0-20:30"", ""Saturday"": ""11:0-20:30"", ""Sunday"": ""10:30-20:0""}",0,Pho & Beyond,367
6859a000fe8b31cd7362e309,"{""Caters"": ""False"", ""BusinessParking"": ""{'garage': True, 'street': False, 'validated': False, 'lot': True, 'valet': False}"", ""RestaurantsPriceRange2"": ""2"", ""BikeParking"": ""True"", ""RestaurantsDelivery"": ""False"", ""RestaurantsTakeOut"": ""True""}",businessid_69,"Located at 11956 104 Avenue NW in Edmonton, AB, this charming spot offers a delightful selection of treats in the categories of 'Food, Bakeries'.","{""Monday"": ""7:0-19:0"", ""Tuesday"": ""7:0-19:0"", ""Wednesday"": ""7:0-19:0"", ""Thursday"": ""7:0-19:0"", ""Friday"": ""7:0-19:0"", ""Saturday"": ""7:0-19:0"", ""Sunday"": ""7:0-19:0""}",1,Cobs Bread,8
6859a000fe8b31cd7362e30a,,businessid_23,"Located at 5211 Hickory Hollow Pkwy, Ste 103 in Antioch, TN, this establishment offers a wide range of products and services in the categories of Automotive, Shopping, Hardware Stores, Auto Parts & Supplies, and Home & Garden.","{""Monday"": ""8:0-19:0"", ""Tuesday"": ""8:0-19:0"", ""Wednesday"": ""8:0-19:0"", ""Thursday"": ""8:0-19:0"", ""Friday"": ""8:0-19:0"", ""Saturday"": ""8:0-19:0"", ""Sunday"": ""9:0-18:0""}",1,Harbor Freight,8
6859a000fe8b31cd7362e30b,"{""ByAppointmentOnly"": ""False"", ""RestaurantsPriceRange2"": ""2"", ""BusinessParking"": ""{'garage': False, 'street': True, 'validated': False, 'lot': False, 'valet': False}"", ""BusinessAcceptsCreditCards"": ""True"", ""GoodForKids"": ""True""}",businessid_38,"Located at 744 S 6th St in Philadelphia, PA, this establishment offers a range of services in Hair Salons, Beauty & Spas to enhance your personal style and well-being.","{""Tuesday"": ""11:0-19:0"", ""Wednesday"": ""11:0-19:0"", ""Thursday"": ""11:0-20:0"", ""Friday"": ""11:0-20:0"", ""Saturday"": ""9:0-16:0"", ""Sunday"": ""11:0-16:0""}",0,Philadelphia Hair Studio,22
6859a000fe8b31cd7362e30c,"{""BusinessParking"": ""{'garage': False, 'street': False, 'validated': False, 'lot': False, 'valet': False}"", ""GoodForKids"": ""True"", ""RestaurantsPriceRange2"": ""1"", ""ByAppointmentOnly"": ""False"", ""BusinessAcceptsCreditCards"": ""True""}",businessid_81,"Located at 36129 E Lake Rd in Palm Harbor, FL, this establishment offers a wide range of services including Barbers, Hair Salons, Beauty & Spas, and Hair Removal.","{""Monday"": ""8:0-21:0"", ""Tuesday"": ""8:0-21:0"", ""Wednesday"": ""8:0-21:0"", ""Thursday"": ""8:0-21:0"", ""Friday"": ""8:0-21:0"", ""Saturday"": ""9:0-19:0"", ""Sunday"": ""10:0-17:0""}",1,Fantastic Sams Cut & Color,6
6859a000fe8b31cd7362e30d,"{""RestaurantsPriceRange2"": ""2"", ""RestaurantsTakeOut"": ""True"", ""ByAppointmentOnly"": ""False"", ""BusinessAcceptsCreditCards"": ""True"", ""GoodForKids"": ""False"", ""BusinessParking"": ""{'garage': False, 'street': True, 'validated': False, 'lot': True, 'valet': False}""}",businessid_13,"Located at 3545 Almaville Rd in Smyrna, TN, this establishment offers a delightful experience encompassing Food, Arts & Entertainment, Wineries, and a Wine Tasting Room.","{""Monday"": ""12:0-20:0"", ""Tuesday"": ""12:0-20:0"", ""Wednesday"": ""12:0-20:0"", ""Thursday"": ""12:0-20:0"", ""Friday"": ""12:0-20:0"", ""Saturday"": ""12:0-20:0"", ""Sunday"": ""12:0-20:0""}",1,Avian Glen Winery,12
6859a000fe8b31cd7362e30e,"{""ByAppointmentOnly"": ""False"", ""BusinessParking"": ""{'garage': False, 'street': False, 'validated': False, 'lot': True, 'valet': False}"", ""RestaurantsPriceRange2"": ""2"", ""BusinessAcceptsCreditCards"": ""True""}",businessid_17,"Located at 4031 Skippack Pike in Skippack, PA, this charming destination offers a delightful selection of items in the categories of Shopping, Jewelry.","{""Monday"": ""10:0-18:0"", ""Tuesday"": ""10:0-18:0"", ""Wednesday"": ""10:0-18:0"", ""Thursday"": ""10:0-18:0"", ""Friday"": ""10:0-18:0"", ""Saturday"": ""10:0-16:0""}",1,Whitemarsh Jewelers,10
