category,user_id,review_ts
dishes in the category of 'restaurants,userid_1178,2021-11-28 23:56:00
chinese',userid_1178,2021-11-28 23:56:00
quick,userid_1109,2021-11-10 06:40:00
chinese,userid_1109,2021-11-10 06:40:00
restaurants,userid_1109,2021-11-10 06:40:00
delicious options in the categories of fast food,userid_1109,2021-11-10 06:40:00
vietnamese',userid_655,2021-10-22 21:44:00
authentic flavors in the categories of 'restaurants,userid_655,2021-10-22 21:44:00
sandwiches,userid_1978,2021-10-08 18:40:00
perfect for satisfying any craving at any time of day,userid_1978,2021-10-08 18:40:00
mexican,userid_1978,2021-10-08 18:40:00
breakfast & brunch,userid_1978,2021-10-08 18:40:00
fast food,userid_1978,2021-10-08 18:40:00
restaurants,userid_1978,2021-10-08 18:40:00
tacos,userid_1978,2021-10-08 18:40:00
tex-mex,userid_1978,2021-10-08 18:40:00
florists,userid_425,2021-09-23 21:12:00
financial services,userid_425,2021-09-23 21:12:00
event planning & services,userid_425,2021-09-23 21:12:00
flowers & gifts,userid_425,2021-09-23 21:12:00
services including wedding planning,userid_425,2021-09-23 21:12:00
shopping,userid_425,2021-09-23 21:12:00
food,userid_1101,2021-07-16 17:24:00
specialty food,userid_1101,2021-07-16 17:24:00
making it a must-visit for anyone seeking candy stores,userid_1101,2021-07-16 17:24:00
treats,userid_1101,2021-07-16 17:24:00
breakfast & brunch,userid_597,2021-07-05 17:24:00
diners,userid_597,2021-07-05 17:24:00
including restaurants,userid_597,2021-07-05 17:24:00
american (traditional),userid_597,2021-07-05 17:24:00
making it a perfect spot for any meal of the day,userid_597,2021-07-05 17:24:00
burgers,userid_597,2021-07-05 17:24:00
options,userid_597,2021-07-05 17:24:00
american (new),userid_597,2021-07-05 17:24:00
vietnamese,userid_216,2021-05-22 22:51:00
restaurants,userid_216,2021-05-22 22:51:00
offering a delightful array of flavorful dishes,userid_216,2021-05-22 22:51:00
noodles,userid_216,2021-05-22 22:51:00
soup,userid_216,2021-05-22 22:51:00
discount store,userid_208,2021-03-03 10:51:00
department stores,userid_208,2021-03-03 10:51:00
options for customers,userid_208,2021-03-03 10:51:00
fashion,userid_208,2021-03-03 10:51:00
grocery,userid_208,2021-03-03 10:51:00
including food,userid_208,2021-03-03 10:51:00
electronics,userid_208,2021-03-03 10:51:00
ensuring that visitors can find everything they need in one convenient location,userid_208,2021-03-03 10:51:00
shopping,userid_208,2021-03-03 10:51:00
drugstores,userid_208,2021-03-03 10:51:00
electronics,userid_208,2020-12-22 20:14:00
shopping,userid_208,2020-12-22 20:14:00
department stores,userid_208,2020-12-22 20:14:00
including food,userid_208,2020-12-22 20:14:00
grocery,userid_208,2020-12-22 20:14:00
discount store,userid_208,2020-12-22 20:14:00
ensuring that visitors can find everything they need in one convenient location,userid_208,2020-12-22 20:14:00
options for customers,userid_208,2020-12-22 20:14:00
drugstores,userid_208,2020-12-22 20:14:00
fashion,userid_208,2020-12-22 20:14:00
pets,userid_1871,2020-09-24 19:38:00
services including pet groomers,userid_1871,2020-09-24 19:38:00
pet training,userid_1871,2020-09-24 19:38:00
pet stores,userid_1871,2020-09-24 19:38:00
pet services,userid_1871,2020-09-24 19:38:00
dog walkers,userid_1871,2020-09-24 19:38:00
pet sitting,userid_1871,2020-09-24 19:38:00
perfect for satisfying any craving at any time of day,userid_1978,2020-09-16 19:17:57
fast food,userid_1978,2020-09-16 19:17:57
breakfast & brunch,userid_1978,2020-09-16 19:17:57
tex-mex,userid_1978,2020-09-16 19:17:57
restaurants,userid_1978,2020-09-16 19:17:57
sandwiches,userid_1978,2020-09-16 19:17:57
mexican,userid_1978,2020-09-16 19:17:57
tacos,userid_1978,2020-09-16 19:17:57
pet stores,userid_582,2020-08-27 22:09:00
pet training,userid_582,2020-08-27 22:09:00
pet sitting,userid_582,2020-08-27 22:09:00
pets,userid_582,2020-08-27 22:09:00
services including pet groomers,userid_582,2020-08-27 22:09:00
pet services,userid_582,2020-08-27 22:09:00
dog walkers,userid_582,2020-08-27 22:09:00
gun/rifle ranges,userid_406,2020-07-30 00:34:00
active life,userid_406,2020-07-30 00:34:00
pet stores,userid_582,2020-07-17 20:30:00
services including pet groomers,userid_582,2020-07-17 20:30:00
dog walkers,userid_582,2020-07-17 20:30:00
pet training,userid_582,2020-07-17 20:30:00
pet services,userid_582,2020-07-17 20:30:00
pets,userid_582,2020-07-17 20:30:00
pet sitting,userid_582,2020-07-17 20:30:00
pet training,userid_1246,2020-07-08 01:09:00
services including pet groomers,userid_1246,2020-07-08 01:09:00
dog walkers,userid_1246,2020-07-08 01:09:00
pet sitting,userid_1246,2020-07-08 01:09:00
pet stores,userid_1246,2020-07-08 01:09:00
pets,userid_1246,2020-07-08 01:09:00
pet services,userid_1246,2020-07-08 01:09:00
local services to meet the needs of the community,userid_771,2020-07-06 16:52:00
solutions in home services,userid_771,2020-07-06 16:52:00
pest control,userid_771,2020-07-06 16:52:00
restaurants,userid_1675,2020-06-21 19:59:00
chinese,userid_1675,2020-06-21 19:59:00
delicious options in the categories of fast food,userid_1675,2020-06-21 19:59:00
quick,userid_1675,2020-06-21 19:59:00
automotive services to meet all your vehicle repair needs,userid_90,2020-06-20 00:03:00
body shops,userid_90,2020-06-20 00:03:00
auto parts & supplies,userid_64,2020-06-02 13:31:00
car dealers,userid_64,2020-06-02 13:31:00
auto repair,userid_64,2020-06-02 13:31:00
automotive,userid_64,2020-06-02 13:31:00
pool & hot tub service,userid_1343,2020-05-17 00:14:00
providing expert care for all your residential maintenance needs,userid_1343,2020-05-17 00:14:00
home services,userid_1343,2020-05-17 00:14:00
bed & breakfast,userid_393,2020-03-07 05:21:00
event planning & services,userid_393,2020-03-07 05:21:00
hotels,userid_393,2020-03-07 05:21:00
including hotels & travel,userid_393,2020-03-07 05:21:00
hostels,userid_393,2020-03-07 05:21:00
services in the hospitality sector,userid_393,2020-03-07 05:21:00
treats including ice cream & frozen yogurt,userid_1376,2020-02-26 14:27:00
desserts,userid_1376,2020-02-26 14:27:00
food,userid_1376,2020-02-26 14:27:00
shaved ice,userid_1376,2020-02-26 14:27:00
soup,userid_97,2020-01-03 13:54:00
vietnamese,userid_97,2020-01-03 13:54:00
noodles,userid_97,2020-01-03 13:54:00
offering a delightful array of flavorful dishes,userid_97,2020-01-03 13:54:00
restaurants,userid_97,2020-01-03 13:54:00
jewelry,userid_108,2019-12-21 17:04:00
items in the categories of shopping,userid_108,2019-12-21 17:04:00
health & medical,userid_1182,2019-11-14 17:06:00
tanning,userid_1182,2019-11-14 17:06:00
blow dry/out services,userid_1182,2019-11-14 17:06:00
shopping,userid_1182,2019-11-14 17:06:00
dentists,userid_1182,2019-11-14 17:06:00
beauty & spas,userid_1182,2019-11-14 17:06:00
hair salons,userid_1182,2019-11-14 17:06:00
teeth whitening,userid_1182,2019-11-14 17:06:00
cosmetic dentists,userid_1182,2019-11-14 17:06:00
products in the fields of cosmetics & beauty supply,userid_1182,2019-11-14 17:06:00
services,userid_1182,2019-11-14 17:06:00
spray tanning,userid_1182,2019-11-14 17:06:00
american (new),userid_1139,2019-10-30 00:07:28
american (traditional),userid_1139,2019-10-30 00:07:28
burgers,userid_1139,2019-10-30 00:07:28
options,userid_1139,2019-10-30 00:07:28
making it a perfect spot for any meal of the day,userid_1139,2019-10-30 00:07:28
including restaurants,userid_1139,2019-10-30 00:07:28
diners,userid_1139,2019-10-30 00:07:28
breakfast & brunch,userid_1139,2019-10-30 00:07:28
party & event planning,userid_374,2019-10-20 14:16:18
to event planning & services,userid_374,2019-10-20 14:16:18
restaurants,userid_374,2019-10-20 14:16:18
making it a perfect spot for any occasion,userid_374,2019-10-20 14:16:18
options ranging from food,userid_374,2019-10-20 14:16:18
shaved ice,userid_374,2019-10-20 14:16:18
cafes,userid_374,2019-10-20 14:16:18
cajun/creole,userid_374,2019-10-20 14:16:18
breakfast & brunch,userid_374,2019-10-20 14:16:18
comfort food,userid_374,2019-10-20 14:16:18
automotive,userid_1758,2019-10-05 21:47:00
services including tires,userid_1758,2019-10-05 21:47:00
auto repair,userid_1758,2019-10-05 21:47:00
oil change stations to meet all your vehicle needs,userid_1758,2019-10-05 21:47:00
a variety of offerings,userid_131,2019-09-23 02:17:00
including fast food,userid_131,2019-09-23 02:17:00
coffee & tea,userid_131,2019-09-23 02:17:00
making it a convenient stop for a quick meal or a refreshing beverage,userid_131,2019-09-23 02:17:00
food,userid_131,2019-09-23 02:17:00
burgers,userid_131,2019-09-23 02:17:00
restaurants,userid_131,2019-09-23 02:17:00
services,userid_862,2019-09-05 19:50:40
automotive,userid_862,2019-09-05 19:50:40
products,userid_862,2019-09-05 19:50:40
auto repair,userid_862,2019-09-05 19:50:40
car dealers,userid_862,2019-09-05 19:50:40
including auto parts & supplies,userid_862,2019-09-05 19:50:40
services including nail salons,userid_1505,2019-08-30 18:15:00
hair removal,userid_1505,2019-08-30 18:15:00
waxing,userid_1505,2019-08-30 18:15:00
beauty & spas,userid_1505,2019-08-30 18:15:00
shopping,userid_711,2019-05-29 19:46:00
drugstores,userid_711,2019-05-29 19:46:00
ensuring that visitors can find everything they need in one convenient location,userid_711,2019-05-29 19:46:00
electronics,userid_711,2019-05-29 19:46:00
grocery,userid_711,2019-05-29 19:46:00
including food,userid_711,2019-05-29 19:46:00
fashion,userid_711,2019-05-29 19:46:00
discount store,userid_711,2019-05-29 19:46:00
department stores,userid_711,2019-05-29 19:46:00
options for customers,userid_711,2019-05-29 19:46:00
bakeries,userid_197,2019-05-26 02:42:15
food delivery services,userid_197,2019-05-26 02:42:15
including ice cream & frozen yogurt,userid_197,2019-05-26 02:42:15
treats,userid_197,2019-05-26 02:42:15
desserts,userid_197,2019-05-26 02:42:15
food,userid_197,2019-05-26 02:42:15
waxing,userid_577,2019-04-18 22:26:00
beauty & spas,userid_577,2019-04-18 22:26:00
services including nail salons,userid_577,2019-04-18 22:26:00
hair removal,userid_577,2019-04-18 22:26:00
pet training,userid_1816,2019-04-18 00:17:00
pet services,userid_1816,2019-04-18 00:17:00
dog walkers,userid_1816,2019-04-18 00:17:00
services including pet groomers,userid_1816,2019-04-18 00:17:00
pet sitting,userid_1816,2019-04-18 00:17:00
pet stores,userid_1816,2019-04-18 00:17:00
pets,userid_1816,2019-04-18 00:17:00
dim sum,userid_1950,2019-04-14 23:08:41
fast food,userid_1950,2019-04-14 23:08:41
american (new),userid_1950,2019-04-14 23:08:41
restaurants,userid_1950,2019-04-14 23:08:41
american (traditional),userid_1950,2019-04-14 23:08:41
asian fusion,userid_1950,2019-04-14 23:08:41
catering to a variety of tastes,userid_1950,2019-04-14 23:08:41
preferences,userid_1950,2019-04-14 23:08:41
noodles,userid_1950,2019-04-14 23:08:41
chinese,userid_1950,2019-04-14 23:08:41
pets,userid_424,2019-04-06 01:29:00
pet stores,userid_424,2019-04-06 01:29:00
services including pet groomers,userid_424,2019-04-06 01:29:00
pet training,userid_424,2019-04-06 01:29:00
dog walkers,userid_424,2019-04-06 01:29:00
pet sitting,userid_424,2019-04-06 01:29:00
pet services,userid_424,2019-04-06 01:29:00
food,userid_25,2019-02-22 18:40:00
coffee & tea,userid_25,2019-02-22 18:40:00
including fast food,userid_25,2019-02-22 18:40:00
making it a convenient stop for a quick meal or a refreshing beverage,userid_25,2019-02-22 18:40:00
a variety of offerings,userid_25,2019-02-22 18:40:00
burgers,userid_25,2019-02-22 18:40:00
restaurants,userid_25,2019-02-22 18:40:00
laundry services,userid_1739,2019-01-11 19:43:00
local services,userid_1739,2019-01-11 19:43:00
services including dry cleaning & laundry,userid_1739,2019-01-11 19:43:00
laundromat,userid_1739,2019-01-11 19:43:00
cajun/creole,userid_431,2018-12-31 00:15:00
restaurants,userid_431,2018-12-31 00:15:00
options ranging from food,userid_431,2018-12-31 00:15:00
shaved ice,userid_431,2018-12-31 00:15:00
party & event planning,userid_431,2018-12-31 00:15:00
comfort food,userid_431,2018-12-31 00:15:00
cafes,userid_431,2018-12-31 00:15:00
breakfast & brunch,userid_431,2018-12-31 00:15:00
making it a perfect spot for any occasion,userid_431,2018-12-31 00:15:00
to event planning & services,userid_431,2018-12-31 00:15:00
restaurants,userid_1786,2018-12-30 21:55:00
offering a delightful array of flavorful dishes,userid_1786,2018-12-30 21:55:00
soup,userid_1786,2018-12-30 21:55:00
vietnamese,userid_1786,2018-12-30 21:55:00
noodles,userid_1786,2018-12-30 21:55:00
tanning,userid_746,2018-12-30 18:49:00
teeth whitening,userid_746,2018-12-30 18:49:00
hair salons,userid_746,2018-12-30 18:49:00
spray tanning,userid_746,2018-12-30 18:49:00
blow dry/out services,userid_746,2018-12-30 18:49:00
services,userid_746,2018-12-30 18:49:00
shopping,userid_746,2018-12-30 18:49:00
products in the fields of cosmetics & beauty supply,userid_746,2018-12-30 18:49:00
dentists,userid_746,2018-12-30 18:49:00
beauty & spas,userid_746,2018-12-30 18:49:00
cosmetic dentists,userid_746,2018-12-30 18:49:00
health & medical,userid_746,2018-12-30 18:49:00
beauty & spas,userid_152,2018-12-08 17:12:00
waxing,userid_152,2018-12-08 17:12:00
hair removal,userid_152,2018-12-08 17:12:00
services including nail salons,userid_152,2018-12-08 17:12:00
making it an ideal choice for hosting memorable gatherings,userid_68,2018-11-28 02:47:00
celebrations,userid_68,2018-11-28 02:47:00
event planning & services,userid_68,2018-11-28 02:47:00
venues & event spaces,userid_68,2018-11-28 02:47:00
celebrations,userid_1542,2018-11-25 23:09:00
making it an ideal choice for hosting memorable gatherings,userid_1542,2018-11-25 23:09:00
event planning & services,userid_1542,2018-11-25 23:09:00
venues & event spaces,userid_1542,2018-11-25 23:09:00
restaurants,userid_1760,2018-11-11 05:47:00
tex-mex,userid_1760,2018-11-11 05:47:00
breakfast & brunch,userid_1760,2018-11-11 05:47:00
sandwiches,userid_1760,2018-11-11 05:47:00
mexican,userid_1760,2018-11-11 05:47:00
fast food,userid_1760,2018-11-11 05:47:00
perfect for satisfying any craving at any time of day,userid_1760,2018-11-11 05:47:00
tacos,userid_1760,2018-11-11 05:47:00
services in the hospitality sector,userid_526,2018-11-01 00:25:00
including hotels & travel,userid_526,2018-11-01 00:25:00
hostels,userid_526,2018-11-01 00:25:00
bed & breakfast,userid_526,2018-11-01 00:25:00
hotels,userid_526,2018-11-01 00:25:00
event planning & services,userid_526,2018-11-01 00:25:00
home services,userid_945,2018-10-30 13:06:00
self storage,userid_945,2018-10-30 13:06:00
services,userid_945,2018-10-30 13:06:00
landscape architects,userid_945,2018-10-30 13:06:00
dining options,userid_945,2018-10-30 13:06:00
including movers,userid_945,2018-10-30 13:06:00
american (new),userid_945,2018-10-30 13:06:00
restaurants,userid_945,2018-10-30 13:06:00
local services,userid_945,2018-10-30 13:06:00
food,userid_945,2018-10-30 13:06:00
hair removal,userid_1879,2018-10-14 16:06:00
services in the categories of beauty & spas,userid_1879,2018-10-14 16:06:00
eyebrow services,userid_1879,2018-10-14 16:06:00
gyms,userid_252,2018-09-04 12:51:36
active life,userid_252,2018-09-04 12:51:36
trainers,userid_252,2018-09-04 12:51:36
services in fitness & instruction,userid_252,2018-09-04 12:51:36
interval training gyms,userid_252,2018-09-04 12:51:36
boot camps,userid_252,2018-09-04 12:51:36
coffee & tea,userid_230,2018-07-23 06:45:43
food,userid_230,2018-07-23 06:45:43
restaurants,userid_230,2018-07-23 06:45:43
including fast food,userid_230,2018-07-23 06:45:43
a variety of offerings,userid_230,2018-07-23 06:45:43
burgers,userid_230,2018-07-23 06:45:43
making it a convenient stop for a quick meal or a refreshing beverage,userid_230,2018-07-23 06:45:43
cafes,userid_1398,2018-07-07 17:56:00
nightlife,userid_1398,2018-07-07 17:56:00
coffee & tea,userid_1398,2018-07-07 17:56:00
bars,userid_1398,2018-07-07 17:56:00
food,userid_1398,2018-07-07 17:56:00
breakfast & brunch,userid_1398,2018-07-07 17:56:00
making it an ideal spot for any meal or occasion,userid_1398,2018-07-07 17:56:00
restaurants,userid_1398,2018-07-07 17:56:00
wine bars,userid_1398,2018-07-07 17:56:00
sandwiches,userid_1398,2018-07-07 17:56:00
automotive,userid_210,2018-06-20 14:12:00
providing efficient service for all your vehicle maintenance needs,userid_210,2018-06-20 14:12:00
oil change stations,userid_210,2018-06-20 14:12:00
services in the field of doctors,userid_1068,2018-06-08 18:29:00
health & medical,userid_1068,2018-06-08 18:29:00
shopping,userid_805,2018-05-23 16:04:00
discount store,userid_805,2018-05-23 16:04:00
home decor,userid_805,2018-05-23 16:04:00
home & garden,userid_805,2018-05-23 16:04:00
furniture stores,userid_805,2018-05-23 16:04:00
products across various categories,userid_805,2018-05-23 16:04:00
department stores,userid_805,2018-05-23 16:04:00
including fashion,userid_805,2018-05-23 16:04:00
vietnamese',userid_1850,2018-05-21 17:51:00
authentic flavors in the categories of 'restaurants,userid_1850,2018-05-21 17:51:00
waxing,userid_505,2018-04-14 14:08:00
beauty & spas,userid_505,2018-04-14 14:08:00
hair removal,userid_505,2018-04-14 14:08:00
services including nail salons,userid_505,2018-04-14 14:08:00
food,userid_151,2018-04-01 10:52:37
services,userid_151,2018-04-01 10:52:37
including photography stores & services,userid_151,2018-04-01 10:52:37
shopping,userid_151,2018-04-01 10:52:37
grocery,userid_151,2018-04-01 10:52:37
products,userid_151,2018-04-01 10:52:37
fast food,userid_622,2018-03-28 21:58:00
restaurants,userid_622,2018-03-28 21:58:00
catering to a variety of tastes,userid_622,2018-03-28 21:58:00
chinese,userid_622,2018-03-28 21:58:00
preferences,userid_622,2018-03-28 21:58:00
american (traditional),userid_622,2018-03-28 21:58:00
dim sum,userid_622,2018-03-28 21:58:00
asian fusion,userid_622,2018-03-28 21:58:00
american (new),userid_622,2018-03-28 21:58:00
noodles,userid_622,2018-03-28 21:58:00
vietnamese,userid_898,2018-03-24 15:31:00
noodles,userid_898,2018-03-24 15:31:00
soup,userid_898,2018-03-24 15:31:00
restaurants,userid_898,2018-03-24 15:31:00
offering a delightful array of flavorful dishes,userid_898,2018-03-24 15:31:00
pubs,userid_386,2018-03-12 03:21:00
seafood,userid_386,2018-03-12 03:21:00
burgers,userid_386,2018-03-12 03:21:00
nightlife,userid_386,2018-03-12 03:21:00
bars,userid_386,2018-03-12 03:21:00
restaurants,userid_386,2018-03-12 03:21:00
grocery,userid_1316,2018-02-06 19:29:00
products,userid_1316,2018-02-06 19:29:00
shopping,userid_1316,2018-02-06 19:29:00
services in the categories of food,userid_1316,2018-02-06 19:29:00
shopping,userid_1231,2018-01-09 15:08:10
grocery,userid_1231,2018-01-09 15:08:10
including photography stores & services,userid_1231,2018-01-09 15:08:10
services,userid_1231,2018-01-09 15:08:10
food,userid_1231,2018-01-09 15:08:10
products,userid_1231,2018-01-09 15:08:10
offering a delightful array of flavorful dishes,userid_1274,2018-01-02 21:35:31
restaurants,userid_1274,2018-01-02 21:35:31
noodles,userid_1274,2018-01-02 21:35:31
vietnamese,userid_1274,2018-01-02 21:35:31
soup,userid_1274,2018-01-02 21:35:31
services,userid_1897,2017-12-23 13:44:00
dining options,userid_1897,2017-12-23 13:44:00
including movers,userid_1897,2017-12-23 13:44:00
american (new),userid_1897,2017-12-23 13:44:00
food,userid_1897,2017-12-23 13:44:00
home services,userid_1897,2017-12-23 13:44:00
self storage,userid_1897,2017-12-23 13:44:00
local services,userid_1897,2017-12-23 13:44:00
restaurants,userid_1897,2017-12-23 13:44:00
landscape architects,userid_1897,2017-12-23 13:44:00
doctors,userid_1856,2017-12-12 02:27:00
services in internal medicine,userid_1856,2017-12-12 02:27:00
health & medical,userid_1856,2017-12-12 02:27:00
apartments,userid_244,2017-11-17 16:06:00
home services,userid_244,2017-11-17 16:06:00
services in real estate,userid_244,2017-11-17 16:06:00
automotive,userid_369,2017-11-09 21:40:00
providing efficient service for all your vehicle maintenance needs,userid_369,2017-11-09 21:40:00
oil change stations,userid_369,2017-11-09 21:40:00
services including pet groomers,userid_1333,2017-10-30 01:27:00
pet training,userid_1333,2017-10-30 01:27:00
pet stores,userid_1333,2017-10-30 01:27:00
dog walkers,userid_1333,2017-10-30 01:27:00
pet services,userid_1333,2017-10-30 01:27:00
pet sitting,userid_1333,2017-10-30 01:27:00
pets,userid_1333,2017-10-30 01:27:00
restaurants,userid_257,2017-10-26 23:10:00
nightlife,userid_257,2017-10-26 23:10:00
bars,userid_257,2017-10-26 23:10:00
burgers,userid_257,2017-10-26 23:10:00
pubs,userid_257,2017-10-26 23:10:00
seafood,userid_257,2017-10-26 23:10:00
noodles,userid_1940,2017-10-12 23:50:00
american (new),userid_1940,2017-10-12 23:50:00
american (traditional),userid_1940,2017-10-12 23:50:00
chinese,userid_1940,2017-10-12 23:50:00
fast food,userid_1940,2017-10-12 23:50:00
restaurants,userid_1940,2017-10-12 23:50:00
dim sum,userid_1940,2017-10-12 23:50:00
asian fusion,userid_1940,2017-10-12 23:50:00
catering to a variety of tastes,userid_1940,2017-10-12 23:50:00
preferences,userid_1940,2017-10-12 23:50:00
food,userid_1105,2017-09-04 20:57:00
landscape architects,userid_1105,2017-09-04 20:57:00
american (new),userid_1105,2017-09-04 20:57:00
services,userid_1105,2017-09-04 20:57:00
dining options,userid_1105,2017-09-04 20:57:00
including movers,userid_1105,2017-09-04 20:57:00
home services,userid_1105,2017-09-04 20:57:00
self storage,userid_1105,2017-09-04 20:57:00
restaurants,userid_1105,2017-09-04 20:57:00
local services,userid_1105,2017-09-04 20:57:00
noodles,userid_1013,2017-09-01 22:38:00
preferences,userid_1013,2017-09-01 22:38:00
chinese,userid_1013,2017-09-01 22:38:00
fast food,userid_1013,2017-09-01 22:38:00
asian fusion,userid_1013,2017-09-01 22:38:00
restaurants,userid_1013,2017-09-01 22:38:00
dim sum,userid_1013,2017-09-01 22:38:00
american (new),userid_1013,2017-09-01 22:38:00
catering to a variety of tastes,userid_1013,2017-09-01 22:38:00
american (traditional),userid_1013,2017-09-01 22:38:00
services,userid_359,2017-08-28 23:10:00
dining options,userid_359,2017-08-28 23:10:00
including movers,userid_359,2017-08-28 23:10:00
food,userid_359,2017-08-28 23:10:00
home services,userid_359,2017-08-28 23:10:00
self storage,userid_359,2017-08-28 23:10:00
local services,userid_359,2017-08-28 23:10:00
restaurants,userid_359,2017-08-28 23:10:00
american (new),userid_359,2017-08-28 23:10:00
landscape architects,userid_359,2017-08-28 23:10:00
american (traditional),userid_1490,2017-08-25 20:59:00
cocktail bars,userid_1490,2017-08-25 20:59:00
barbeque,userid_1490,2017-08-25 20:59:00
restaurants,userid_1490,2017-08-25 20:59:00
bars,userid_1490,2017-08-25 20:59:00
nightlife,userid_1490,2017-08-25 20:59:00
restaurants,userid_842,2017-06-30 04:44:00
wine bars,userid_842,2017-06-30 04:44:00
breakfast & brunch,userid_842,2017-06-30 04:44:00
sandwiches,userid_842,2017-06-30 04:44:00
making it an ideal spot for any meal or occasion,userid_842,2017-06-30 04:44:00
food,userid_842,2017-06-30 04:44:00
coffee & tea,userid_842,2017-06-30 04:44:00
nightlife,userid_842,2017-06-30 04:44:00
cafes,userid_842,2017-06-30 04:44:00
bars,userid_842,2017-06-30 04:44:00
american (new),userid_1661,2017-05-27 00:50:00
options,userid_1661,2017-05-27 00:50:00
event planning & services,userid_1661,2017-05-27 00:50:00
chicken shop,userid_1661,2017-05-27 00:50:00
american (traditional),userid_1661,2017-05-27 00:50:00
fast food,userid_1661,2017-05-27 00:50:00
including restaurants,userid_1661,2017-05-27 00:50:00
caterers,userid_1661,2017-05-27 00:50:00
damage restoration,userid_1736,2017-05-20 18:28:00
home cleaning,userid_1736,2017-05-20 18:28:00
local services,userid_1736,2017-05-20 18:28:00
home services to meet various home improvement,userid_1736,2017-05-20 18:28:00
maintenance needs,userid_1736,2017-05-20 18:28:00
services including contractors,userid_1736,2017-05-20 18:28:00
fashion,userid_686,2017-05-04 23:25:00
including women's clothing,userid_686,2017-05-04 23:25:00
home & garden,userid_686,2017-05-04 23:25:00
home decor,userid_686,2017-05-04 23:25:00
department stores,userid_686,2017-05-04 23:25:00
men's clothing,userid_686,2017-05-04 23:25:00
products across various categories,userid_686,2017-05-04 23:25:00
shopping,userid_686,2017-05-04 23:25:00
discount store,userid_686,2017-05-04 23:25:00
active life,userid_876,2017-05-04 02:36:00
gun/rifle ranges,userid_876,2017-05-04 02:36:00
services in real estate,userid_1083,2017-05-01 19:59:00
apartments,userid_1083,2017-05-01 19:59:00
home services,userid_1083,2017-05-01 19:59:00
breakfast & brunch,userid_361,2017-04-27 13:57:02
food,userid_361,2017-04-27 13:57:02
caterers,userid_361,2017-04-27 13:57:02
including restaurants,userid_361,2017-04-27 13:57:02
coffee & tea,userid_361,2017-04-27 13:57:02
event planning & services,userid_361,2017-04-27 13:57:02
options,userid_361,2017-04-27 13:57:02
perfect for any occasion,userid_361,2017-04-27 13:57:02
american (traditional),userid_361,2017-04-27 13:57:02
services in fitness & instruction,userid_1350,2017-04-24 15:00:00
gyms,userid_1350,2017-04-24 15:00:00
active life,userid_1350,2017-04-24 15:00:00
boot camps,userid_1350,2017-04-24 15:00:00
trainers,userid_1350,2017-04-24 15:00:00
interval training gyms,userid_1350,2017-04-24 15:00:00
breakfast & brunch,userid_986,2017-04-22 17:50:00
cafes,userid_986,2017-04-22 17:50:00
restaurants,userid_986,2017-04-22 17:50:00
american (new),userid_986,2017-04-22 17:50:00
perfect for a cozy meal any time of the day,userid_986,2017-04-22 17:50:00
services in the categories of food,userid_1161,2017-04-21 12:49:00
shopping,userid_1161,2017-04-21 12:49:00
grocery,userid_1161,2017-04-21 12:49:00
products,userid_1161,2017-04-21 12:49:00
services including contractors,userid_1736,2017-04-20 08:10:00
home cleaning,userid_1736,2017-04-20 08:10:00
local services,userid_1736,2017-04-20 08:10:00
home services to meet various home improvement,userid_1736,2017-04-20 08:10:00
damage restoration,userid_1736,2017-04-20 08:10:00
maintenance needs,userid_1736,2017-04-20 08:10:00
bars,userid_795,2017-03-26 19:04:00
restaurants,userid_795,2017-03-26 19:04:00
nightlife,userid_795,2017-03-26 19:04:00
burgers,userid_795,2017-03-26 19:04:00
pubs,userid_795,2017-03-26 19:04:00
seafood,userid_795,2017-03-26 19:04:00
grocery,userid_958,2017-03-24 23:59:00
discount store,userid_958,2017-03-24 23:59:00
department stores,userid_958,2017-03-24 23:59:00
shopping,userid_958,2017-03-24 23:59:00
options for customers,userid_958,2017-03-24 23:59:00
fashion,userid_958,2017-03-24 23:59:00
including food,userid_958,2017-03-24 23:59:00
drugstores,userid_958,2017-03-24 23:59:00
ensuring that visitors can find everything they need in one convenient location,userid_958,2017-03-24 23:59:00
electronics,userid_958,2017-03-24 23:59:00
restaurants,userid_1636,2017-02-20 18:06:00
american (new),userid_1636,2017-02-20 18:06:00
cafes,userid_1636,2017-02-20 18:06:00
perfect for a cozy meal any time of the day,userid_1636,2017-02-20 18:06:00
breakfast & brunch,userid_1636,2017-02-20 18:06:00
cafes,userid_207,2017-01-26 00:30:00
sandwiches,userid_207,2017-01-26 00:30:00
making it an ideal spot for any meal or occasion,userid_207,2017-01-26 00:30:00
food,userid_207,2017-01-26 00:30:00
nightlife,userid_207,2017-01-26 00:30:00
coffee & tea,userid_207,2017-01-26 00:30:00
bars,userid_207,2017-01-26 00:30:00
breakfast & brunch,userid_207,2017-01-26 00:30:00
restaurants,userid_207,2017-01-26 00:30:00
wine bars,userid_207,2017-01-26 00:30:00
automotive services,userid_593,2017-01-24 19:28:00
professional auto detailing to keep your vehicle looking its best,userid_593,2017-01-24 19:28:00
offering a comprehensive car wash,userid_593,2017-01-24 19:28:00
laundry services,userid_333,2017-01-12 19:02:00
local services,userid_333,2017-01-12 19:02:00
laundromat,userid_333,2017-01-12 19:02:00
services including dry cleaning & laundry,userid_333,2017-01-12 19:02:00
bars,userid_435,2017-01-06 11:15:06
american (traditional),userid_435,2017-01-06 11:15:06
nightlife,userid_435,2017-01-06 11:15:06
restaurants,userid_435,2017-01-06 11:15:06
cocktail bars,userid_435,2017-01-06 11:15:06
american (new),userid_435,2017-01-06 11:15:06
including wine bars,userid_435,2017-01-06 11:15:06
experiences,userid_435,2017-01-06 11:15:06
making it a perfect spot for any meal of the day,userid_1070,2016-12-17 16:33:00
including restaurants,userid_1070,2016-12-17 16:33:00
burgers,userid_1070,2016-12-17 16:33:00
diners,userid_1070,2016-12-17 16:33:00
american (new),userid_1070,2016-12-17 16:33:00
american (traditional),userid_1070,2016-12-17 16:33:00
breakfast & brunch,userid_1070,2016-12-17 16:33:00
options,userid_1070,2016-12-17 16:33:00
including fast food,userid_677,2016-12-14 12:37:00
food,userid_677,2016-12-14 12:37:00
making it a convenient stop for a quick meal or a refreshing beverage,userid_677,2016-12-14 12:37:00
a variety of offerings,userid_677,2016-12-14 12:37:00
restaurants,userid_677,2016-12-14 12:37:00
coffee & tea,userid_677,2016-12-14 12:37:00
burgers,userid_677,2016-12-14 12:37:00
pediatric dentists,userid_522,2016-12-14 03:32:00
offering comprehensive dental care for children,userid_522,2016-12-14 03:32:00
dentists,userid_522,2016-12-14 03:32:00
health & medical,userid_522,2016-12-14 03:32:00
families,userid_522,2016-12-14 03:32:00
options in the categories of food,userid_1419,2016-12-12 17:23:00
bakeries,userid_1419,2016-12-12 17:23:00
breakfast & brunch,userid_1419,2016-12-12 17:23:00
restaurants,userid_1419,2016-12-12 17:23:00
sandwiches,userid_1419,2016-12-12 17:23:00
authentic flavors in the categories of 'restaurants,userid_850,2016-12-02 00:06:00
vietnamese',userid_850,2016-12-02 00:06:00
restaurants,userid_935,2016-11-25 20:04:00
sandwiches,userid_935,2016-11-25 20:04:00
burgers,userid_935,2016-11-25 20:04:00
salad,userid_935,2016-11-25 20:04:00
breakfast & brunch,userid_343,2016-11-14 15:01:00
perfect for a cozy meal any time of the day,userid_343,2016-11-14 15:01:00
cafes,userid_343,2016-11-14 15:01:00
restaurants,userid_343,2016-11-14 15:01:00
american (new),userid_343,2016-11-14 15:01:00
services in the categories of food,userid_324,2016-10-28 15:54:00
grocery,userid_324,2016-10-28 15:54:00
products,userid_324,2016-10-28 15:54:00
shopping,userid_324,2016-10-28 15:54:00
transportation needs,userid_1158,2016-10-18 17:57:00
services including hotels & travel,userid_1158,2016-10-18 17:57:00
taxis,userid_1158,2016-10-18 17:57:00
transportation,userid_1158,2016-10-18 17:57:00
local services,userid_1158,2016-10-18 17:57:00
automotive to meet all your travel,userid_1158,2016-10-18 17:57:00
fashion,userid_518,2016-10-16 21:09:00
shopping,userid_518,2016-10-16 21:09:00
including women's clothing,userid_518,2016-10-16 21:09:00
department stores,userid_518,2016-10-16 21:09:00
home decor,userid_518,2016-10-16 21:09:00
discount store,userid_518,2016-10-16 21:09:00
home & garden,userid_518,2016-10-16 21:09:00
men's clothing,userid_518,2016-10-16 21:09:00
products across various categories,userid_518,2016-10-16 21:09:00
perfect for any occasion,userid_318,2016-09-29 22:16:00
coffee & tea,userid_318,2016-09-29 22:16:00
including restaurants,userid_318,2016-09-29 22:16:00
breakfast & brunch,userid_318,2016-09-29 22:16:00
caterers,userid_318,2016-09-29 22:16:00
food,userid_318,2016-09-29 22:16:00
american (traditional),userid_318,2016-09-29 22:16:00
event planning & services,userid_318,2016-09-29 22:16:00
options,userid_318,2016-09-29 22:16:00
services,userid_39,2016-09-28 21:28:00
products,userid_39,2016-09-28 21:28:00
including auto parts & supplies,userid_39,2016-09-28 21:28:00
car dealers,userid_39,2016-09-28 21:28:00
automotive,userid_39,2016-09-28 21:28:00
auto repair,userid_39,2016-09-28 21:28:00
active life,userid_1030,2016-09-28 17:19:00
services in fitness & instruction,userid_1030,2016-09-28 17:19:00
boot camps,userid_1030,2016-09-28 17:19:00
gyms,userid_1030,2016-09-28 17:19:00
interval training gyms,userid_1030,2016-09-28 17:19:00
trainers,userid_1030,2016-09-28 17:19:00
active life,userid_38,2016-09-27 15:07:00
gun/rifle ranges,userid_38,2016-09-27 15:07:00
including wine bars,userid_211,2016-09-26 19:47:00
bars,userid_211,2016-09-26 19:47:00
cocktail bars,userid_211,2016-09-26 19:47:00
nightlife,userid_211,2016-09-26 19:47:00
american (new),userid_211,2016-09-26 19:47:00
american (traditional),userid_211,2016-09-26 19:47:00
restaurants,userid_211,2016-09-26 19:47:00
experiences,userid_211,2016-09-26 19:47:00
bars,userid_792,2016-09-19 19:54:00
nightlife,userid_792,2016-09-19 19:54:00
pubs,userid_792,2016-09-19 19:54:00
seafood,userid_792,2016-09-19 19:54:00
restaurants,userid_792,2016-09-19 19:54:00
burgers,userid_792,2016-09-19 19:54:00
services,userid_1766,2016-09-11 22:09:00
including hair salons,userid_1766,2016-09-11 22:09:00
beauty & spas,userid_1766,2016-09-11 22:09:00
hair stylists,userid_1766,2016-09-11 22:09:00
skin care,userid_1766,2016-09-11 22:09:00
blow dry/out services,userid_1766,2016-09-11 22:09:00
makeup artists,userid_1766,2016-09-11 22:09:00
including movers,userid_241,2016-09-11 03:22:00
landscape architects,userid_241,2016-09-11 03:22:00
american (new),userid_241,2016-09-11 03:22:00
restaurants,userid_241,2016-09-11 03:22:00
home services,userid_241,2016-09-11 03:22:00
self storage,userid_241,2016-09-11 03:22:00
dining options,userid_241,2016-09-11 03:22:00
food,userid_241,2016-09-11 03:22:00
services,userid_241,2016-09-11 03:22:00
local services,userid_241,2016-09-11 03:22:00
self storage,userid_241,2016-09-08 19:33:00
home services,userid_241,2016-09-08 19:33:00
local services,userid_241,2016-09-08 19:33:00
restaurants,userid_241,2016-09-08 19:33:00
landscape architects,userid_241,2016-09-08 19:33:00
food,userid_241,2016-09-08 19:33:00
american (new),userid_241,2016-09-08 19:33:00
including movers,userid_241,2016-09-08 19:33:00
dining options,userid_241,2016-09-08 19:33:00
services,userid_241,2016-09-08 19:33:00
pet sitting,userid_927,2016-08-31 22:07:00
services including pet groomers,userid_927,2016-08-31 22:07:00
pet stores,userid_927,2016-08-31 22:07:00
pet training,userid_927,2016-08-31 22:07:00
dog walkers,userid_927,2016-08-31 22:07:00
pets,userid_927,2016-08-31 22:07:00
pet services,userid_927,2016-08-31 22:07:00
the categories of medical centers,userid_1756,2016-08-30 14:10:16
health & medical,userid_1756,2016-08-30 14:10:16
products,userid_744,2016-08-27 18:10:00
shopping,userid_744,2016-08-27 18:10:00
grocery,userid_744,2016-08-27 18:10:00
services in the categories of food,userid_744,2016-08-27 18:10:00
laundry services,userid_333,2016-08-19 17:18:56
services including dry cleaning & laundry,userid_333,2016-08-19 17:18:56
laundromat,userid_333,2016-08-19 17:18:56
local services,userid_333,2016-08-19 17:18:56
beauty & spas,userid_100,2016-08-18 11:57:00
hair removal,userid_100,2016-08-18 11:57:00
waxing,userid_100,2016-08-18 11:57:00
services including nail salons,userid_100,2016-08-18 11:57:00
products,userid_308,2016-08-10 04:36:00
shopping,userid_308,2016-08-10 04:36:00
grocery,userid_308,2016-08-10 04:36:00
services in the categories of food,userid_308,2016-08-10 04:36:00
breakfast & brunch,userid_1431,2016-08-08 22:11:00
coffee & tea,userid_1431,2016-08-08 22:11:00
restaurants,userid_1431,2016-08-08 22:11:00
food,userid_1431,2016-08-08 22:11:00
cafes,userid_1431,2016-08-08 22:11:00
sandwiches,userid_1431,2016-08-08 22:11:00
making it an ideal spot for any meal or occasion,userid_1431,2016-08-08 22:11:00
bars,userid_1431,2016-08-08 22:11:00
wine bars,userid_1431,2016-08-08 22:11:00
nightlife,userid_1431,2016-08-08 22:11:00
experiences,userid_863,2016-08-06 02:19:00
bars,userid_863,2016-08-06 02:19:00
american (traditional),userid_863,2016-08-06 02:19:00
restaurants,userid_863,2016-08-06 02:19:00
cocktail bars,userid_863,2016-08-06 02:19:00
american (new),userid_863,2016-08-06 02:19:00
including wine bars,userid_863,2016-08-06 02:19:00
nightlife,userid_863,2016-08-06 02:19:00
providing efficient service for all your vehicle maintenance needs,userid_942,2016-07-29 13:48:00
automotive,userid_942,2016-07-29 13:48:00
oil change stations,userid_942,2016-07-29 13:48:00
apartments,userid_1083,2016-07-28 12:12:00
home services,userid_1083,2016-07-28 12:12:00
services in real estate,userid_1083,2016-07-28 12:12:00
taxis,userid_1409,2016-07-27 15:30:00
transportation needs,userid_1409,2016-07-27 15:30:00
automotive to meet all your travel,userid_1409,2016-07-27 15:30:00
local services,userid_1409,2016-07-27 15:30:00
transportation,userid_1409,2016-07-27 15:30:00
services including hotels & travel,userid_1409,2016-07-27 15:30:00
services in fitness & instruction,userid_598,2016-07-24 20:27:00
gyms,userid_598,2016-07-24 20:27:00
trainers,userid_598,2016-07-24 20:27:00
active life,userid_598,2016-07-24 20:27:00
boot camps,userid_598,2016-07-24 20:27:00
interval training gyms,userid_598,2016-07-24 20:27:00
home & garden,userid_1397,2016-06-28 02:18:33
auto parts & supplies,userid_1397,2016-06-28 02:18:33
hardware stores,userid_1397,2016-06-28 02:18:33
shopping,userid_1397,2016-06-28 02:18:33
services in the categories of automotive,userid_1397,2016-06-28 02:18:33
products,userid_1397,2016-06-28 02:18:33
bars,userid_1558,2016-06-13 00:09:00
restaurants,userid_1558,2016-06-13 00:09:00
nightlife,userid_1558,2016-06-13 00:09:00
american (new),userid_1558,2016-06-13 00:09:00
pubs,userid_1558,2016-06-13 00:09:00
services,userid_1727,2016-06-03 21:43:00
food,userid_1727,2016-06-03 21:43:00
landscape architects,userid_1727,2016-06-03 21:43:00
dining options,userid_1727,2016-06-03 21:43:00
home services,userid_1727,2016-06-03 21:43:00
self storage,userid_1727,2016-06-03 21:43:00
local services,userid_1727,2016-06-03 21:43:00
restaurants,userid_1727,2016-06-03 21:43:00
including movers,userid_1727,2016-06-03 21:43:00
american (new),userid_1727,2016-06-03 21:43:00
gyms,userid_145,2016-06-03 11:51:00
trainers,userid_145,2016-06-03 11:51:00
active life,userid_145,2016-06-03 11:51:00
boot camps,userid_145,2016-06-03 11:51:00
services in fitness & instruction,userid_145,2016-06-03 11:51:00
interval training gyms,userid_145,2016-06-03 11:51:00
hostels,userid_1444,2016-05-17 18:50:00
services in the hospitality sector,userid_1444,2016-05-17 18:50:00
including hotels & travel,userid_1444,2016-05-17 18:50:00
event planning & services,userid_1444,2016-05-17 18:50:00
bed & breakfast,userid_1444,2016-05-17 18:50:00
hotels,userid_1444,2016-05-17 18:50:00
automotive,userid_39,2016-05-10 20:15:12
auto repair,userid_39,2016-05-10 20:15:12
car dealers,userid_39,2016-05-10 20:15:12
including auto parts & supplies,userid_39,2016-05-10 20:15:12
products,userid_39,2016-05-10 20:15:12
services,userid_39,2016-05-10 20:15:12
services,userid_39,2016-05-07 15:17:00
auto repair,userid_39,2016-05-07 15:17:00
car dealers,userid_39,2016-05-07 15:17:00
including auto parts & supplies,userid_39,2016-05-07 15:17:00
automotive,userid_39,2016-05-07 15:17:00
products,userid_39,2016-05-07 15:17:00
products across various categories,userid_1533,2016-05-06 16:02:13
discount store,userid_1533,2016-05-06 16:02:13
men's clothing,userid_1533,2016-05-06 16:02:13
shopping,userid_1533,2016-05-06 16:02:13
home & garden,userid_1533,2016-05-06 16:02:13
department stores,userid_1533,2016-05-06 16:02:13
fashion,userid_1533,2016-05-06 16:02:13
including women's clothing,userid_1533,2016-05-06 16:02:13
home decor,userid_1533,2016-05-06 16:02:13
food,userid_729,2016-04-17 00:00:00
treats,userid_729,2016-04-17 00:00:00
making it a must-visit for anyone seeking candy stores,userid_729,2016-04-17 00:00:00
specialty food,userid_729,2016-04-17 00:00:00
venues & event spaces,userid_1938,2016-04-09 21:51:00
celebrations,userid_1938,2016-04-09 21:51:00
event planning & services,userid_1938,2016-04-09 21:51:00
making it an ideal choice for hosting memorable gatherings,userid_1938,2016-04-09 21:51:00
hair removal,userid_242,2016-03-25 21:45:04
beauty & spas,userid_242,2016-03-25 21:45:04
hair salons,userid_242,2016-03-25 21:45:04
services including barbers,userid_242,2016-03-25 21:45:04
services including hotels & travel,userid_643,2016-03-12 14:19:00
taxis,userid_643,2016-03-12 14:19:00
transportation,userid_643,2016-03-12 14:19:00
automotive to meet all your travel,userid_643,2016-03-12 14:19:00
transportation needs,userid_643,2016-03-12 14:19:00
local services,userid_643,2016-03-12 14:19:00
providing comprehensive solutions for all your vehicle needs,userid_1708,2016-03-06 21:20:00
auto repair,userid_1708,2016-03-06 21:20:00
automotive services,userid_1708,2016-03-06 21:20:00
car dealers,userid_1708,2016-03-06 21:20:00
boxing,userid_1981,2016-03-02 01:50:00
active life,userid_1981,2016-03-02 01:50:00
catering to all levels of fitness enthusiasts,userid_1981,2016-03-02 01:50:00
trainers,userid_1981,2016-03-02 01:50:00
services in fitness & instruction,userid_1981,2016-03-02 01:50:00
gyms,userid_1981,2016-03-02 01:50:00
cocktail bars,userid_144,2016-02-25 04:58:04
bars,userid_144,2016-02-25 04:58:04
nightlife,userid_144,2016-02-25 04:58:04
american (traditional),userid_144,2016-02-25 04:58:04
experiences,userid_144,2016-02-25 04:58:04
including wine bars,userid_144,2016-02-25 04:58:04
american (new),userid_144,2016-02-25 04:58:04
restaurants,userid_144,2016-02-25 04:58:04
boot camps,userid_1077,2016-02-15 13:48:00
interval training gyms,userid_1077,2016-02-15 13:48:00
services in fitness & instruction,userid_1077,2016-02-15 13:48:00
active life,userid_1077,2016-02-15 13:48:00
trainers,userid_1077,2016-02-15 13:48:00
gyms,userid_1077,2016-02-15 13:48:00
local services,userid_1263,2016-01-12 23:56:00
transportation,userid_1263,2016-01-12 23:56:00
automotive to meet all your travel,userid_1263,2016-01-12 23:56:00
transportation needs,userid_1263,2016-01-12 23:56:00
taxis,userid_1263,2016-01-12 23:56:00
services including hotels & travel,userid_1263,2016-01-12 23:56:00
gun/rifle ranges,userid_676,2016-01-10 02:47:00
active life,userid_676,2016-01-10 02:47:00
including restaurants,userid_989,2016-01-02 22:14:00
american (traditional),userid_989,2016-01-02 22:14:00
burgers,userid_989,2016-01-02 22:14:00
making it a perfect spot for any meal of the day,userid_989,2016-01-02 22:14:00
american (new),userid_989,2016-01-02 22:14:00
breakfast & brunch,userid_989,2016-01-02 22:14:00
options,userid_989,2016-01-02 22:14:00
diners,userid_989,2016-01-02 22:14:00
