s_suppkey,s_name,s_address,s_acctbal,s_comment,s_nationkey,supplier_nation_name,supplier_region_name,ps_partkey,ps_availqty,ps_supplycost,context_nationkey,context_nation_name,context_regionkey,context_region_id,context_region_name,context_nation_comment,context_region_comment
39,Supplier#000000039,"2e0rD92Bmb5 ZtqmjQoR,AHlOJHHM6WMj",6115.65,"ts. special, final requests along the thinly regular accounts are across the bold pac",8,INDIA,ASIA,2,3025,306.39,8,INDIA,2,2,ASIA,uriously unusual deposits about the slyly final pinto beans could,"c, special dependencies around "
16,Supplier#000000016,3HbVoWVsjn4fTfQGgYTsMaDvMINBIDXqeBwK,2972.26,platelets thrash against the slyly special req,22,RUSSIA,EUROPE,52,1937,210.44,22,RUSSIA,3,3,EUROPE,uctions. furiously unusual instructions sleep furiously ironic packages. slyly ,e dolphins are furiously about the carefully 
41,Supplier#000000041,lrZlgk9WXVsveglFty,6942.67,ss courts: blithely ironic excuses might haggl,18,CHINA,ASIA,148,2957,250.98,18,CHINA,2,2,ASIA,"ckly special packages cajole slyly. unusual, unusual theodolites mold furiously. slyly sile","c, special dependencies around "
11,Supplier#000000011,iLv7z1f1 51re0Rp,3393.08,"efully across the furiously regular requests. pending, regular instructions against the bold, expre",18,CHINA,ASIA,195,2947,271.39,18,CHINA,2,2,ASIA,"ckly special packages cajole slyly. unusual, unusual theodolites mold furiously. slyly sile","c, special dependencies around "
39,Supplier#000000039,"2e0rD92Bmb5 ZtqmjQoR,AHlOJHHM6WMj",6115.65,"ts. special, final requests along the thinly regular accounts are across the bold pac",8,INDIA,ASIA,240,1831,243.03,8,INDIA,2,2,ASIA,uriously unusual deposits about the slyly final pinto beans could,"c, special dependencies around "
35,Supplier#000000035,"btEEk4uH55bVcxqqo355 x0WMmrK6,bOU",4381.41,lyly above the furiously ironic attainments. pending dugouts was quic,21,VIETNAM,ASIA,267,2112,214.65,21,VIETNAM,2,2,ASIA,lly across the quickly even pinto beans. caref,"c, special dependencies around "
35,Supplier#000000035,"btEEk4uH55bVcxqqo355 x0WMmrK6,bOU",4381.41,lyly above the furiously ironic attainments. pending dugouts was quic,21,VIETNAM,ASIA,284,3166,261.10,21,VIETNAM,2,2,ASIA,lly across the quickly even pinto beans. caref,"c, special dependencies around "
41,Supplier#000000041,lrZlgk9WXVsveglFty,6942.67,ss courts: blithely ironic excuses might haggl,18,CHINA,ASIA,336,1661,339.32,18,CHINA,2,2,ASIA,"ckly special packages cajole slyly. unusual, unusual theodolites mold furiously. slyly sile","c, special dependencies around "
3,Supplier#000000003,BZ0kXcHUcHjx62L7CjZSql7gbWQ6RPn5X,4192.40,ong the fluffily idle packages: bold foxes mold silent package,1,ARGENTINA,AMERICA,432,2794,280.03,1,ARGENTINA,1,1,AMERICA,"instructions wake quickly. final deposits haggle. final, silent theodolites ",s are. furiously even pinto bea
42,Supplier#000000042,",2VFvnKBMXIYwP6q2HX8wfJgUZhFvmfyno",6565.11,egular ideas haggle. furiously ironic acco,22,RUSSIA,EUROPE,541,2537,384.66,22,RUSSIA,3,3,EUROPE,uctions. furiously unusual instructions sleep furiously ironic packages. slyly ,e dolphins are furiously about the carefully 
35,Supplier#000000035,"btEEk4uH55bVcxqqo355 x0WMmrK6,bOU",4381.41,lyly above the furiously ironic attainments. pending dugouts was quic,21,VIETNAM,ASIA,659,2479,384.95,21,VIETNAM,2,2,ASIA,lly across the quickly even pinto beans. caref,"c, special dependencies around "
3,Supplier#000000003,BZ0kXcHUcHjx62L7CjZSql7gbWQ6RPn5X,4192.40,ong the fluffily idle packages: bold foxes mold silent package,1,ARGENTINA,AMERICA,802,3035,234.39,1,ARGENTINA,1,1,AMERICA,"instructions wake quickly. final deposits haggle. final, silent theodolites ",s are. furiously even pinto bea
42,Supplier#000000042,",2VFvnKBMXIYwP6q2HX8wfJgUZhFvmfyno",6565.11,egular ideas haggle. furiously ironic acco,22,RUSSIA,EUROPE,813,1629,319.29,22,RUSSIA,3,3,EUROPE,uctions. furiously unusual instructions sleep furiously ironic packages. slyly ,e dolphins are furiously about the carefully 
16,Supplier#000000016,3HbVoWVsjn4fTfQGgYTsMaDvMINBIDXqeBwK,2972.26,platelets thrash against the slyly special req,22,RUSSIA,EUROPE,815,2259,207.25,22,RUSSIA,3,3,EUROPE,uctions. furiously unusual instructions sleep furiously ironic packages. slyly ,e dolphins are furiously about the carefully 
39,Supplier#000000039,"2e0rD92Bmb5 ZtqmjQoR,AHlOJHHM6WMj",6115.65,"ts. special, final requests along the thinly regular accounts are across the bold pac",8,INDIA,ASIA,832,2365,306.10,8,INDIA,2,2,ASIA,uriously unusual deposits about the slyly final pinto beans could,"c, special dependencies around "
16,Supplier#000000016,3HbVoWVsjn4fTfQGgYTsMaDvMINBIDXqeBwK,2972.26,platelets thrash against the slyly special req,22,RUSSIA,EUROPE,886,2513,266.96,22,RUSSIA,3,3,EUROPE,uctions. furiously unusual instructions sleep furiously ironic packages. slyly ,e dolphins are furiously about the carefully 
35,Supplier#000000035,"btEEk4uH55bVcxqqo355 x0WMmrK6,bOU",4381.41,lyly above the furiously ironic attainments. pending dugouts was quic,21,VIETNAM,ASIA,897,2110,368.66,21,VIETNAM,2,2,ASIA,lly across the quickly even pinto beans. caref,"c, special dependencies around "
16,Supplier#000000016,3HbVoWVsjn4fTfQGgYTsMaDvMINBIDXqeBwK,2972.26,platelets thrash against the slyly special req,22,RUSSIA,EUROPE,925,2592,299.69,22,RUSSIA,3,3,EUROPE,uctions. furiously unusual instructions sleep furiously ironic packages. slyly ,e dolphins are furiously about the carefully 
41,Supplier#000000041,lrZlgk9WXVsveglFty,6942.67,ss courts: blithely ironic excuses might haggl,18,CHINA,ASIA,997,2003,234.72,18,CHINA,2,2,ASIA,"ckly special packages cajole slyly. unusual, unusual theodolites mold furiously. slyly sile","c, special dependencies around "
