business_name,category,review_time,rating
Great Harvest Bread Co,options in the categories of food,2016-06-27 02:25:00,5
Great Harvest Bread Co,restaurants,2016-06-27 02:25:00,5
Great Harvest Bread Co,sandwiches,2016-06-27 02:25:00,5
Great Harvest Bread Co,breakfast & brunch,2016-06-27 02:25:00,5
Great Harvest Bread Co,bakeries,2016-06-27 02:25:00,5
Breeze Blow Dry Bar,services,2016-06-24 19:38:03,5
Breeze Blow Dry Bar,including hair salons,2016-06-24 19:38:03,5
Breeze Blow Dry Bar,beauty & spas,2016-06-24 19:38:03,5
Breeze Blow Dry Bar,hair stylists,2016-06-24 19:38:03,5
Breeze Blow Dry Bar,skin care,2016-06-24 19:38:03,5
Breeze Blow Dry Bar,blow dry/out services,2016-06-24 19:38:03,5
Breeze Blow Dry Bar,makeup artists,2016-06-24 19:38:03,5
Artesano Gallery & Iron Works,venues & event spaces,2016-06-20 15:01:00,5
Artesano Gallery & Iron Works,event planning & services,2016-06-20 15:01:00,5
Artesano Gallery & Iron Works,making it an ideal choice for hosting memorable gatherings,2016-06-20 15:01:00,5
Artesano Gallery & Iron Works,celebrations,2016-06-20 15:01:00,5
Bywood Seafood Market,fresh catches,2016-06-11 16:54:00,5
Bywood Seafood Market,culinary delights,2016-06-11 16:54:00,5
Bywood Seafood Market,making it a go-to destination for seafood,2016-06-11 16:54:00,5
Bywood Seafood Market,food,2016-06-11 16:54:00,5
Bywood Seafood Market,seafood markets,2016-06-11 16:54:00,5
Bywood Seafood Market,specialty food,2016-06-11 16:54:00,5
Bywood Seafood Market,restaurants enthusiasts,2016-06-11 16:54:00,5
Pit Stop HQ,services including pet groomers,2016-06-09 12:46:00,5
Pit Stop HQ,pet stores,2016-06-09 12:46:00,5
Pit Stop HQ,pet training,2016-06-09 12:46:00,5
Pit Stop HQ,dog walkers,2016-06-09 12:46:00,5
Pit Stop HQ,pet services,2016-06-09 12:46:00,5
Pit Stop HQ,pets,2016-06-09 12:46:00,5
Pit Stop HQ,pet sitting,2016-06-09 12:46:00,5
Luminosity,services,2016-06-06 19:26:00,5
Luminosity,products in the fields of cosmetics & beauty supply,2016-06-06 19:26:00,5
Luminosity,cosmetic dentists,2016-06-06 19:26:00,5
Luminosity,tanning,2016-06-06 19:26:00,5
Luminosity,teeth whitening,2016-06-06 19:26:00,5
Luminosity,beauty & spas,2016-06-06 19:26:00,5
Luminosity,dentists,2016-06-06 19:26:00,5
Luminosity,shopping,2016-06-06 19:26:00,5
Luminosity,blow dry/out services,2016-06-06 19:26:00,5
Luminosity,health & medical,2016-06-06 19:26:00,5
Luminosity,spray tanning,2016-06-06 19:26:00,5
Luminosity,hair salons,2016-06-06 19:26:00,5
"Allan Link,DMD - The DentaLink",services in cosmetic dentists,2016-06-03 20:33:00,5
"Allan Link,DMD - The DentaLink",periodontists,2016-06-03 20:33:00,5
"Allan Link,DMD - The DentaLink",dentists,2016-06-03 20:33:00,5
"Allan Link,DMD - The DentaLink",health & medical,2016-06-03 20:33:00,5
"Allan Link,DMD - The DentaLink",general dentistry to cater to all your oral health needs,2016-06-03 20:33:00,5
Orangetheory Fitness Carrollwood,services in fitness & instruction,2016-06-03 11:51:00,5
Orangetheory Fitness Carrollwood,gyms,2016-06-03 11:51:00,5
Orangetheory Fitness Carrollwood,boot camps,2016-06-03 11:51:00,5
Orangetheory Fitness Carrollwood,trainers,2016-06-03 11:51:00,5
Orangetheory Fitness Carrollwood,active life,2016-06-03 11:51:00,5
Orangetheory Fitness Carrollwood,interval training gyms,2016-06-03 11:51:00,5
Orangetheory Fitness Carrollwood,services in fitness & instruction,2016-06-02 18:48:00,5
Orangetheory Fitness Carrollwood,gyms,2016-06-02 18:48:00,5
Orangetheory Fitness Carrollwood,boot camps,2016-06-02 18:48:00,5
Orangetheory Fitness Carrollwood,trainers,2016-06-02 18:48:00,5
Orangetheory Fitness Carrollwood,active life,2016-06-02 18:48:00,5
Orangetheory Fitness Carrollwood,interval training gyms,2016-06-02 18:48:00,5
Orangetheory Fitness Carrollwood,services in fitness & instruction,2016-05-25 15:30:00,5
Orangetheory Fitness Carrollwood,gyms,2016-05-25 15:30:00,5
Orangetheory Fitness Carrollwood,boot camps,2016-05-25 15:30:00,5
Orangetheory Fitness Carrollwood,trainers,2016-05-25 15:30:00,5
Orangetheory Fitness Carrollwood,active life,2016-05-25 15:30:00,5
Orangetheory Fitness Carrollwood,interval training gyms,2016-05-25 15:30:00,5
Coffee House Too Cafe,restaurants,2016-05-24 23:15:00,5
Coffee House Too Cafe,breakfast & brunch,2016-05-24 23:15:00,5
Coffee House Too Cafe,american (new),2016-05-24 23:15:00,5
Coffee House Too Cafe,cafes,2016-05-24 23:15:00,5
Coffee House Too Cafe,perfect for a cozy meal any time of the day,2016-05-24 23:15:00,5
Coffee House Too Cafe,restaurants,2016-05-23 23:49:00,5
Coffee House Too Cafe,breakfast & brunch,2016-05-23 23:49:00,5
Coffee House Too Cafe,american (new),2016-05-23 23:49:00,5
Coffee House Too Cafe,cafes,2016-05-23 23:49:00,5
Coffee House Too Cafe,perfect for a cozy meal any time of the day,2016-05-23 23:49:00,5
Gram's Place,services in the hospitality sector,2016-05-17 18:50:00,5
Gram's Place,including hotels & travel,2016-05-17 18:50:00,5
Gram's Place,hostels,2016-05-17 18:50:00,5
Gram's Place,bed & breakfast,2016-05-17 18:50:00,5
Gram's Place,hotels,2016-05-17 18:50:00,5
Gram's Place,event planning & services,2016-05-17 18:50:00,5
Orangetheory Fitness Carrollwood,services in fitness & instruction,2016-05-13 14:24:00,5
Orangetheory Fitness Carrollwood,gyms,2016-05-13 14:24:00,5
Orangetheory Fitness Carrollwood,boot camps,2016-05-13 14:24:00,5
Orangetheory Fitness Carrollwood,trainers,2016-05-13 14:24:00,5
Orangetheory Fitness Carrollwood,active life,2016-05-13 14:24:00,5
Orangetheory Fitness Carrollwood,interval training gyms,2016-05-13 14:24:00,5
Gram's Place,services in the hospitality sector,2016-05-09 00:31:00,5
Gram's Place,including hotels & travel,2016-05-09 00:31:00,5
Gram's Place,hostels,2016-05-09 00:31:00,5
Gram's Place,bed & breakfast,2016-05-09 00:31:00,5
Gram's Place,hotels,2016-05-09 00:31:00,5
Gram's Place,event planning & services,2016-05-09 00:31:00,5
Coffee House Too Cafe,restaurants,2016-05-08 03:51:05,5
Coffee House Too Cafe,breakfast & brunch,2016-05-08 03:51:05,5
Coffee House Too Cafe,american (new),2016-05-08 03:51:05,5
Coffee House Too Cafe,cafes,2016-05-08 03:51:05,5
Coffee House Too Cafe,perfect for a cozy meal any time of the day,2016-05-08 03:51:05,5
Breeze Blow Dry Bar,services,2016-04-23 04:32:00,5
Breeze Blow Dry Bar,including hair salons,2016-04-23 04:32:00,5
Breeze Blow Dry Bar,beauty & spas,2016-04-23 04:32:00,5
Breeze Blow Dry Bar,hair stylists,2016-04-23 04:32:00,5
Breeze Blow Dry Bar,skin care,2016-04-23 04:32:00,5
Breeze Blow Dry Bar,blow dry/out services,2016-04-23 04:32:00,5
Breeze Blow Dry Bar,makeup artists,2016-04-23 04:32:00,5
Coffee House Too Cafe,restaurants,2016-04-18 18:16:00,5
Coffee House Too Cafe,breakfast & brunch,2016-04-18 18:16:00,5
Coffee House Too Cafe,american (new),2016-04-18 18:16:00,5
Coffee House Too Cafe,cafes,2016-04-18 18:16:00,5
Coffee House Too Cafe,perfect for a cozy meal any time of the day,2016-04-18 18:16:00,5
Steps to Learning Montessori Preschool,services in education,2016-04-06 17:09:00,5
Steps to Learning Montessori Preschool,elementary schools,2016-04-06 17:09:00,5
Steps to Learning Montessori Preschool,child care & day care,2016-04-06 17:09:00,5
Steps to Learning Montessori Preschool,local services,2016-04-06 17:09:00,5
Steps to Learning Montessori Preschool,preschools,2016-04-06 17:09:00,5
Steps to Learning Montessori Preschool,montessori schools,2016-04-06 17:09:00,5
Coffee House Too Cafe,restaurants,2016-04-02 23:09:00,5
Coffee House Too Cafe,breakfast & brunch,2016-04-02 23:09:00,5
Coffee House Too Cafe,american (new),2016-04-02 23:09:00,5
Coffee House Too Cafe,cafes,2016-04-02 23:09:00,5
Coffee House Too Cafe,perfect for a cozy meal any time of the day,2016-04-02 23:09:00,5
Take 5 Oil Change,automotive,2016-03-31 15:31:00,5
Take 5 Oil Change,oil change stations,2016-03-31 15:31:00,5
Take 5 Oil Change,providing efficient service for all your vehicle maintenance needs,2016-03-31 15:31:00,5
Salt + Smoke,restaurants,2016-03-28 01:57:00,5
Salt + Smoke,american (traditional),2016-03-28 01:57:00,5
Salt + Smoke,barbeque,2016-03-28 01:57:00,5
Salt + Smoke,cocktail bars,2016-03-28 01:57:00,5
Salt + Smoke,bars,2016-03-28 01:57:00,5
Salt + Smoke,nightlife,2016-03-28 01:57:00,5
Orangetheory Fitness Carrollwood,services in fitness & instruction,2016-03-24 21:40:00,5
Orangetheory Fitness Carrollwood,gyms,2016-03-24 21:40:00,5
Orangetheory Fitness Carrollwood,boot camps,2016-03-24 21:40:00,5
Orangetheory Fitness Carrollwood,trainers,2016-03-24 21:40:00,5
Orangetheory Fitness Carrollwood,active life,2016-03-24 21:40:00,5
Orangetheory Fitness Carrollwood,interval training gyms,2016-03-24 21:40:00,5
TITLE Boxing Club,services in fitness & instruction,2016-03-16 00:54:00,5
TITLE Boxing Club,gyms,2016-03-16 00:54:00,5
TITLE Boxing Club,trainers,2016-03-16 00:54:00,5
TITLE Boxing Club,active life,2016-03-16 00:54:00,5
TITLE Boxing Club,boxing,2016-03-16 00:54:00,5
TITLE Boxing Club,catering to all levels of fitness enthusiasts,2016-03-16 00:54:00,5
Salt + Smoke,restaurants,2016-03-13 00:55:00,5
Salt + Smoke,american (traditional),2016-03-13 00:55:00,5
Salt + Smoke,barbeque,2016-03-13 00:55:00,5
Salt + Smoke,cocktail bars,2016-03-13 00:55:00,5
Salt + Smoke,bars,2016-03-13 00:55:00,5
Salt + Smoke,nightlife,2016-03-13 00:55:00,5
Whitemarsh Jewelers,items in the categories of shopping,2016-03-12 15:27:00,5
Whitemarsh Jewelers,jewelry,2016-03-12 15:27:00,5
Lithia Ford Lincoln of Boise,automotive,2016-03-11 20:16:00,5
Lithia Ford Lincoln of Boise,auto repair,2016-03-11 20:16:00,5
Lithia Ford Lincoln of Boise,car dealers,2016-03-11 20:16:00,5
Lithia Ford Lincoln of Boise,auto parts & supplies,2016-03-11 20:16:00,5
Coffee House Too Cafe,restaurants,2016-03-10 20:09:00,5
Coffee House Too Cafe,breakfast & brunch,2016-03-10 20:09:00,5
Coffee House Too Cafe,american (new),2016-03-10 20:09:00,5
Coffee House Too Cafe,cafes,2016-03-10 20:09:00,5
Coffee House Too Cafe,perfect for a cozy meal any time of the day,2016-03-10 20:09:00,5
Pho & Beyond,authentic flavors in the categories of 'restaurants,2016-03-07 18:11:00,5
Pho & Beyond,vietnamese',2016-03-07 18:11:00,5
VE MOTORS,auto repair,2016-03-06 21:20:00,5
VE MOTORS,car dealers,2016-03-06 21:20:00,5
VE MOTORS,automotive services,2016-03-06 21:20:00,5
VE MOTORS,providing comprehensive solutions for all your vehicle needs,2016-03-06 21:20:00,5
The Jungle,restaurants,2016-03-03 03:45:00,5
The Jungle,breakfast & brunch,2016-03-03 03:45:00,5
The Jungle,bars,2016-03-03 03:45:00,5
The Jungle,wine bars,2016-03-03 03:45:00,5
The Jungle,coffee & tea,2016-03-03 03:45:00,5
The Jungle,food,2016-03-03 03:45:00,5
The Jungle,cafes,2016-03-03 03:45:00,5
The Jungle,sandwiches,2016-03-03 03:45:00,5
The Jungle,nightlife,2016-03-03 03:45:00,5
The Jungle,making it an ideal spot for any meal or occasion,2016-03-03 03:45:00,5
"Allan Link,DMD - The DentaLink",services in cosmetic dentists,2016-03-02 23:35:00,5
"Allan Link,DMD - The DentaLink",periodontists,2016-03-02 23:35:00,5
"Allan Link,DMD - The DentaLink",dentists,2016-03-02 23:35:00,5
"Allan Link,DMD - The DentaLink",health & medical,2016-03-02 23:35:00,5
"Allan Link,DMD - The DentaLink",general dentistry to cater to all your oral health needs,2016-03-02 23:35:00,5
Battleground Hospital For Animals,services for animal lovers,2016-03-02 22:59:37,5
Battleground Hospital For Animals,including veterinarians,2016-03-02 22:59:37,5
Battleground Hospital For Animals,pets,2016-03-02 22:59:37,5
Battleground Hospital For Animals,pet groomers,2016-03-02 22:59:37,5
Battleground Hospital For Animals,pet services,2016-03-02 22:59:37,5
Battleground Hospital For Animals,pet boarding,2016-03-02 22:59:37,5
Battleground Hospital For Animals,pet sitting,2016-03-02 22:59:37,5
TITLE Boxing Club,services in fitness & instruction,2016-03-02 01:50:00,5
TITLE Boxing Club,gyms,2016-03-02 01:50:00,5
TITLE Boxing Club,trainers,2016-03-02 01:50:00,5
TITLE Boxing Club,active life,2016-03-02 01:50:00,5
TITLE Boxing Club,boxing,2016-03-02 01:50:00,5
TITLE Boxing Club,catering to all levels of fitness enthusiasts,2016-03-02 01:50:00,5
Coffee House Too Cafe,restaurants,2016-02-21 18:43:00,5
Coffee House Too Cafe,breakfast & brunch,2016-02-21 18:43:00,5
Coffee House Too Cafe,american (new),2016-02-21 18:43:00,5
Coffee House Too Cafe,cafes,2016-02-21 18:43:00,5
Coffee House Too Cafe,perfect for a cozy meal any time of the day,2016-02-21 18:43:00,5
Chick-fil-A,options,2016-02-17 23:14:00,5
Chick-fil-A,including restaurants,2016-02-17 23:14:00,5
Chick-fil-A,american (new),2016-02-17 23:14:00,5
Chick-fil-A,caterers,2016-02-17 23:14:00,5
Chick-fil-A,fast food,2016-02-17 23:14:00,5
Chick-fil-A,chicken shop,2016-02-17 23:14:00,5
Chick-fil-A,event planning & services,2016-02-17 23:14:00,5
Chick-fil-A,american (traditional),2016-02-17 23:14:00,5
China Wok,dishes in the category of 'restaurants,2016-02-17 22:34:00,5
China Wok,chinese',2016-02-17 22:34:00,5
Lithia Ford Lincoln of Boise,automotive,2016-02-17 00:37:00,5
Lithia Ford Lincoln of Boise,auto repair,2016-02-17 00:37:00,5
Lithia Ford Lincoln of Boise,car dealers,2016-02-17 00:37:00,5
Lithia Ford Lincoln of Boise,auto parts & supplies,2016-02-17 00:37:00,5
Take 5 Oil Change,automotive,2016-02-05 21:47:00,5
Take 5 Oil Change,oil change stations,2016-02-05 21:47:00,5
Take 5 Oil Change,providing efficient service for all your vehicle maintenance needs,2016-02-05 21:47:00,5
Coffee House Too Cafe,restaurants,2016-02-02 00:07:00,5
Coffee House Too Cafe,breakfast & brunch,2016-02-02 00:07:00,5
Coffee House Too Cafe,american (new),2016-02-02 00:07:00,5
Coffee House Too Cafe,cafes,2016-02-02 00:07:00,5
Coffee House Too Cafe,perfect for a cozy meal any time of the day,2016-02-02 00:07:00,5
Coffee House Too Cafe,restaurants,2016-01-18 13:43:00,5
Coffee House Too Cafe,breakfast & brunch,2016-01-18 13:43:00,5
Coffee House Too Cafe,american (new),2016-01-18 13:43:00,5
Coffee House Too Cafe,cafes,2016-01-18 13:43:00,5
Coffee House Too Cafe,perfect for a cozy meal any time of the day,2016-01-18 13:43:00,5
Coffee House Too Cafe,restaurants,2016-01-16 16:48:00,5
Coffee House Too Cafe,breakfast & brunch,2016-01-16 16:48:00,5
Coffee House Too Cafe,american (new),2016-01-16 16:48:00,5
Coffee House Too Cafe,cafes,2016-01-16 16:48:00,5
Coffee House Too Cafe,perfect for a cozy meal any time of the day,2016-01-16 16:48:00,5
Lithia Ford Lincoln of Boise,automotive,2016-01-04 02:38:00,5
Lithia Ford Lincoln of Boise,auto repair,2016-01-04 02:38:00,5
Lithia Ford Lincoln of Boise,car dealers,2016-01-04 02:38:00,5
Lithia Ford Lincoln of Boise,auto parts & supplies,2016-01-04 02:38:00,5
Coffee House Too Cafe,restaurants,2016-01-03 14:57:00,5
Coffee House Too Cafe,breakfast & brunch,2016-01-03 14:57:00,5
Coffee House Too Cafe,american (new),2016-01-03 14:57:00,5
Coffee House Too Cafe,cafes,2016-01-03 14:57:00,5
Coffee House Too Cafe,perfect for a cozy meal any time of the day,2016-01-03 14:57:00,5
Fox and Hound English Pub and Grille,american (new),2016-06-12 11:23:00,4
Fox and Hound English Pub and Grille,nightlife,2016-06-12 11:23:00,4
Fox and Hound English Pub and Grille,bars,2016-06-12 11:23:00,4
Fox and Hound English Pub and Grille,restaurants,2016-06-12 11:23:00,4
Fox and Hound English Pub and Grille,pubs,2016-06-12 11:23:00,4
Taco Bell,tex-mex,2016-05-16 22:46:00,4
Taco Bell,tacos,2016-05-16 22:46:00,4
Taco Bell,restaurants,2016-05-16 22:46:00,4
Taco Bell,breakfast & brunch,2016-05-16 22:46:00,4
Taco Bell,sandwiches,2016-05-16 22:46:00,4
Taco Bell,mexican,2016-05-16 22:46:00,4
Taco Bell,fast food,2016-05-16 22:46:00,4
Taco Bell,perfect for satisfying any craving at any time of day,2016-05-16 22:46:00,4
Insomnia Cookies,treats,2016-05-05 16:45:00,4
Insomnia Cookies,including ice cream & frozen yogurt,2016-05-05 16:45:00,4
Insomnia Cookies,food,2016-05-05 16:45:00,4
Insomnia Cookies,food delivery services,2016-05-05 16:45:00,4
Insomnia Cookies,bakeries,2016-05-05 16:45:00,4
Insomnia Cookies,desserts,2016-05-05 16:45:00,4
Candy Barrel,treats,2016-04-17 00:00:00,4
Candy Barrel,making it a must-visit for anyone seeking candy stores,2016-04-17 00:00:00,4
Candy Barrel,specialty food,2016-04-17 00:00:00,4
Candy Barrel,food,2016-04-17 00:00:00,4
Coffee House Too Cafe,restaurants,2016-03-15 16:12:00,4
Coffee House Too Cafe,breakfast & brunch,2016-03-15 16:12:00,4
Coffee House Too Cafe,american (new),2016-03-15 16:12:00,4
Coffee House Too Cafe,cafes,2016-03-15 16:12:00,4
Coffee House Too Cafe,perfect for a cozy meal any time of the day,2016-03-15 16:12:00,4
Breeze Blow Dry Bar,services,2016-02-21 20:50:00,4
Breeze Blow Dry Bar,including hair salons,2016-02-21 20:50:00,4
Breeze Blow Dry Bar,beauty & spas,2016-02-21 20:50:00,4
Breeze Blow Dry Bar,hair stylists,2016-02-21 20:50:00,4
Breeze Blow Dry Bar,skin care,2016-02-21 20:50:00,4
Breeze Blow Dry Bar,blow dry/out services,2016-02-21 20:50:00,4
Breeze Blow Dry Bar,makeup artists,2016-02-21 20:50:00,4
Chick-fil-A,options,2016-02-19 04:37:00,4
Chick-fil-A,including restaurants,2016-02-19 04:37:00,4
Chick-fil-A,american (new),2016-02-19 04:37:00,4
Chick-fil-A,caterers,2016-02-19 04:37:00,4
Chick-fil-A,fast food,2016-02-19 04:37:00,4
Chick-fil-A,chicken shop,2016-02-19 04:37:00,4
Chick-fil-A,event planning & services,2016-02-19 04:37:00,4
Chick-fil-A,american (traditional),2016-02-19 04:37:00,4
Great Harvest Bread Co,options in the categories of food,2016-02-13 03:47:00,4
Great Harvest Bread Co,restaurants,2016-02-13 03:47:00,4
Great Harvest Bread Co,sandwiches,2016-02-13 03:47:00,4
Great Harvest Bread Co,breakfast & brunch,2016-02-13 03:47:00,4
Great Harvest Bread Co,bakeries,2016-02-13 03:47:00,4
7-Eleven,services including service stations,2016-01-24 01:25:00,4
7-Eleven,coffee & tea,2016-01-24 01:25:00,4
7-Eleven,gas stations,2016-01-24 01:25:00,4
7-Eleven,automotive,2016-01-24 01:25:00,4
7-Eleven,gas stations,2016-01-24 01:25:00,4
7-Eleven,food,2016-01-24 01:25:00,4
7-Eleven,convenience stores,2016-01-24 01:25:00,4
Miles Table,options,2016-01-11 20:06:01,4
Miles Table,perfect for any occasion,2016-01-11 20:06:01,4
Miles Table,including restaurants,2016-01-11 20:06:01,4
Miles Table,coffee & tea,2016-01-11 20:06:01,4
Miles Table,food,2016-01-11 20:06:01,4
Miles Table,breakfast & brunch,2016-01-11 20:06:01,4
Miles Table,event planning & services,2016-01-11 20:06:01,4
Miles Table,american (traditional),2016-01-11 20:06:01,4
Miles Table,caterers,2016-01-11 20:06:01,4
Coffee House Too Cafe,restaurants,2016-01-05 20:22:00,4
Coffee House Too Cafe,breakfast & brunch,2016-01-05 20:22:00,4
Coffee House Too Cafe,american (new),2016-01-05 20:22:00,4
Coffee House Too Cafe,cafes,2016-01-05 20:22:00,4
Coffee House Too Cafe,perfect for a cozy meal any time of the day,2016-01-05 20:22:00,4
FroYo Frozen Yogurt,treats in the categories of food,2016-05-17 22:58:00,3
FroYo Frozen Yogurt,ice cream & frozen yogurt,2016-05-17 22:58:00,3
Fox and Hound English Pub and Grille,american (new),2016-05-17 07:05:00,3
Fox and Hound English Pub and Grille,nightlife,2016-05-17 07:05:00,3
Fox and Hound English Pub and Grille,bars,2016-05-17 07:05:00,3
Fox and Hound English Pub and Grille,restaurants,2016-05-17 07:05:00,3
Fox and Hound English Pub and Grille,pubs,2016-05-17 07:05:00,3
Ross Dress for Less,products across various categories,2016-05-06 16:02:13,3
Ross Dress for Less,including women's clothing,2016-05-06 16:02:13,3
Ross Dress for Less,fashion,2016-05-06 16:02:13,3
Ross Dress for Less,department stores,2016-05-06 16:02:13,3
Ross Dress for Less,home decor,2016-05-06 16:02:13,3
Ross Dress for Less,home & garden,2016-05-06 16:02:13,3
Ross Dress for Less,shopping,2016-05-06 16:02:13,3
Ross Dress for Less,men's clothing,2016-05-06 16:02:13,3
Ross Dress for Less,discount store,2016-05-06 16:02:13,3
Coffee House Too Cafe,restaurants,2016-04-29 21:21:00,3
Coffee House Too Cafe,breakfast & brunch,2016-04-29 21:21:00,3
Coffee House Too Cafe,american (new),2016-04-29 21:21:00,3
Coffee House Too Cafe,cafes,2016-04-29 21:21:00,3
Coffee House Too Cafe,perfect for a cozy meal any time of the day,2016-04-29 21:21:00,3
Breeze Blow Dry Bar,services,2016-01-04 19:17:00,3
Breeze Blow Dry Bar,including hair salons,2016-01-04 19:17:00,3
Breeze Blow Dry Bar,beauty & spas,2016-01-04 19:17:00,3
Breeze Blow Dry Bar,hair stylists,2016-01-04 19:17:00,3
Breeze Blow Dry Bar,skin care,2016-01-04 19:17:00,3
Breeze Blow Dry Bar,blow dry/out services,2016-01-04 19:17:00,3
Breeze Blow Dry Bar,makeup artists,2016-01-04 19:17:00,3
Fishtown Diner,options,2016-01-02 22:14:00,3
Fishtown Diner,including restaurants,2016-01-02 22:14:00,3
Fishtown Diner,diners,2016-01-02 22:14:00,3
Fishtown Diner,breakfast & brunch,2016-01-02 22:14:00,3
Fishtown Diner,american (new),2016-01-02 22:14:00,3
Fishtown Diner,american (traditional),2016-01-02 22:14:00,3
Fishtown Diner,burgers,2016-01-02 22:14:00,3
Fishtown Diner,making it a perfect spot for any meal of the day,2016-01-02 22:14:00,3
Panda Express,quick,2016-05-21 18:48:00,2
Panda Express,delicious options in the categories of fast food,2016-05-21 18:48:00,2
Panda Express,chinese,2016-05-21 18:48:00,2
Panda Express,restaurants,2016-05-21 18:48:00,2
Coffee House Too Cafe,restaurants,2016-04-17 20:31:00,2
Coffee House Too Cafe,breakfast & brunch,2016-04-17 20:31:00,2
Coffee House Too Cafe,american (new),2016-04-17 20:31:00,2
Coffee House Too Cafe,cafes,2016-04-17 20:31:00,2
Coffee House Too Cafe,perfect for a cozy meal any time of the day,2016-04-17 20:31:00,2
Orangetheory Fitness Carrollwood,services in fitness & instruction,2016-02-15 13:48:00,2
Orangetheory Fitness Carrollwood,gyms,2016-02-15 13:48:00,2
Orangetheory Fitness Carrollwood,boot camps,2016-02-15 13:48:00,2
Orangetheory Fitness Carrollwood,trainers,2016-02-15 13:48:00,2
Orangetheory Fitness Carrollwood,active life,2016-02-15 13:48:00,2
Orangetheory Fitness Carrollwood,interval training gyms,2016-02-15 13:48:00,2
Coffee House Too Cafe,restaurants,2016-01-01 19:40:00,2
Coffee House Too Cafe,breakfast & brunch,2016-01-01 19:40:00,2
Coffee House Too Cafe,american (new),2016-01-01 19:40:00,2
Coffee House Too Cafe,cafes,2016-01-01 19:40:00,2
Coffee House Too Cafe,perfect for a cozy meal any time of the day,2016-01-01 19:40:00,2
Great Harvest Bread Co,options in the categories of food,2016-06-30 19:27:00,1
Great Harvest Bread Co,restaurants,2016-06-30 19:27:00,1
Great Harvest Bread Co,sandwiches,2016-06-30 19:27:00,1
Great Harvest Bread Co,breakfast & brunch,2016-06-30 19:27:00,1
Great Harvest Bread Co,bakeries,2016-06-30 19:27:00,1
Brandon Family Medical Care,the categories of medical centers,2016-06-29 16:52:00,1
Brandon Family Medical Care,health & medical,2016-06-29 16:52:00,1
Island Way Car Wash,automotive services,2016-06-20 23:50:23,1
Island Way Car Wash,offering a comprehensive car wash,2016-06-20 23:50:23,1
Island Way Car Wash,professional auto detailing to keep your vehicle looking its best,2016-06-20 23:50:23,1
Brandon Family Medical Care,the categories of medical centers,2016-06-13 23:32:00,1
Brandon Family Medical Care,health & medical,2016-06-13 23:32:00,1
Fox and Hound English Pub and Grille,american (new),2016-06-13 00:09:00,1
Fox and Hound English Pub and Grille,nightlife,2016-06-13 00:09:00,1
Fox and Hound English Pub and Grille,bars,2016-06-13 00:09:00,1
Fox and Hound English Pub and Grille,restaurants,2016-06-13 00:09:00,1
Fox and Hound English Pub and Grille,pubs,2016-06-13 00:09:00,1
Ford of Port Richey,services,2016-06-01 12:40:27,1
Ford of Port Richey,products,2016-06-01 12:40:27,1
Ford of Port Richey,including auto parts & supplies,2016-06-01 12:40:27,1
Ford of Port Richey,car dealers,2016-06-01 12:40:27,1
Ford of Port Richey,auto repair,2016-06-01 12:40:27,1
Ford of Port Richey,automotive,2016-06-01 12:40:27,1
Lithia Ford Lincoln of Boise,automotive,2016-05-12 21:06:18,1
Lithia Ford Lincoln of Boise,auto repair,2016-05-12 21:06:18,1
Lithia Ford Lincoln of Boise,car dealers,2016-05-12 21:06:18,1
Lithia Ford Lincoln of Boise,auto parts & supplies,2016-05-12 21:06:18,1
Ford of Port Richey,services,2016-05-10 20:15:12,1
Ford of Port Richey,products,2016-05-10 20:15:12,1
Ford of Port Richey,including auto parts & supplies,2016-05-10 20:15:12,1
Ford of Port Richey,car dealers,2016-05-10 20:15:12,1
Ford of Port Richey,auto repair,2016-05-10 20:15:12,1
Ford of Port Richey,automotive,2016-05-10 20:15:12,1
Ford of Port Richey,services,2016-05-07 15:17:00,1
Ford of Port Richey,products,2016-05-07 15:17:00,1
Ford of Port Richey,including auto parts & supplies,2016-05-07 15:17:00,1
Ford of Port Richey,car dealers,2016-05-07 15:17:00,1
Ford of Port Richey,auto repair,2016-05-07 15:17:00,1
Ford of Port Richey,automotive,2016-05-07 15:17:00,1
Island Way Car Wash,automotive services,2016-04-19 23:46:00,1
Island Way Car Wash,offering a comprehensive car wash,2016-04-19 23:46:00,1
Island Way Car Wash,professional auto detailing to keep your vehicle looking its best,2016-04-19 23:46:00,1
Artesano Gallery & Iron Works,venues & event spaces,2016-04-09 21:51:00,1
Artesano Gallery & Iron Works,event planning & services,2016-04-09 21:51:00,1
Artesano Gallery & Iron Works,making it an ideal choice for hosting memorable gatherings,2016-04-09 21:51:00,1
Artesano Gallery & Iron Works,celebrations,2016-04-09 21:51:00,1
Brow Art,services in the categories of beauty & spas,2016-03-29 10:58:00,1
Brow Art,hair removal,2016-03-29 10:58:00,1
Brow Art,eyebrow services,2016-03-29 10:58:00,1
King of Prussia Laundromat,services including dry cleaning & laundry,2016-03-27 00:58:00,1
King of Prussia Laundromat,laundromat,2016-03-27 00:58:00,1
King of Prussia Laundromat,local services,2016-03-27 00:58:00,1
King of Prussia Laundromat,laundry services,2016-03-27 00:58:00,1
Fantastic Sams Cut & Color,services including barbers,2016-03-25 21:45:04,1
Fantastic Sams Cut & Color,hair salons,2016-03-25 21:45:04,1
Fantastic Sams Cut & Color,beauty & spas,2016-03-25 21:45:04,1
Fantastic Sams Cut & Color,hair removal,2016-03-25 21:45:04,1
Ford of Port Richey,services,2016-03-20 12:59:00,1
Ford of Port Richey,products,2016-03-20 12:59:00,1
Ford of Port Richey,including auto parts & supplies,2016-03-20 12:59:00,1
Ford of Port Richey,car dealers,2016-03-20 12:59:00,1
Ford of Port Richey,auto repair,2016-03-20 12:59:00,1
Ford of Port Richey,automotive,2016-03-20 12:59:00,1
Brow Art,services in the categories of beauty & spas,2016-03-10 23:52:49,1
Brow Art,hair removal,2016-03-10 23:52:49,1
Brow Art,eyebrow services,2016-03-10 23:52:49,1
Panda Express,quick,2016-02-21 01:51:00,1
Panda Express,delicious options in the categories of fast food,2016-02-21 01:51:00,1
Panda Express,chinese,2016-02-21 01:51:00,1
Panda Express,restaurants,2016-02-21 01:51:00,1
Orangetheory Fitness Carrollwood,services in fitness & instruction,2016-01-14 05:28:00,1
Orangetheory Fitness Carrollwood,gyms,2016-01-14 05:28:00,1
Orangetheory Fitness Carrollwood,boot camps,2016-01-14 05:28:00,1
Orangetheory Fitness Carrollwood,trainers,2016-01-14 05:28:00,1
Orangetheory Fitness Carrollwood,active life,2016-01-14 05:28:00,1
Orangetheory Fitness Carrollwood,interval training gyms,2016-01-14 05:28:00,1
Fox and Hound English Pub and Grille,american (new),2016-01-01 02:46:00,1
Fox and Hound English Pub and Grille,nightlife,2016-01-01 02:46:00,1
Fox and Hound English Pub and Grille,bars,2016-01-01 02:46:00,1
Fox and Hound English Pub and Grille,restaurants,2016-01-01 02:46:00,1
Fox and Hound English Pub and Grille,pubs,2016-01-01 02:46:00,1
