review_time,rating,purchase_id,book_id,title
2023-05-28 10:53:00,5,purchaseid_83,bookid_83,Bisous and Brioche: Classic French Recipes and Family Favorites from a Life in France
2023-05-16 17:49:00,5,purchaseid_13,bookid_13,Girl Made of Glass
2023-04-26 11:55:00,5,purchaseid_149,bookid_149,Trouble in the CTC!: The Terra Prime Adventures Book 2
2023-04-25 19:47:00,5,purchaseid_13,bookid_13,Girl Made of Glass
2023-04-25 15:15:00,5,purchaseid_74,bookid_74,Child Of The King A Journey of Hope Book 1: Earthly Story With A Heavenly Message
2023-04-06 08:24:38,5,purchaseid_13,bookid_13,Girl Made of Glass
2023-04-05 05:02:00,5,purchaseid_13,bookid_13,Girl Made of Glass
2023-04-04 18:52:00,5,purchaseid_13,bookid_13,Girl Made of Glass
2023-04-04 18:46:00,5,purchaseid_13,bookid_13,Girl Made of Glass
2023-04-02 07:47:00,5,purchaseid_13,bookid_13,Girl Made of Glass
2023-03-30 18:58:00,5,purchaseid_39,bookid_39,The Melancholy Strumpet Master
2023-03-16 13:03:00,5,purchaseid_115,bookid_115,The Mid-Atlantic Championship
2023-03-16 00:09:00,5,purchaseid_39,bookid_39,The Melancholy Strumpet Master
2023-03-15 11:56:00,5,purchaseid_33,bookid_33,More Together: 25 Years of Peer Practice at On Our Own Charlottesville
2023-03-06 10:15:00,5,purchaseid_74,bookid_74,Child Of The King A Journey of Hope Book 1: Earthly Story With A Heavenly Message
2023-03-06 05:38:00,5,purchaseid_96,bookid_96,"Cheer Up, Ben Franklin! (Young Historians)"
2023-03-01 16:00:00,5,purchaseid_149,bookid_149,Trouble in the CTC!: The Terra Prime Adventures Book 2
2023-02-24 12:46:00,5,purchaseid_12,bookid_12,Heart of Silk and Shadows: A Fae Fantasy Romance (Fae Isles)
2023-02-22 10:01:49,5,purchaseid_13,bookid_13,Girl Made of Glass
2023-02-14 16:34:00,4,purchaseid_149,bookid_149,Trouble in the CTC!: The Terra Prime Adventures Book 2
2023-02-14 07:36:00,5,purchaseid_152,bookid_152,Around the World Mazes
2023-02-11 10:33:00,5,purchaseid_74,bookid_74,Child Of The King A Journey of Hope Book 1: Earthly Story With A Heavenly Message
2023-02-09 20:25:00,5,purchaseid_13,bookid_13,Girl Made of Glass
2023-02-07 14:15:18,4,purchaseid_13,bookid_13,Girl Made of Glass
2023-02-01 14:52:00,5,purchaseid_74,bookid_74,Child Of The King A Journey of Hope Book 1: Earthly Story With A Heavenly Message
2023-01-31 18:49:00,5,purchaseid_13,bookid_13,Girl Made of Glass
2023-01-30 16:09:00,5,purchaseid_13,bookid_13,Girl Made of Glass
2023-01-29 04:17:00,5,purchaseid_13,bookid_13,Girl Made of Glass
2023-01-14 08:35:00,5,purchaseid_74,bookid_74,Child Of The King A Journey of Hope Book 1: Earthly Story With A Heavenly Message
2023-01-05 21:58:11,5,purchaseid_74,bookid_74,Child Of The King A Journey of Hope Book 1: Earthly Story With A Heavenly Message
2023-01-05 10:31:00,5,purchaseid_74,bookid_74,Child Of The King A Journey of Hope Book 1: Earthly Story With A Heavenly Message
2023-01-02 11:29:10,5,purchaseid_99,bookid_99,Buddy the Soldier Bear
2022-12-26 20:17:00,5,purchaseid_74,bookid_74,Child Of The King A Journey of Hope Book 1: Earthly Story With A Heavenly Message
2022-11-28 15:24:00,5,purchaseid_149,bookid_149,Trouble in the CTC!: The Terra Prime Adventures Book 2
2022-10-03 08:44:00,5,purchaseid_149,bookid_149,Trouble in the CTC!: The Terra Prime Adventures Book 2
2022-09-17 13:59:00,5,purchaseid_122,bookid_122,Childe Harold of Dysna
2022-09-15 12:44:00,5,purchaseid_83,bookid_83,Bisous and Brioche: Classic French Recipes and Family Favorites from a Life in France
2022-08-28 07:04:00,4,purchaseid_50,bookid_50,The Mercenary Code (The Shattering of Kingdoms)
2022-07-30 17:16:00,5,purchaseid_144,bookid_144,Forged in Blood (Freehold)
2022-06-12 17:53:48,4,purchaseid_107,bookid_107,The Grim Hunt: Crown of Madness
2022-06-02 09:48:00,5,purchaseid_108,bookid_108,The Library Book
2022-05-08 17:22:00,5,purchaseid_144,bookid_144,Forged in Blood (Freehold)
2022-04-26 22:04:00,5,purchaseid_107,bookid_107,The Grim Hunt: Crown of Madness
2022-03-22 19:56:00,4,purchaseid_158,bookid_158,Cleo Porter and the Body Electric
2022-03-21 10:05:00,5,purchaseid_149,bookid_149,Trouble in the CTC!: The Terra Prime Adventures Book 2
2022-03-14 11:27:00,5,purchaseid_6,bookid_6,"Writings from a Black Woman Living in the Land of the ""Free"": Strength, Power, Resilience"
2022-02-23 17:49:00,5,purchaseid_149,bookid_149,Trouble in the CTC!: The Terra Prime Adventures Book 2
2022-02-19 19:51:00,5,purchaseid_6,bookid_6,"Writings from a Black Woman Living in the Land of the ""Free"": Strength, Power, Resilience"
2022-02-12 19:02:00,5,purchaseid_149,bookid_149,Trouble in the CTC!: The Terra Prime Adventures Book 2
2021-12-27 15:15:07,5,purchaseid_115,bookid_115,The Mid-Atlantic Championship
2021-12-27 14:10:00,4,purchaseid_23,bookid_23,The Promise of Love (The Book of Love)
2021-12-27 06:19:00,5,purchaseid_149,bookid_149,Trouble in the CTC!: The Terra Prime Adventures Book 2
2021-12-06 09:56:00,5,purchaseid_46,bookid_46,Oregon Birds: A Folding Pocket Guide to Familiar Species (Wildlife and Nature Identification)
2021-12-04 19:10:00,5,purchaseid_144,bookid_144,Forged in Blood (Freehold)
2021-12-01 14:39:00,5,purchaseid_149,bookid_149,Trouble in the CTC!: The Terra Prime Adventures Book 2
2021-10-15 08:02:00,5,purchaseid_108,bookid_108,The Library Book
2021-09-01 08:22:00,5,purchaseid_108,bookid_108,The Library Book
2021-07-31 18:34:00,5,purchaseid_23,bookid_23,The Promise of Love (The Book of Love)
2021-07-13 18:05:00,5,purchaseid_184,bookid_184,The Marquess' Rose: A Regency Romance (Ladies of the North)
2021-07-13 12:41:00,5,purchaseid_184,bookid_184,The Marquess' Rose: A Regency Romance (Ladies of the North)
2021-07-10 20:50:00,5,purchaseid_83,bookid_83,Bisous and Brioche: Classic French Recipes and Family Favorites from a Life in France
2021-07-03 20:10:00,5,purchaseid_115,bookid_115,The Mid-Atlantic Championship
2021-06-28 18:11:00,5,purchaseid_170,bookid_170,"Pokémon: Sun & Moon, Vol. 8 (8)"
2021-06-22 12:04:00,5,purchaseid_83,bookid_83,Bisous and Brioche: Classic French Recipes and Family Favorites from a Life in France
2021-06-19 16:05:00,4,purchaseid_72,bookid_72,Sunrise Highway (Lourdes Robles Novels Book 2)
2021-06-16 17:34:00,5,purchaseid_62,bookid_62,David Busch's Canon EOS Rebel T6/1300D Guide to Digital SLR Photography (The David Busch Camera Guide Series)
2021-05-31 09:19:00,5,purchaseid_161,bookid_161,Time's Demon: BOOK II OF THE ISLEVALE CYCLE
2021-05-15 14:41:00,5,purchaseid_83,bookid_83,Bisous and Brioche: Classic French Recipes and Family Favorites from a Life in France
2021-04-25 05:12:00,5,purchaseid_140,bookid_140,The Seep
2021-04-20 10:19:00,5,purchaseid_83,bookid_83,Bisous and Brioche: Classic French Recipes and Family Favorites from a Life in France
2021-04-02 06:20:00,5,purchaseid_50,bookid_50,The Mercenary Code (The Shattering of Kingdoms)
2021-03-30 06:13:00,5,purchaseid_83,bookid_83,Bisous and Brioche: Classic French Recipes and Family Favorites from a Life in France
2021-03-10 19:22:00,5,purchaseid_158,bookid_158,Cleo Porter and the Body Electric
2021-03-06 23:26:00,5,purchaseid_140,bookid_140,The Seep
2021-02-23 22:47:00,5,purchaseid_14,bookid_14,The Old Man and the Pirate Princess
2021-02-15 07:08:00,5,purchaseid_158,bookid_158,Cleo Porter and the Body Electric
2021-02-08 19:52:00,5,purchaseid_83,bookid_83,Bisous and Brioche: Classic French Recipes and Family Favorites from a Life in France
2021-02-02 11:42:00,5,purchaseid_99,bookid_99,Buddy the Soldier Bear
2021-01-30 15:34:00,5,purchaseid_83,bookid_83,Bisous and Brioche: Classic French Recipes and Family Favorites from a Life in France
2021-01-21 14:19:00,5,purchaseid_83,bookid_83,Bisous and Brioche: Classic French Recipes and Family Favorites from a Life in France
2021-01-13 19:59:00,5,purchaseid_158,bookid_158,Cleo Porter and the Body Electric
2021-01-13 19:59:00,5,purchaseid_158,bookid_158,Cleo Porter and the Body Electric
2021-01-12 17:50:00,5,purchaseid_158,bookid_158,Cleo Porter and the Body Electric
2021-01-10 13:44:00,4,purchaseid_158,bookid_158,Cleo Porter and the Body Electric
2021-01-06 18:42:00,5,purchaseid_83,bookid_83,Bisous and Brioche: Classic French Recipes and Family Favorites from a Life in France
2021-01-05 11:48:00,5,purchaseid_99,bookid_99,Buddy the Soldier Bear
2021-01-04 13:36:48,5,purchaseid_41,bookid_41,"Shane, Sheba and Sky: From Abandoned to Loved, How Three Rescue Dogs Transformed One Man's Life"
2021-01-03 11:06:00,5,purchaseid_83,bookid_83,Bisous and Brioche: Classic French Recipes and Family Favorites from a Life in France
2021-01-03 06:15:00,5,purchaseid_158,bookid_158,Cleo Porter and the Body Electric
2020-12-25 10:12:00,4,purchaseid_158,bookid_158,Cleo Porter and the Body Electric
2020-12-21 10:52:00,4,purchaseid_158,bookid_158,Cleo Porter and the Body Electric
2020-12-19 23:48:38,5,purchaseid_115,bookid_115,The Mid-Atlantic Championship
2020-12-14 18:23:00,5,purchaseid_83,bookid_83,Bisous and Brioche: Classic French Recipes and Family Favorites from a Life in France
2020-12-14 09:21:00,5,purchaseid_41,bookid_41,"Shane, Sheba and Sky: From Abandoned to Loved, How Three Rescue Dogs Transformed One Man's Life"
2020-12-12 12:32:00,5,purchaseid_158,bookid_158,Cleo Porter and the Body Electric
2020-12-10 19:50:01,5,purchaseid_158,bookid_158,Cleo Porter and the Body Electric
2020-12-10 08:09:00,5,purchaseid_158,bookid_158,Cleo Porter and the Body Electric
2020-12-10 07:32:40,5,purchaseid_158,bookid_158,Cleo Porter and the Body Electric
2020-12-05 14:11:00,5,purchaseid_83,bookid_83,Bisous and Brioche: Classic French Recipes and Family Favorites from a Life in France
2020-11-30 08:05:00,5,purchaseid_158,bookid_158,Cleo Porter and the Body Electric
2020-11-26 21:42:00,5,purchaseid_146,bookid_146,LunaLu the Llamacorn
2020-11-25 18:30:00,5,purchaseid_158,bookid_158,Cleo Porter and the Body Electric
2020-11-07 13:31:00,5,purchaseid_146,bookid_146,LunaLu the Llamacorn
2020-11-07 10:13:00,4,purchaseid_161,bookid_161,Time's Demon: BOOK II OF THE ISLEVALE CYCLE
2020-11-03 08:48:23,5,purchaseid_158,bookid_158,Cleo Porter and the Body Electric
2020-10-31 12:23:00,5,purchaseid_146,bookid_146,LunaLu the Llamacorn
2020-10-30 18:33:00,5,purchaseid_158,bookid_158,Cleo Porter and the Body Electric
2020-10-20 15:08:00,5,purchaseid_158,bookid_158,Cleo Porter and the Body Electric
2020-10-20 13:48:00,5,purchaseid_158,bookid_158,Cleo Porter and the Body Electric
2020-10-20 13:08:00,5,purchaseid_158,bookid_158,Cleo Porter and the Body Electric
2020-10-09 06:33:00,5,purchaseid_158,bookid_158,Cleo Porter and the Body Electric
2020-10-06 06:40:00,4,purchaseid_158,bookid_158,Cleo Porter and the Body Electric
2020-08-01 16:21:00,4,purchaseid_167,bookid_167,Dead Silence
2020-07-09 10:22:00,5,purchaseid_167,bookid_167,Dead Silence
2020-06-27 09:46:00,5,purchaseid_167,bookid_167,Dead Silence
2020-06-26 20:33:41,5,purchaseid_167,bookid_167,Dead Silence
2020-06-24 16:09:00,5,purchaseid_115,bookid_115,The Mid-Atlantic Championship
2020-06-20 21:44:00,4,purchaseid_167,bookid_167,Dead Silence
2020-06-14 11:52:00,4,purchaseid_167,bookid_167,Dead Silence
2020-06-13 05:51:00,5,purchaseid_115,bookid_115,The Mid-Atlantic Championship
2020-06-10 08:52:00,5,purchaseid_167,bookid_167,Dead Silence
2020-06-07 14:06:00,4,purchaseid_167,bookid_167,Dead Silence
2020-06-07 06:30:00,5,purchaseid_167,bookid_167,Dead Silence
2020-05-20 21:41:00,5,purchaseid_99,bookid_99,Buddy the Soldier Bear
2020-04-28 15:55:00,5,purchaseid_62,bookid_62,David Busch's Canon EOS Rebel T6/1300D Guide to Digital SLR Photography (The David Busch Camera Guide Series)
2020-04-16 04:41:00,5,purchaseid_62,bookid_62,David Busch's Canon EOS Rebel T6/1300D Guide to Digital SLR Photography (The David Busch Camera Guide Series)
2020-03-07 18:25:00,5,purchaseid_185,bookid_185,Wasted Calories and Ruined Nights: A Journey Deeper into Dining Hell
2020-02-21 08:55:00,5,purchaseid_62,bookid_62,David Busch's Canon EOS Rebel T6/1300D Guide to Digital SLR Photography (The David Busch Camera Guide Series)
2020-02-11 21:43:00,5,purchaseid_144,bookid_144,Forged in Blood (Freehold)
2020-02-09 09:08:00,5,purchaseid_72,bookid_72,Sunrise Highway (Lourdes Robles Novels Book 2)
2020-01-19 15:01:00,5,purchaseid_115,bookid_115,The Mid-Atlantic Championship
2020-01-14 14:23:00,4,purchaseid_137,bookid_137,Oligarchy
2019-12-28 14:32:00,5,purchaseid_58,bookid_58,50 Ways to Wear Denim
2019-12-14 18:10:00,4,purchaseid_99,bookid_99,Buddy the Soldier Bear
2019-12-11 08:02:00,5,purchaseid_46,bookid_46,Oregon Birds: A Folding Pocket Guide to Familiar Species (Wildlife and Nature Identification)
2019-12-07 11:54:25,5,purchaseid_9,bookid_9,Reunion: The Children of Lauderdale Park
2019-12-05 19:03:00,5,purchaseid_9,bookid_9,Reunion: The Children of Lauderdale Park
2019-12-05 07:05:00,5,purchaseid_99,bookid_99,Buddy the Soldier Bear
2019-11-30 16:48:00,5,purchaseid_41,bookid_41,"Shane, Sheba and Sky: From Abandoned to Loved, How Three Rescue Dogs Transformed One Man's Life"
2019-10-13 13:53:00,5,purchaseid_9,bookid_9,Reunion: The Children of Lauderdale Park
2019-10-06 13:32:00,5,purchaseid_152,bookid_152,Around the World Mazes
2019-09-14 16:49:00,5,purchaseid_144,bookid_144,Forged in Blood (Freehold)
2019-09-14 12:36:00,5,purchaseid_124,bookid_124,"Skeleton Play: A Fun, Rhyming Halloween Book for Kids! (1)"
2019-09-11 03:24:00,5,purchaseid_72,bookid_72,Sunrise Highway (Lourdes Robles Novels Book 2)
2019-09-10 13:26:00,5,purchaseid_124,bookid_124,"Skeleton Play: A Fun, Rhyming Halloween Book for Kids! (1)"
2019-09-09 14:56:00,4,purchaseid_115,bookid_115,The Mid-Atlantic Championship
2019-09-03 10:52:00,4,purchaseid_115,bookid_115,The Mid-Atlantic Championship
2019-09-02 17:36:00,5,purchaseid_115,bookid_115,The Mid-Atlantic Championship
2019-08-28 08:02:00,5,purchaseid_124,bookid_124,"Skeleton Play: A Fun, Rhyming Halloween Book for Kids! (1)"
2019-08-27 10:49:00,5,purchaseid_124,bookid_124,"Skeleton Play: A Fun, Rhyming Halloween Book for Kids! (1)"
2019-08-21 21:22:00,4,purchaseid_185,bookid_185,Wasted Calories and Ruined Nights: A Journey Deeper into Dining Hell
2019-08-11 09:18:00,5,purchaseid_115,bookid_115,The Mid-Atlantic Championship
2019-08-10 16:04:00,5,purchaseid_115,bookid_115,The Mid-Atlantic Championship
2019-08-02 18:13:00,5,purchaseid_29,bookid_29,Acoustic & Digital Piano Buyer Fall 2017: Supplement to The Piano Book
2019-08-02 11:45:00,5,purchaseid_96,bookid_96,"Cheer Up, Ben Franklin! (Young Historians)"
2019-08-02 08:25:00,5,purchaseid_115,bookid_115,The Mid-Atlantic Championship
2019-07-30 19:11:00,5,purchaseid_115,bookid_115,The Mid-Atlantic Championship
2019-07-30 05:16:00,5,purchaseid_115,bookid_115,The Mid-Atlantic Championship
2019-07-29 16:19:00,5,purchaseid_161,bookid_161,Time's Demon: BOOK II OF THE ISLEVALE CYCLE
2019-07-24 13:29:00,5,purchaseid_115,bookid_115,The Mid-Atlantic Championship
2019-07-13 18:41:00,5,purchaseid_161,bookid_161,Time's Demon: BOOK II OF THE ISLEVALE CYCLE
2019-07-07 20:21:00,5,purchaseid_161,bookid_161,Time's Demon: BOOK II OF THE ISLEVALE CYCLE
2019-07-03 10:59:00,5,purchaseid_62,bookid_62,David Busch's Canon EOS Rebel T6/1300D Guide to Digital SLR Photography (The David Busch Camera Guide Series)
2019-05-31 13:15:04,5,purchaseid_58,bookid_58,50 Ways to Wear Denim
2019-05-26 17:54:55,5,purchaseid_62,bookid_62,David Busch's Canon EOS Rebel T6/1300D Guide to Digital SLR Photography (The David Busch Camera Guide Series)
2019-05-06 19:22:00,5,purchaseid_132,bookid_132,Mae and Jane in the Rain
2019-05-02 13:15:00,5,purchaseid_62,bookid_62,David Busch's Canon EOS Rebel T6/1300D Guide to Digital SLR Photography (The David Busch Camera Guide Series)
2019-05-01 16:46:48,5,purchaseid_96,bookid_96,"Cheer Up, Ben Franklin! (Young Historians)"
2019-04-09 14:36:00,5,purchaseid_152,bookid_152,Around the World Mazes
2019-04-05 05:25:00,4,purchaseid_185,bookid_185,Wasted Calories and Ruined Nights: A Journey Deeper into Dining Hell
2019-03-30 10:29:00,4,purchaseid_96,bookid_96,"Cheer Up, Ben Franklin! (Young Historians)"
2019-03-29 01:00:00,5,purchaseid_144,bookid_144,Forged in Blood (Freehold)
2019-03-07 05:36:00,5,purchaseid_36,bookid_36,Therapy Mammals
2019-02-26 09:07:24,5,purchaseid_58,bookid_58,50 Ways to Wear Denim
2019-02-22 17:56:00,5,purchaseid_72,bookid_72,Sunrise Highway (Lourdes Robles Novels Book 2)
2019-02-18 10:26:00,5,purchaseid_101,bookid_101,Knowing When To Die: Uncollected Stories
2019-01-24 08:06:00,4,purchaseid_72,bookid_72,Sunrise Highway (Lourdes Robles Novels Book 2)
2019-01-09 07:38:00,5,purchaseid_58,bookid_58,50 Ways to Wear Denim
2018-12-28 14:24:00,5,purchaseid_36,bookid_36,Therapy Mammals
2018-12-22 04:31:00,5,purchaseid_96,bookid_96,"Cheer Up, Ben Franklin! (Young Historians)"
2018-12-15 10:51:00,4,purchaseid_36,bookid_36,Therapy Mammals
2018-11-01 21:35:19,5,purchaseid_72,bookid_72,Sunrise Highway (Lourdes Robles Novels Book 2)
2018-10-27 17:31:00,5,purchaseid_62,bookid_62,David Busch's Canon EOS Rebel T6/1300D Guide to Digital SLR Photography (The David Busch Camera Guide Series)
2018-10-17 15:27:34,5,purchaseid_72,bookid_72,Sunrise Highway (Lourdes Robles Novels Book 2)
2018-10-07 17:32:00,5,purchaseid_171,bookid_171,"Exits, Desires, & Slow Fires"
2018-10-07 16:56:00,5,purchaseid_72,bookid_72,Sunrise Highway (Lourdes Robles Novels Book 2)
2018-10-06 08:52:00,4,purchaseid_72,bookid_72,Sunrise Highway (Lourdes Robles Novels Book 2)
2018-10-03 05:45:00,5,purchaseid_72,bookid_72,Sunrise Highway (Lourdes Robles Novels Book 2)
2018-09-16 12:54:00,4,purchaseid_72,bookid_72,Sunrise Highway (Lourdes Robles Novels Book 2)
2018-09-16 11:31:00,5,purchaseid_72,bookid_72,Sunrise Highway (Lourdes Robles Novels Book 2)
2018-09-09 08:12:00,4,purchaseid_72,bookid_72,Sunrise Highway (Lourdes Robles Novels Book 2)
2018-09-04 23:14:00,5,purchaseid_29,bookid_29,Acoustic & Digital Piano Buyer Fall 2017: Supplement to The Piano Book
2018-09-04 06:08:00,4,purchaseid_72,bookid_72,Sunrise Highway (Lourdes Robles Novels Book 2)
2018-08-27 18:08:00,5,purchaseid_62,bookid_62,David Busch's Canon EOS Rebel T6/1300D Guide to Digital SLR Photography (The David Busch Camera Guide Series)
2018-08-27 16:04:00,5,purchaseid_96,bookid_96,"Cheer Up, Ben Franklin! (Young Historians)"
2018-08-27 06:06:00,4,purchaseid_36,bookid_36,Therapy Mammals
2018-08-04 08:48:00,4,purchaseid_58,bookid_58,50 Ways to Wear Denim
2018-07-29 17:22:00,5,purchaseid_42,bookid_42,Law and Legitimacy in the Supreme Court
2018-07-18 06:37:00,4,purchaseid_36,bookid_36,Therapy Mammals
2018-07-18 05:04:00,4,purchaseid_36,bookid_36,Therapy Mammals
2018-07-15 16:06:00,5,purchaseid_36,bookid_36,Therapy Mammals
2018-07-10 11:12:00,5,purchaseid_62,bookid_62,David Busch's Canon EOS Rebel T6/1300D Guide to Digital SLR Photography (The David Busch Camera Guide Series)
2018-07-02 18:17:00,5,purchaseid_36,bookid_36,Therapy Mammals
2018-06-29 15:24:00,5,purchaseid_101,bookid_101,Knowing When To Die: Uncollected Stories
2018-06-23 15:54:29,4,purchaseid_58,bookid_58,50 Ways to Wear Denim
2018-05-28 22:29:00,5,purchaseid_62,bookid_62,David Busch's Canon EOS Rebel T6/1300D Guide to Digital SLR Photography (The David Busch Camera Guide Series)
2018-04-30 10:08:00,5,purchaseid_159,bookid_159,"Capitalism, Hegemony and Violence in the Age of Drones"
2018-04-22 14:13:00,5,purchaseid_194,bookid_194,"The ISIS Apocalypse: The History, Strategy, and Doomsday Vision of the Islamic State"
2018-04-21 01:04:00,4,purchaseid_58,bookid_58,50 Ways to Wear Denim
2018-03-24 01:17:00,5,purchaseid_62,bookid_62,David Busch's Canon EOS Rebel T6/1300D Guide to Digital SLR Photography (The David Busch Camera Guide Series)
2018-03-22 08:21:00,4,purchaseid_96,bookid_96,"Cheer Up, Ben Franklin! (Young Historians)"
2018-03-20 08:15:00,5,purchaseid_99,bookid_99,Buddy the Soldier Bear
2018-03-05 16:37:00,5,purchaseid_62,bookid_62,David Busch's Canon EOS Rebel T6/1300D Guide to Digital SLR Photography (The David Busch Camera Guide Series)
2018-02-20 10:45:00,5,purchaseid_79,bookid_79,You Will Never Be Him
2018-02-10 20:48:00,5,purchaseid_96,bookid_96,"Cheer Up, Ben Franklin! (Young Historians)"
2018-01-29 20:42:00,5,purchaseid_96,bookid_96,"Cheer Up, Ben Franklin! (Young Historians)"
2017-12-06 11:17:00,5,purchaseid_96,bookid_96,"Cheer Up, Ben Franklin! (Young Historians)"
2017-11-29 20:55:00,5,purchaseid_62,bookid_62,David Busch's Canon EOS Rebel T6/1300D Guide to Digital SLR Photography (The David Busch Camera Guide Series)
2017-11-27 19:33:00,5,purchaseid_99,bookid_99,Buddy the Soldier Bear
2017-11-26 15:39:00,5,purchaseid_58,bookid_58,50 Ways to Wear Denim
2017-11-09 09:15:00,5,purchaseid_99,bookid_99,Buddy the Soldier Bear
2017-11-05 10:16:00,4,purchaseid_62,bookid_62,David Busch's Canon EOS Rebel T6/1300D Guide to Digital SLR Photography (The David Busch Camera Guide Series)
2017-10-09 13:10:00,5,purchaseid_171,bookid_171,"Exits, Desires, & Slow Fires"
2017-10-02 07:44:00,5,purchaseid_62,bookid_62,David Busch's Canon EOS Rebel T6/1300D Guide to Digital SLR Photography (The David Busch Camera Guide Series)
2017-10-02 06:45:00,5,purchaseid_194,bookid_194,"The ISIS Apocalypse: The History, Strategy, and Doomsday Vision of the Islamic State"
2017-09-28 23:26:00,5,purchaseid_171,bookid_171,"Exits, Desires, & Slow Fires"
2017-09-26 16:53:55,5,purchaseid_96,bookid_96,"Cheer Up, Ben Franklin! (Young Historians)"
2017-08-29 19:43:00,5,purchaseid_99,bookid_99,Buddy the Soldier Bear
2017-08-24 14:29:00,4,purchaseid_194,bookid_194,"The ISIS Apocalypse: The History, Strategy, and Doomsday Vision of the Islamic State"
2017-08-15 09:03:00,5,purchaseid_96,bookid_96,"Cheer Up, Ben Franklin! (Young Historians)"
2017-08-03 20:12:34,5,purchaseid_99,bookid_99,Buddy the Soldier Bear
2017-07-31 05:41:00,5,purchaseid_99,bookid_99,Buddy the Soldier Bear
2017-07-14 13:18:00,5,purchaseid_62,bookid_62,David Busch's Canon EOS Rebel T6/1300D Guide to Digital SLR Photography (The David Busch Camera Guide Series)
2017-07-11 02:55:00,4,purchaseid_194,bookid_194,"The ISIS Apocalypse: The History, Strategy, and Doomsday Vision of the Islamic State"
2017-07-04 10:38:00,5,purchaseid_96,bookid_96,"Cheer Up, Ben Franklin! (Young Historians)"
2017-06-29 11:48:00,5,purchaseid_194,bookid_194,"The ISIS Apocalypse: The History, Strategy, and Doomsday Vision of the Islamic State"
2017-04-24 07:00:00,5,purchaseid_58,bookid_58,50 Ways to Wear Denim
2017-03-19 06:48:00,5,purchaseid_99,bookid_99,Buddy the Soldier Bear
2017-02-23 20:23:00,5,purchaseid_62,bookid_62,David Busch's Canon EOS Rebel T6/1300D Guide to Digital SLR Photography (The David Busch Camera Guide Series)
2017-01-25 20:30:00,5,purchaseid_99,bookid_99,Buddy the Soldier Bear
2017-01-16 15:28:00,5,purchaseid_62,bookid_62,David Busch's Canon EOS Rebel T6/1300D Guide to Digital SLR Photography (The David Busch Camera Guide Series)
2017-01-14 07:54:00,5,purchaseid_46,bookid_46,Oregon Birds: A Folding Pocket Guide to Familiar Species (Wildlife and Nature Identification)
2017-01-11 18:18:00,5,purchaseid_99,bookid_99,Buddy the Soldier Bear
2017-01-10 15:27:00,5,purchaseid_99,bookid_99,Buddy the Soldier Bear
2017-01-08 23:43:00,5,purchaseid_62,bookid_62,David Busch's Canon EOS Rebel T6/1300D Guide to Digital SLR Photography (The David Busch Camera Guide Series)
2017-01-08 11:19:00,5,purchaseid_99,bookid_99,Buddy the Soldier Bear
2017-01-08 09:59:00,5,purchaseid_194,bookid_194,"The ISIS Apocalypse: The History, Strategy, and Doomsday Vision of the Islamic State"
2017-01-05 13:17:00,5,purchaseid_99,bookid_99,Buddy the Soldier Bear
2017-01-05 12:41:00,5,purchaseid_99,bookid_99,Buddy the Soldier Bear
2016-12-31 14:04:00,5,purchaseid_132,bookid_132,Mae and Jane in the Rain
2016-12-29 11:00:00,4,purchaseid_194,bookid_194,"The ISIS Apocalypse: The History, Strategy, and Doomsday Vision of the Islamic State"
2016-12-25 10:12:00,5,purchaseid_194,bookid_194,"The ISIS Apocalypse: The History, Strategy, and Doomsday Vision of the Islamic State"
2016-12-18 09:13:00,5,purchaseid_58,bookid_58,50 Ways to Wear Denim
2016-11-04 11:47:00,5,purchaseid_194,bookid_194,"The ISIS Apocalypse: The History, Strategy, and Doomsday Vision of the Islamic State"
2016-11-04 04:51:00,5,purchaseid_58,bookid_58,50 Ways to Wear Denim
2016-10-24 09:06:00,5,purchaseid_58,bookid_58,50 Ways to Wear Denim
2016-10-24 04:03:00,5,purchaseid_58,bookid_58,50 Ways to Wear Denim
2016-10-19 06:04:03,4,purchaseid_58,bookid_58,50 Ways to Wear Denim
2016-10-04 05:45:00,5,purchaseid_30,bookid_30,Sugary Sweets (A Taste of Love Series)
2016-09-09 14:31:00,5,purchaseid_58,bookid_58,50 Ways to Wear Denim
2016-09-06 04:59:20,5,purchaseid_194,bookid_194,"The ISIS Apocalypse: The History, Strategy, and Doomsday Vision of the Islamic State"
2016-08-24 07:13:50,5,purchaseid_30,bookid_30,Sugary Sweets (A Taste of Love Series)
2016-08-23 23:54:18,5,purchaseid_30,bookid_30,Sugary Sweets (A Taste of Love Series)
2016-08-23 20:23:00,5,purchaseid_30,bookid_30,Sugary Sweets (A Taste of Love Series)
2016-08-18 16:53:00,5,purchaseid_30,bookid_30,Sugary Sweets (A Taste of Love Series)
2016-08-18 16:17:00,5,purchaseid_30,bookid_30,Sugary Sweets (A Taste of Love Series)
2016-08-18 16:15:00,5,purchaseid_30,bookid_30,Sugary Sweets (A Taste of Love Series)
2016-08-14 10:00:00,5,purchaseid_46,bookid_46,Oregon Birds: A Folding Pocket Guide to Familiar Species (Wildlife and Nature Identification)
2016-07-01 19:11:00,5,purchaseid_46,bookid_46,Oregon Birds: A Folding Pocket Guide to Familiar Species (Wildlife and Nature Identification)
