row_id,image_filename,image_filepath
0,1sz0kf8wcmj0q8n3pu6mg61gl158vvz1.png,./files/mmqa/data/sf_200/images/1sz0kf8wcmj0q8n3pu6mg61gl158vvz1.png
1,6zpijbg5jv4jftpftpmla6xbizne28d9.png,./files/mmqa/data/sf_200/images/6zpijbg5jv4jftpftpmla6xbizne28d9.png
2,42c88eafedfab5203c72e1d2ec1c2f37.jpg,./files/mmqa/data/sf_200/images/42c88eafedfab5203c72e1d2ec1c2f37.jpg
3,117d500aaa630023c4038b8268b309c0.png,./files/mmqa/data/sf_200/images/117d500aaa630023c4038b8268b309c0.png
4,5588a1833b8fa95fe1b0ed520e447d64.jpg,./files/mmqa/data/sf_200/images/5588a1833b8fa95fe1b0ed520e447d64.jpg
5,antbx4oxst0z5o6pe2g1thrjr0dz073j.png,./files/mmqa/data/sf_200/images/antbx4oxst0z5o6pe2g1thrjr0dz073j.png
6,cwncgabxti09zmf36t4phvaz1xzv10wu.png,./files/mmqa/data/sf_200/images/cwncgabxti09zmf36t4phvaz1xzv10wu.png
7,nqr1pjql5qs3dp8rz2a4zzq7rn0xyp6k.png,./files/mmqa/data/sf_200/images/nqr1pjql5qs3dp8rz2a4zzq7rn0xyp6k.png
8,0e60efb8bf9b8f2bb5ef32ebadf6dbad.jpg,./files/mmqa/data/sf_200/images/0e60efb8bf9b8f2bb5ef32ebadf6dbad.jpg
9,0ad714fcbee3683428d79fb0a55e944c.jpg,./files/mmqa/data/sf_200/images/0ad714fcbee3683428d79fb0a55e944c.jpg
10,0e6fdf4f42bba660ee707ae6dbb23bb8.jpg,./files/mmqa/data/sf_200/images/0e6fdf4f42bba660ee707ae6dbb23bb8.jpg
11,0cdbe38cdf213b9f46182f98230aa5f7.jpg,./files/mmqa/data/sf_200/images/0cdbe38cdf213b9f46182f98230aa5f7.jpg
12,0cfc8d39fbf7add5c02105278413473a.jpg,./files/mmqa/data/sf_200/images/0cfc8d39fbf7add5c02105278413473a.jpg
13,0c141eb84b21daae6c6062bda51fd80d.jpg,./files/mmqa/data/sf_200/images/0c141eb84b21daae6c6062bda51fd80d.jpg
14,0b7941aedd125dfe73e5c208d43fe458.jpg,./files/mmqa/data/sf_200/images/0b7941aedd125dfe73e5c208d43fe458.jpg
15,0a259908f0d108cd11a98a884a10b33c.jpg,./files/mmqa/data/sf_200/images/0a259908f0d108cd11a98a884a10b33c.jpg
16,0b8eb87912d45fb2930f48928d425f5e.jpg,./files/mmqa/data/sf_200/images/0b8eb87912d45fb2930f48928d425f5e.jpg
17,0a540160a07d22d30870eecf775ee143.jpg,./files/mmqa/data/sf_200/images/0a540160a07d22d30870eecf775ee143.jpg
18,0d2bf861d46be4fb513858da7d0692a3.jpg,./files/mmqa/data/sf_200/images/0d2bf861d46be4fb513858da7d0692a3.jpg
19,0d286304cc65b82c5e010b3619563720.jpg,./files/mmqa/data/sf_200/images/0d286304cc65b82c5e010b3619563720.jpg
20,0c1cec5ca5a6fb780a9cfa24d99132b1.jpg,./files/mmqa/data/sf_200/images/0c1cec5ca5a6fb780a9cfa24d99132b1.jpg
21,0dfce11d572b28d24274633d64db2f7b.jpg,./files/mmqa/data/sf_200/images/0dfce11d572b28d24274633d64db2f7b.jpg
22,0a6ab6bb33d4679c7acec25b2a7a1860.jpg,./files/mmqa/data/sf_200/images/0a6ab6bb33d4679c7acec25b2a7a1860.jpg
23,0a7ad8727ebeccfc16a44c9b68d4d30e.jpg,./files/mmqa/data/sf_200/images/0a7ad8727ebeccfc16a44c9b68d4d30e.jpg
24,0de4ae06fca275bd4646dcfed89aa1d4.jpg,./files/mmqa/data/sf_200/images/0de4ae06fca275bd4646dcfed89aa1d4.jpg
25,0dea827c11ecbcf61a1241db81790f07.jpg,./files/mmqa/data/sf_200/images/0dea827c11ecbcf61a1241db81790f07.jpg
26,0b14a3718339734c11e2c147379b2611.jpg,./files/mmqa/data/sf_200/images/0b14a3718339734c11e2c147379b2611.jpg
27,00e5bf0ce82a749aa491974fc3dff419.png,./files/mmqa/data/sf_200/images/00e5bf0ce82a749aa491974fc3dff419.png
28,0b896bf6648d7daabfed0f5ea523139a.jpg,./files/mmqa/data/sf_200/images/0b896bf6648d7daabfed0f5ea523139a.jpg
29,0b1b6c9d0b68e855506d2c8286fc1878.jpg,./files/mmqa/data/sf_200/images/0b1b6c9d0b68e855506d2c8286fc1878.jpg
30,0d7ba799e52bcfdead9a7831b84eb1ce.jpg,./files/mmqa/data/sf_200/images/0d7ba799e52bcfdead9a7831b84eb1ce.jpg
31,0a1e97581a8d18fecf8e4b6dd95b1f6f.jpg,./files/mmqa/data/sf_200/images/0a1e97581a8d18fecf8e4b6dd95b1f6f.jpg
32,0e02dc502393033af4675ac25709ceab.jpg,./files/mmqa/data/sf_200/images/0e02dc502393033af4675ac25709ceab.jpg
33,0e4376f9dac9a582c8efcca6fda8f9b5.jpg,./files/mmqa/data/sf_200/images/0e4376f9dac9a582c8efcca6fda8f9b5.jpg
34,0a9b21fb6063bf4260d2620fe2ab567a.jpg,./files/mmqa/data/sf_200/images/0a9b21fb6063bf4260d2620fe2ab567a.jpg
35,0d03699bfc51444df6ca45c9f7566a55.jpg,./files/mmqa/data/sf_200/images/0d03699bfc51444df6ca45c9f7566a55.jpg
36,0d2e09edf3ab74cad451615214b94d6d.jpg,./files/mmqa/data/sf_200/images/0d2e09edf3ab74cad451615214b94d6d.jpg
37,0df27fb5314dd4abea0495ab1fd80afa.jpg,./files/mmqa/data/sf_200/images/0df27fb5314dd4abea0495ab1fd80afa.jpg
38,0b5b1a1dd3113ef20f65056725654898.jpg,./files/mmqa/data/sf_200/images/0b5b1a1dd3113ef20f65056725654898.jpg
39,0a16c5cfc94d596627c05f152d2c1122.jpg,./files/mmqa/data/sf_200/images/0a16c5cfc94d596627c05f152d2c1122.jpg
40,0aba8555f85b2112e386d7cb4c237602.jpg,./files/mmqa/data/sf_200/images/0aba8555f85b2112e386d7cb4c237602.jpg
41,0e58a4946998b3f9b8c03e276a785918.jpg,./files/mmqa/data/sf_200/images/0e58a4946998b3f9b8c03e276a785918.jpg
42,0dcef8612118d0b41e55d3786f1fa59c.jpg,./files/mmqa/data/sf_200/images/0dcef8612118d0b41e55d3786f1fa59c.jpg
43,0b2d816ba48e708f1dc4d79274ecead2.png,./files/mmqa/data/sf_200/images/0b2d816ba48e708f1dc4d79274ecead2.png
44,0c7d52ade71694ced9bb64864d32c7be.jpg,./files/mmqa/data/sf_200/images/0c7d52ade71694ced9bb64864d32c7be.jpg
45,0a1a44a0147b93d93a8dcbda6d1519f2.jpg,./files/mmqa/data/sf_200/images/0a1a44a0147b93d93a8dcbda6d1519f2.jpg
46,0e7a227da7e96c1b2db30e3817dd4300.jpg,./files/mmqa/data/sf_200/images/0e7a227da7e96c1b2db30e3817dd4300.jpg
47,0c799fb88d645302e363c03b68a608ce.jpg,./files/mmqa/data/sf_200/images/0c799fb88d645302e363c03b68a608ce.jpg
48,0b74c9c0a3c61752c24297a21d5bfac1.jpg,./files/mmqa/data/sf_200/images/0b74c9c0a3c61752c24297a21d5bfac1.jpg
49,0d4e2955959ed0404bf8d869c66f85d9.jpg,./files/mmqa/data/sf_200/images/0d4e2955959ed0404bf8d869c66f85d9.jpg
50,00b659da6ec4dcfaa48b8a9aa02c612b.jpg,./files/mmqa/data/sf_200/images/00b659da6ec4dcfaa48b8a9aa02c612b.jpg
51,0e235fbbbed4e5d19b51f8fd91e027a4.jpg,./files/mmqa/data/sf_200/images/0e235fbbbed4e5d19b51f8fd91e027a4.jpg
52,0d67a3e20fb8748df737f766d0a799c8.jpg,./files/mmqa/data/sf_200/images/0d67a3e20fb8748df737f766d0a799c8.jpg
53,0ad8e5bed041b901306bcb376ff80de6.png,./files/mmqa/data/sf_200/images/0ad8e5bed041b901306bcb376ff80de6.png
54,0b9e12cbebdacb436fb07fbd73511a6b.jpg,./files/mmqa/data/sf_200/images/0b9e12cbebdacb436fb07fbd73511a6b.jpg
55,0be99201122a0c8a5038aeb94d46d2e0.jpg,./files/mmqa/data/sf_200/images/0be99201122a0c8a5038aeb94d46d2e0.jpg
56,0c0d07c53688b008e74d643157b76c57.jpg,./files/mmqa/data/sf_200/images/0c0d07c53688b008e74d643157b76c57.jpg
57,0c9536077c842559515af0b245091304.jpg,./files/mmqa/data/sf_200/images/0c9536077c842559515af0b245091304.jpg
58,0db17777402b71b0fb0172ccbcd0e3a4.jpg,./files/mmqa/data/sf_200/images/0db17777402b71b0fb0172ccbcd0e3a4.jpg
59,0a8338eedd3ebeced9ad26a9bb98a642.jpg,./files/mmqa/data/sf_200/images/0a8338eedd3ebeced9ad26a9bb98a642.jpg
60,0c7619a726cddace38f99d5126e4b5cf.jpg,./files/mmqa/data/sf_200/images/0c7619a726cddace38f99d5126e4b5cf.jpg
61,0c92fc95596db0f3dba4901e1d116830.jpg,./files/mmqa/data/sf_200/images/0c92fc95596db0f3dba4901e1d116830.jpg
62,0ada4227e74007a4aca07074bf256a6d.jpg,./files/mmqa/data/sf_200/images/0ada4227e74007a4aca07074bf256a6d.jpg
63,0c4403467fc2eb3031c1506744601d7d.jpg,./files/mmqa/data/sf_200/images/0c4403467fc2eb3031c1506744601d7d.jpg
64,0a43c7d947779f8400bb73833e629fa6.png,./files/mmqa/data/sf_200/images/0a43c7d947779f8400bb73833e629fa6.png
65,0c186febf77f05fd6785735d6e8c6ff9.jpg,./files/mmqa/data/sf_200/images/0c186febf77f05fd6785735d6e8c6ff9.jpg
66,0bccae18d1bc23b9e560891520b2c3dd.jpg,./files/mmqa/data/sf_200/images/0bccae18d1bc23b9e560891520b2c3dd.jpg
67,0e919d605b0ca87313cf90c3a6ecbec3.jpg,./files/mmqa/data/sf_200/images/0e919d605b0ca87313cf90c3a6ecbec3.jpg
68,00bf9d8d2a3bcac48f8bc46d21fc4928.jpg,./files/mmqa/data/sf_200/images/00bf9d8d2a3bcac48f8bc46d21fc4928.jpg
69,0a94640d309b06e9c9ffc05e3abec534.png,./files/mmqa/data/sf_200/images/0a94640d309b06e9c9ffc05e3abec534.png
70,0d5b079fe9cca68ac73b3c8d3ed11d96.jpg,./files/mmqa/data/sf_200/images/0d5b079fe9cca68ac73b3c8d3ed11d96.jpg
71,0d180524ae46b8e2a5912cf3a393b3ee.jpg,./files/mmqa/data/sf_200/images/0d180524ae46b8e2a5912cf3a393b3ee.jpg
72,0bf44cd47c202f590ef58e012c52117e.jpg,./files/mmqa/data/sf_200/images/0bf44cd47c202f590ef58e012c52117e.jpg
73,0a78c5f6c9e1601b21c0e6cc7d4a13ed.jpg,./files/mmqa/data/sf_200/images/0a78c5f6c9e1601b21c0e6cc7d4a13ed.jpg
74,0aec977d275dee3ddf6348f8b4430a13.jpg,./files/mmqa/data/sf_200/images/0aec977d275dee3ddf6348f8b4430a13.jpg
75,0ac19dc955f7c2bb2c7871000d2ea63e.jpg,./files/mmqa/data/sf_200/images/0ac19dc955f7c2bb2c7871000d2ea63e.jpg
76,0a40a4327b631b02ea9a5d8bad0cbd71.jpg,./files/mmqa/data/sf_200/images/0a40a4327b631b02ea9a5d8bad0cbd71.jpg
77,0b257df73db814fb68466eea04b0e824.png,./files/mmqa/data/sf_200/images/0b257df73db814fb68466eea04b0e824.png
78,0c52006c9bcaf332468ce660c5921dc3.png,./files/mmqa/data/sf_200/images/0c52006c9bcaf332468ce660c5921dc3.png
79,0bfa5921037a2dbb8301a98a22448f0f.jpg,./files/mmqa/data/sf_200/images/0bfa5921037a2dbb8301a98a22448f0f.jpg
80,0cfcc112594f58561faa23013b17d685.jpg,./files/mmqa/data/sf_200/images/0cfcc112594f58561faa23013b17d685.jpg
81,0d188751b763872b84fbe109741b86a3.jpg,./files/mmqa/data/sf_200/images/0d188751b763872b84fbe109741b86a3.jpg
82,0dde99d6fe200f8bb63a52f8ab6e55f9.png,./files/mmqa/data/sf_200/images/0dde99d6fe200f8bb63a52f8ab6e55f9.png
83,0af9e872e3797d06111a70eef390a695.jpg,./files/mmqa/data/sf_200/images/0af9e872e3797d06111a70eef390a695.jpg
84,0b3d26831e3eb2f8d451aef78c555219.jpg,./files/mmqa/data/sf_200/images/0b3d26831e3eb2f8d451aef78c555219.jpg
85,0ac83693b42f451f27c992a887c38887.jpg,./files/mmqa/data/sf_200/images/0ac83693b42f451f27c992a887c38887.jpg
86,0c30f9fb0856dc50ecd186686e459ac1.png,./files/mmqa/data/sf_200/images/0c30f9fb0856dc50ecd186686e459ac1.png
87,0c13d19b7001530ef05c0650ee76fa1a.jpg,./files/mmqa/data/sf_200/images/0c13d19b7001530ef05c0650ee76fa1a.jpg
88,0ba9fe7b721fc68bd231731d256ddd9f.jpg,./files/mmqa/data/sf_200/images/0ba9fe7b721fc68bd231731d256ddd9f.jpg
89,0dbacde867c9a9809e7120bc22057417.png,./files/mmqa/data/sf_200/images/0dbacde867c9a9809e7120bc22057417.png
90,0a259e302f78dde3fca7cacc3e0c64d1.jpg,./files/mmqa/data/sf_200/images/0a259e302f78dde3fca7cacc3e0c64d1.jpg
91,0dd6c8a4810a044ceeb7e21afdc36126.jpg,./files/mmqa/data/sf_200/images/0dd6c8a4810a044ceeb7e21afdc36126.jpg
92,0be7a03351a759a5ce0c202b3f0dd12b.jpg,./files/mmqa/data/sf_200/images/0be7a03351a759a5ce0c202b3f0dd12b.jpg
93,0dc8667808e511ec3d525aff0e221b93.jpg,./files/mmqa/data/sf_200/images/0dc8667808e511ec3d525aff0e221b93.jpg
94,0cebda1db882c5a7e05ef0a74896a2bb.png,./files/mmqa/data/sf_200/images/0cebda1db882c5a7e05ef0a74896a2bb.png
95,0a02b6a8504630262223d21f801161b9.png,./files/mmqa/data/sf_200/images/0a02b6a8504630262223d21f801161b9.png
96,0a3631e7e4c67a56aa7b15e84d451e62.jpg,./files/mmqa/data/sf_200/images/0a3631e7e4c67a56aa7b15e84d451e62.jpg
97,0c8a2cdb2c772fe8c11973c1823a48fe.jpg,./files/mmqa/data/sf_200/images/0c8a2cdb2c772fe8c11973c1823a48fe.jpg
98,0e29cbe92e1a78243401a2745543ad53.jpg,./files/mmqa/data/sf_200/images/0e29cbe92e1a78243401a2745543ad53.jpg
99,0c4be285733b3edc6794639d8e45b07f.jpg,./files/mmqa/data/sf_200/images/0c4be285733b3edc6794639d8e45b07f.jpg
100,0d2e5bb6c5e35d46fcd33bf337440007.png,./files/mmqa/data/sf_200/images/0d2e5bb6c5e35d46fcd33bf337440007.png
101,0db18e5ecdb5eae40edc102ea83e456f.jpg,./files/mmqa/data/sf_200/images/0db18e5ecdb5eae40edc102ea83e456f.jpg
102,0e680f0055a11753192ca6430e57e05e.jpg,./files/mmqa/data/sf_200/images/0e680f0055a11753192ca6430e57e05e.jpg
103,0d2c5f6f8bf9b291cf6d074b32eefdee.jpg,./files/mmqa/data/sf_200/images/0d2c5f6f8bf9b291cf6d074b32eefdee.jpg
104,0d941074ec5050ee06fe1dbe52214835.jpg,./files/mmqa/data/sf_200/images/0d941074ec5050ee06fe1dbe52214835.jpg
105,0dba6052f5d68b293b0845e98739efdd.jpg,./files/mmqa/data/sf_200/images/0dba6052f5d68b293b0845e98739efdd.jpg
106,0af6597ac12d686e67d1dabed8b6ba47.jpg,./files/mmqa/data/sf_200/images/0af6597ac12d686e67d1dabed8b6ba47.jpg
107,0a2c3d9697a848dec1f0fc055990d657.jpg,./files/mmqa/data/sf_200/images/0a2c3d9697a848dec1f0fc055990d657.jpg
108,0a56c25d5e75acc61ab878ab764228b8.jpg,./files/mmqa/data/sf_200/images/0a56c25d5e75acc61ab878ab764228b8.jpg
109,0df0bf68cf5dbe09885d2a2771bd9baf.jpg,./files/mmqa/data/sf_200/images/0df0bf68cf5dbe09885d2a2771bd9baf.jpg
110,0c8d1696ab480dce40ce4bbe2c30c28e.jpg,./files/mmqa/data/sf_200/images/0c8d1696ab480dce40ce4bbe2c30c28e.jpg
111,0a3ca8a55e9dfc93e474b316cc54d58d.jpg,./files/mmqa/data/sf_200/images/0a3ca8a55e9dfc93e474b316cc54d58d.jpg
112,0c17f5b0a8bd80adcdf6e12ff7089ac4.jpg,./files/mmqa/data/sf_200/images/0c17f5b0a8bd80adcdf6e12ff7089ac4.jpg
113,0d057428fb6a3fd99797cefdb845ef11.jpg,./files/mmqa/data/sf_200/images/0d057428fb6a3fd99797cefdb845ef11.jpg
114,00bbbad6641579aae114073ac3beea38.jpg,./files/mmqa/data/sf_200/images/00bbbad6641579aae114073ac3beea38.jpg
115,0e7a3006a0dab36f28a6e5dec663019e.jpg,./files/mmqa/data/sf_200/images/0e7a3006a0dab36f28a6e5dec663019e.jpg
116,0cafa3eb6ea3862b276fa5a664b2b185.png,./files/mmqa/data/sf_200/images/0cafa3eb6ea3862b276fa5a664b2b185.png
117,00e045cfe25f58c8ccc98fb93bde189d.jpg,./files/mmqa/data/sf_200/images/00e045cfe25f58c8ccc98fb93bde189d.jpg
118,0c2ffaac4ee4786d507fcb66f08308fb.png,./files/mmqa/data/sf_200/images/0c2ffaac4ee4786d507fcb66f08308fb.png
119,0b6fbaf4184419ae1bee61fc87a3ab7d.jpg,./files/mmqa/data/sf_200/images/0b6fbaf4184419ae1bee61fc87a3ab7d.jpg
120,0cf5636ed39f1af90dc53df7ea6ffe5b.jpg,./files/mmqa/data/sf_200/images/0cf5636ed39f1af90dc53df7ea6ffe5b.jpg
121,0e24f1ad89ef7cb997dfcbbf74eca9b7.jpg,./files/mmqa/data/sf_200/images/0e24f1ad89ef7cb997dfcbbf74eca9b7.jpg
122,0d2a42ad9a8d7cb63d92301462adb06a.jpg,./files/mmqa/data/sf_200/images/0d2a42ad9a8d7cb63d92301462adb06a.jpg
123,0e5cfca2c01a6c0ca4c7765af4e4a460.png,./files/mmqa/data/sf_200/images/0e5cfca2c01a6c0ca4c7765af4e4a460.png
124,0a80804cb39708dda23b78eadb0113d7.jpg,./files/mmqa/data/sf_200/images/0a80804cb39708dda23b78eadb0113d7.jpg
125,0e428fd848ba49bf388935fdcafe1b5c.png,./files/mmqa/data/sf_200/images/0e428fd848ba49bf388935fdcafe1b5c.png
126,0dbef125263293a8f03206a50337bd56.png,./files/mmqa/data/sf_200/images/0dbef125263293a8f03206a50337bd56.png
127,0c1325fbfa8b3ce966452724f8671129.jpg,./files/mmqa/data/sf_200/images/0c1325fbfa8b3ce966452724f8671129.jpg
128,0bee70b86cdd494b7fd6129c91f4fed8.png,./files/mmqa/data/sf_200/images/0bee70b86cdd494b7fd6129c91f4fed8.png
129,0cfd65a6d9a5d68ff8a8ae90a82ec189.jpg,./files/mmqa/data/sf_200/images/0cfd65a6d9a5d68ff8a8ae90a82ec189.jpg
130,0cca0d954c2247227a59de66d8ae13df.jpg,./files/mmqa/data/sf_200/images/0cca0d954c2247227a59de66d8ae13df.jpg
131,0dc6c2220fce62e04aefd8e524df33b2.jpg,./files/mmqa/data/sf_200/images/0dc6c2220fce62e04aefd8e524df33b2.jpg
132,0e818f121b8da3af509569acdc5e9b47.jpg,./files/mmqa/data/sf_200/images/0e818f121b8da3af509569acdc5e9b47.jpg
133,0b8133283ccdd397b56b2b692e6bb7b1.jpg,./files/mmqa/data/sf_200/images/0b8133283ccdd397b56b2b692e6bb7b1.jpg
134,0d5c488e1e6194c44e389daa569fe625.jpg,./files/mmqa/data/sf_200/images/0d5c488e1e6194c44e389daa569fe625.jpg
135,0de9582476fa1d59203f20f165f25705.jpg,./files/mmqa/data/sf_200/images/0de9582476fa1d59203f20f165f25705.jpg
136,0aeb5fb2e2250af388b94ae6279661db.jpg,./files/mmqa/data/sf_200/images/0aeb5fb2e2250af388b94ae6279661db.jpg
137,0dace3c09e03f47efc4d0d6808b75a41.jpg,./files/mmqa/data/sf_200/images/0dace3c09e03f47efc4d0d6808b75a41.jpg
138,0db43becf71e08ff0b99ec74197f699d.jpg,./files/mmqa/data/sf_200/images/0db43becf71e08ff0b99ec74197f699d.jpg
139,0a9e7c7ee4e45f34b855caa45c908206.jpg,./files/mmqa/data/sf_200/images/0a9e7c7ee4e45f34b855caa45c908206.jpg
140,0c6ca961fb8b16ac8d9ca56ba5bb78d2.jpg,./files/mmqa/data/sf_200/images/0c6ca961fb8b16ac8d9ca56ba5bb78d2.jpg
141,0caf760d998e70dee73ec58afb971ee1.jpg,./files/mmqa/data/sf_200/images/0caf760d998e70dee73ec58afb971ee1.jpg
142,0de176cea8889f419d6722c683f2d1a3.jpg,./files/mmqa/data/sf_200/images/0de176cea8889f419d6722c683f2d1a3.jpg
143,0ae6e4d3f3e358340134d34f4988f9cc.jpg,./files/mmqa/data/sf_200/images/0ae6e4d3f3e358340134d34f4988f9cc.jpg
144,0a3f01280b2731cbb5b6ae0d11070cca.jpg,./files/mmqa/data/sf_200/images/0a3f01280b2731cbb5b6ae0d11070cca.jpg
145,0a2d8ac6edaaa1f1e0342363e27ee7f0.jpg,./files/mmqa/data/sf_200/images/0a2d8ac6edaaa1f1e0342363e27ee7f0.jpg
146,0ba22c5e934592d718f1ff9087bf6161.jpg,./files/mmqa/data/sf_200/images/0ba22c5e934592d718f1ff9087bf6161.jpg
147,0c5f5083748168a221e0183a13f3fd7d.jpg,./files/mmqa/data/sf_200/images/0c5f5083748168a221e0183a13f3fd7d.jpg
148,0ccf1cdb1843f891749efb75ca2ca17b.jpg,./files/mmqa/data/sf_200/images/0ccf1cdb1843f891749efb75ca2ca17b.jpg
149,0e4448eaf85432a97fea749e2b63de0a.jpg,./files/mmqa/data/sf_200/images/0e4448eaf85432a97fea749e2b63de0a.jpg
150,0cfaa3d5a46a430485706f811b3d2f55.png,./files/mmqa/data/sf_200/images/0cfaa3d5a46a430485706f811b3d2f55.png
151,0e32494f754fd518f7e10e25fbed1dac.jpg,./files/mmqa/data/sf_200/images/0e32494f754fd518f7e10e25fbed1dac.jpg
152,0a09689860fb4a2ad69f55b611bfe20b.jpg,./files/mmqa/data/sf_200/images/0a09689860fb4a2ad69f55b611bfe20b.jpg
153,0dc8f942ff0fba640a6bc056f95b376a.jpg,./files/mmqa/data/sf_200/images/0dc8f942ff0fba640a6bc056f95b376a.jpg
154,0c8ed84defc9a7731e04bd39300137f1.jpg,./files/mmqa/data/sf_200/images/0c8ed84defc9a7731e04bd39300137f1.jpg
155,0bb8b18deb156d9ece73e9660eec59b9.jpg,./files/mmqa/data/sf_200/images/0bb8b18deb156d9ece73e9660eec59b9.jpg
156,0c8a23bccb012779267272c4addd5e8b.jpg,./files/mmqa/data/sf_200/images/0c8a23bccb012779267272c4addd5e8b.jpg
157,0bbeaa200b1723e3b955141ae0f5bc50.jpg,./files/mmqa/data/sf_200/images/0bbeaa200b1723e3b955141ae0f5bc50.jpg
158,0d030ee12e34ac380019e62839eab8fd.jpg,./files/mmqa/data/sf_200/images/0d030ee12e34ac380019e62839eab8fd.jpg
159,0d2e1a8b6365eefda28d4d7be73e50e5.jpg,./files/mmqa/data/sf_200/images/0d2e1a8b6365eefda28d4d7be73e50e5.jpg
160,0d0f2a93e4ca9151cfc7401af64bddae.png,./files/mmqa/data/sf_200/images/0d0f2a93e4ca9151cfc7401af64bddae.png
161,0daa6f5da597d556af96f2490e396b93.jpg,./files/mmqa/data/sf_200/images/0daa6f5da597d556af96f2490e396b93.jpg
162,0c89900e72bcb8c956a97c6d7dc3b5f2.jpg,./files/mmqa/data/sf_200/images/0c89900e72bcb8c956a97c6d7dc3b5f2.jpg
163,0bd43d557c983bbe9b721285d5dac484.jpg,./files/mmqa/data/sf_200/images/0bd43d557c983bbe9b721285d5dac484.jpg
164,0c7000dc04ab0053cffedab9faec2851.jpg,./files/mmqa/data/sf_200/images/0c7000dc04ab0053cffedab9faec2851.jpg
165,0b477b59301545d1448789cf793be3b7.jpg,./files/mmqa/data/sf_200/images/0b477b59301545d1448789cf793be3b7.jpg
166,0dc97045567153d25d6a9a6336e8d266.jpg,./files/mmqa/data/sf_200/images/0dc97045567153d25d6a9a6336e8d266.jpg
167,0b11dd24b79234099302c12f0420ba4a.jpg,./files/mmqa/data/sf_200/images/0b11dd24b79234099302c12f0420ba4a.jpg
168,00a5d23fa78de769d00d2ced7d067dbf.jpg,./files/mmqa/data/sf_200/images/00a5d23fa78de769d00d2ced7d067dbf.jpg
169,0dd5d7fc57cc8893c4c300e3772e7605.png,./files/mmqa/data/sf_200/images/0dd5d7fc57cc8893c4c300e3772e7605.png
170,0ad4459e6e55978b2a3da7946a4d5afd.jpg,./files/mmqa/data/sf_200/images/0ad4459e6e55978b2a3da7946a4d5afd.jpg
171,0c7eb9ec5913d7a2dc7c0e9d0ff41f28.jpg,./files/mmqa/data/sf_200/images/0c7eb9ec5913d7a2dc7c0e9d0ff41f28.jpg
172,0e310fe34bde11fadc0015c18e255df7.jpg,./files/mmqa/data/sf_200/images/0e310fe34bde11fadc0015c18e255df7.jpg
173,0dba42449d186d81120de3e4d7a94a9b.jpg,./files/mmqa/data/sf_200/images/0dba42449d186d81120de3e4d7a94a9b.jpg
174,0a4c24f87a11cb14c71b65c624defa13.png,./files/mmqa/data/sf_200/images/0a4c24f87a11cb14c71b65c624defa13.png
175,0d2bc676111fc9af4955e41c4035efa9.jpg,./files/mmqa/data/sf_200/images/0d2bc676111fc9af4955e41c4035efa9.jpg
176,0e3d8e55c5d9456daa97f35ee1510396.jpg,./files/mmqa/data/sf_200/images/0e3d8e55c5d9456daa97f35ee1510396.jpg
177,0d0dd3ccfb9709cd069584f463d89a59.jpg,./files/mmqa/data/sf_200/images/0d0dd3ccfb9709cd069584f463d89a59.jpg
178,0b60dceccc1689e61a6a828c50c2d323.jpg,./files/mmqa/data/sf_200/images/0b60dceccc1689e61a6a828c50c2d323.jpg
179,0a30bd537b70fb9064b23fbdb3d7c7d8.jpg,./files/mmqa/data/sf_200/images/0a30bd537b70fb9064b23fbdb3d7c7d8.jpg
180,0a6cd554d584830fdfd52189c8bfe207.jpg,./files/mmqa/data/sf_200/images/0a6cd554d584830fdfd52189c8bfe207.jpg
181,0b94ab1e7b50729b234c7e42fe1bf671.jpg,./files/mmqa/data/sf_200/images/0b94ab1e7b50729b234c7e42fe1bf671.jpg
182,0d9f69db877e52ae3e265c9ca9e47c78.jpg,./files/mmqa/data/sf_200/images/0d9f69db877e52ae3e265c9ca9e47c78.jpg
183,0a8d7e6efd2fe21f6fa31e6ddab68727.png,./files/mmqa/data/sf_200/images/0a8d7e6efd2fe21f6fa31e6ddab68727.png
184,0ae3290accde3db2b7ed149be99f843c.jpg,./files/mmqa/data/sf_200/images/0ae3290accde3db2b7ed149be99f843c.jpg
185,00bf7c082b16e464e366675e8e5d1f52.jpg,./files/mmqa/data/sf_200/images/00bf7c082b16e464e366675e8e5d1f52.jpg
186,0b6332cb6bea033303c092b3152ef3db.jpg,./files/mmqa/data/sf_200/images/0b6332cb6bea033303c092b3152ef3db.jpg
187,0aa3794a64a4e5a965406bf7eec17f23.jpg,./files/mmqa/data/sf_200/images/0aa3794a64a4e5a965406bf7eec17f23.jpg
188,0d31d3afe2df2f43ad6acc67f24283a6.jpg,./files/mmqa/data/sf_200/images/0d31d3afe2df2f43ad6acc67f24283a6.jpg
189,0dbbeacd0f56eb3b187b0a455818b318.jpg,./files/mmqa/data/sf_200/images/0dbbeacd0f56eb3b187b0a455818b318.jpg
190,0bfdff5bb64a88dc79c8ab142891288a.jpg,./files/mmqa/data/sf_200/images/0bfdff5bb64a88dc79c8ab142891288a.jpg
191,0c565efa82f7ca12dc98cd908e11ed5e.jpg,./files/mmqa/data/sf_200/images/0c565efa82f7ca12dc98cd908e11ed5e.jpg
192,0aba94ce585bab43b8a798af3a9cb901.jpg,./files/mmqa/data/sf_200/images/0aba94ce585bab43b8a798af3a9cb901.jpg
193,0d7f126e2080f9bf32112dab1128234f.jpg,./files/mmqa/data/sf_200/images/0d7f126e2080f9bf32112dab1128234f.jpg
194,0b4fe97acf7e5e48f321aadd2f7bbd3c.jpg,./files/mmqa/data/sf_200/images/0b4fe97acf7e5e48f321aadd2f7bbd3c.jpg
195,0d6d23c93b4fe21259b25c627e294ee0.jpg,./files/mmqa/data/sf_200/images/0d6d23c93b4fe21259b25c627e294ee0.jpg
196,0b45648e69abee38aafa541387e27338.png,./files/mmqa/data/sf_200/images/0b45648e69abee38aafa541387e27338.png
197,0e5ef5756c89f15f43bb002c748fad6f.jpg,./files/mmqa/data/sf_200/images/0e5ef5756c89f15f43bb002c748fad6f.jpg
198,0d3b0da47a86471cce26880c3b85605f.jpg,./files/mmqa/data/sf_200/images/0d3b0da47a86471cce26880c3b85605f.jpg
199,0a90891a0035fff9b35ddff1a9f1e736.jpg,./files/mmqa/data/sf_200/images/0a90891a0035fff9b35ddff1a9f1e736.jpg
