name,exp_id,quality_tier
Steps to Learning Montessori Preschool,1,Good
Breeze Blow Dry Bar,1,Good
Impact Guns,1,Excellent
Palms Primary Care,1,Good
J&Q Nails,1,Fair
Candy Barrel,1,Good
Luminosity,1,Good
Nail Care Salon,1,Good
Architectural Antiques of Indianapolis,1,Good
"Aster's Floral Shop",1,Good
China Wok,1,Good
Brandon Family Medical Care,1,Good
7-Eleven,1,Good
Uber,1,Good
Chestnut St. Cafe,1,Good
Cafe Porche and snowbar,1,Good
Steps to Learning Montessori Preschool,2,Good
Breeze Blow Dry Bar,2,Good
Impact Guns,2,Excellent
Palms Primary Care,2,Good
J&Q Nails,2,Fair
Candy Barrel,2,Good
Luminosity,2,Good
Nail Care Salon,2,Good
Architectural Antiques of Indianapolis,2,Good
"Aster's Floral Shop",2,Good
China Wok,2,Good
Brandon Family Medical Care,2,Good
7-Eleven,2,Good
Uber,2,Good
Chestnut St. Cafe,2,Good
Cafe Porche and snowbar,2,Good
Steps to Learning Montessori Preschool,3,Good
Breeze Blow Dry Bar,3,Good
Impact Guns,3,Excellent
Palms Primary Care,3,Good
J&Q Nails,3,Fair
Candy Barrel,3,Good
Luminosity,3,Good
Nail Care Salon,3,Good
Architectural Antiques of Indianapolis,3,Good
"Aster's Floral Shop",3,Good
China Wok,3,Good
Brandon Family Medical Care,3,Good
7-Eleven,3,Good
Uber,3,Good
Chestnut St. Cafe,3,Good
Cafe Porche and snowbar,3,Good
Steps to Learning Montessori Preschool,4,Good
Breeze Blow Dry Bar,4,Good
Impact Guns,4,Excellent
Palms Primary Care,4,Good
J&Q Nails,4,Fair
Candy Barrel,4,Good
Luminosity,4,Good
Nail Care Salon,4,Good
Architectural Antiques of Indianapolis,4,Good
"Aster's Floral Shop",4,Good
China Wok,4,Good
Brandon Family Medical Care,4,Good
7-Eleven,4,Good
Uber,4,Good
Chestnut St. Cafe,4,Good
Cafe Porche and snowbar,4,Good
Steps to Learning Montessori Preschool,5,Good
Breeze Blow Dry Bar,5,Good
Impact Guns,5,Excellent
Palms Primary Care,5,Good
J&Q Nails,5,Fair
Candy Barrel,5,Good
Luminosity,5,Good
Nail Care Salon,5,Good
Architectural Antiques of Indianapolis,5,Good
"Aster's Floral Shop",5,Good
China Wok,5,Good
Brandon Family Medical Care,5,Good
7-Eleven,5,Good
Uber,5,Good
Chestnut St. Cafe,5,Good
Cafe Porche and snowbar,5,Good
Steps to Learning Montessori Preschool,6,Good
Breeze Blow Dry Bar,6,Good
Impact Guns,6,Excellent
Palms Primary Care,6,Good
J&Q Nails,6,Fair
Candy Barrel,6,Good
Luminosity,6,Good
Nail Care Salon,6,Good
Architectural Antiques of Indianapolis,6,Good
"Aster's Floral Shop",6,Good
China Wok,6,Good
Brandon Family Medical Care,6,Good
7-Eleven,6,Good
Uber,6,Good
Chestnut St. Cafe,6,Good
Cafe Porche and snowbar,6,Good
Steps to Learning Montessori Preschool,7,Good
Breeze Blow Dry Bar,7,Good
Impact Guns,7,Excellent
Palms Primary Care,7,Good
J&Q Nails,7,Fair
Candy Barrel,7,Good
Luminosity,7,Good
Nail Care Salon,7,Good
Architectural Antiques of Indianapolis,7,Good
"Aster's Floral Shop",7,Good
China Wok,7,Good
Brandon Family Medical Care,7,Good
7-Eleven,7,Good
Uber,7,Good
Chestnut St. Cafe,7,Good
Cafe Porche and snowbar,7,Good
Steps to Learning Montessori Preschool,8,Good
Breeze Blow Dry Bar,8,Good
Impact Guns,8,Excellent
Palms Primary Care,8,Good
J&Q Nails,8,Fair
Candy Barrel,8,Good
Luminosity,8,Good
Nail Care Salon,8,Good
Architectural Antiques of Indianapolis,8,Good
"Aster's Floral Shop",8,Good
China Wok,8,Good
Brandon Family Medical Care,8,Good
7-Eleven,8,Good
Uber,8,Good
Chestnut St. Cafe,8,Good
Cafe Porche and snowbar,8,Good
Steps to Learning Montessori Preschool,9,Good
Breeze Blow Dry Bar,9,Good
Impact Guns,9,Excellent
Palms Primary Care,9,Good
J&Q Nails,9,Fair
Candy Barrel,9,Good
Luminosity,9,Good
Nail Care Salon,9,Good
Architectural Antiques of Indianapolis,9,Good
"Aster's Floral Shop",9,Good
China Wok,9,Good
Brandon Family Medical Care,9,Good
7-Eleven,9,Good
Uber,9,Good
Chestnut St. Cafe,9,Good
Cafe Porche and snowbar,9,Good
Steps to Learning Montessori Preschool,10,Good
Breeze Blow Dry Bar,10,Good
Impact Guns,10,Excellent
Palms Primary Care,10,Good
J&Q Nails,10,Fair
Candy Barrel,10,Good
Luminosity,10,Good
Nail Care Salon,10,Good
Architectural Antiques of Indianapolis,10,Good
"Aster's Floral Shop",10,Good
China Wok,10,Good
Brandon Family Medical Care,10,Good
7-Eleven,10,Good
Uber,10,Good
Chestnut St. Cafe,10,Good
Cafe Porche and snowbar,10,Good
Eyeglass World,1,Good
"Callahan's Corner",1,Good
Spa Guy Dave,1,Good
FroYo Frozen Yogurt,1,Good
Subway,1,Good
"Arby's",1,Good
"McDonald's",1,Good
Gamestop,1,Fair
King of Prussia Laundromat,1,Fair
The Recovery Room Bar & Grill,1,Fair
"Lenny's Plumbing",1,Fair
Dobbs Tire & Auto Centers,1,Good
Lithia Ford Lincoln of Boise,1,Good
Executive Auto Body,1,Fair
Ross Dress for Less,1,Good
Mr. Dry Out,1,Good
Eyeglass World,2,Good
"Callahan's Corner",2,Good
Spa Guy Dave,2,Good
FroYo Frozen Yogurt,2,Good
Subway,2,Good
"Arby's",2,Good
"McDonald's",2,Good
Gamestop,2,Fair
King of Prussia Laundromat,2,Fair
The Recovery Room Bar & Grill,2,Fair
"Lenny's Plumbing",2,Fair
Dobbs Tire & Auto Centers,2,Good
Lithia Ford Lincoln of Boise,2,Good
Executive Auto Body,2,Fair
Ross Dress for Less,2,Good
Mr. Dry Out,2,Good
Eyeglass World,3,Good
"Callahan's Corner",3,Good
Spa Guy Dave,3,Good
FroYo Frozen Yogurt,3,Good
Subway,3,Good
"Arby's",3,Good
"McDonald's",3,Good
Gamestop,3,Fair
King of Prussia Laundromat,3,Fair
The Recovery Room Bar & Grill,3,Fair
"Lenny's Plumbing",3,Fair
Dobbs Tire & Auto Centers,3,Good
Lithia Ford Lincoln of Boise,3,Good
Executive Auto Body,3,Fair
Ross Dress for Less,3,Good
Mr. Dry Out,3,Good
Eyeglass World,4,Good
"Callahan's Corner",4,Good
Spa Guy Dave,4,Good
FroYo Frozen Yogurt,4,Good
Subway,4,Good
"Arby's",4,Good
"McDonald's",4,Good
Gamestop,4,Fair
King of Prussia Laundromat,4,Fair
The Recovery Room Bar & Grill,4,Fair
"Lenny's Plumbing",4,Fair
Dobbs Tire & Auto Centers,4,Good
Lithia Ford Lincoln of Boise,4,Good
Executive Auto Body,4,Fair
Ross Dress for Less,4,Good
Mr. Dry Out,4,Good
Eyeglass World,5,Good
"Callahan's Corner",5,Good
Spa Guy Dave,5,Good
FroYo Frozen Yogurt,5,Good
Subway,5,Good
"Arby's",5,Good
"McDonald's",5,Good
Gamestop,5,Fair
King of Prussia Laundromat,5,Fair
The Recovery Room Bar & Grill,5,Fair
"Lenny's Plumbing",5,Fair
Dobbs Tire & Auto Centers,5,Good
Lithia Ford Lincoln of Boise,5,Good
Executive Auto Body,5,Fair
Ross Dress for Less,5,Good
Mr. Dry Out,5,Good
Eyeglass World,6,Good
"Callahan's Corner",6,Good
Spa Guy Dave,6,Good
FroYo Frozen Yogurt,6,Good
Subway,6,Good
"Arby's",6,Good
"McDonald's",6,Good
Gamestop,6,Fair
King of Prussia Laundromat,6,Fair
The Recovery Room Bar & Grill,6,Fair
"Lenny's Plumbing",6,Fair
Dobbs Tire & Auto Centers,6,Good
Lithia Ford Lincoln of Boise,6,Good
Executive Auto Body,6,Fair
Ross Dress for Less,6,Good
Mr. Dry Out,6,Good
Eyeglass World,7,Good
"Callahan's Corner",7,Good
Spa Guy Dave,7,Good
FroYo Frozen Yogurt,7,Good
Subway,7,Good
"Arby's",7,Good
"McDonald's",7,Good
Gamestop,7,Fair
King of Prussia Laundromat,7,Fair
The Recovery Room Bar & Grill,7,Fair
"Lenny's Plumbing",7,Fair
Dobbs Tire & Auto Centers,7,Good
Lithia Ford Lincoln of Boise,7,Good
Executive Auto Body,7,Fair
Ross Dress for Less,7,Good
Mr. Dry Out,7,Good
Eyeglass World,8,Good
"Callahan's Corner",8,Good
Spa Guy Dave,8,Good
FroYo Frozen Yogurt,8,Good
Subway,8,Good
"Arby's",8,Good
"McDonald's",8,Good
Gamestop,8,Fair
King of Prussia Laundromat,8,Fair
The Recovery Room Bar & Grill,8,Fair
"Lenny's Plumbing",8,Fair
Dobbs Tire & Auto Centers,8,Good
Lithia Ford Lincoln of Boise,8,Good
Executive Auto Body,8,Fair
Ross Dress for Less,8,Good
Mr. Dry Out,8,Good
Eyeglass World,9,Good
"Callahan's Corner",9,Good
Spa Guy Dave,9,Good
FroYo Frozen Yogurt,9,Good
Subway,9,Good
"Arby's",9,Good
"McDonald's",9,Good
Gamestop,9,Fair
King of Prussia Laundromat,9,Fair
The Recovery Room Bar & Grill,9,Fair
"Lenny's Plumbing",9,Fair
Dobbs Tire & Auto Centers,9,Good
Lithia Ford Lincoln of Boise,9,Good
Executive Auto Body,9,Fair
Ross Dress for Less,9,Good
Mr. Dry Out,9,Good
Eyeglass World,10,Good
"Callahan's Corner",10,Good
Spa Guy Dave,10,Good
FroYo Frozen Yogurt,10,Good
Subway,10,Good
"Arby's",10,Good
"McDonald's",10,Good
Gamestop,10,Fair
King of Prussia Laundromat,10,Fair
The Recovery Room Bar & Grill,10,Fair
"Lenny's Plumbing",10,Fair
Dobbs Tire & Auto Centers,10,Good
Lithia Ford Lincoln of Boise,10,Good
Executive Auto Body,10,Fair
Ross Dress for Less,10,Good
Mr. Dry Out,10,Good
Bywood Seafood Market,1,Good
Battleground Hospital For Animals,1,Good
Big Boys Moving And Storage,1,Fair
Egg Roll King Two,1,Good
Light World,1,Good
Lewis and Clark Confluence Tower,1,Good
Bloom,1,Good
Kallejon 813,1,Good
The Loop Taste of Chicago,1,Good
"Hanoi's Pho",1,Good
Eagle Luxe Reel Theatre,1,Good
"Gram's Place",1,Good
Big Lots,1,Good
Service First Heating & Air Conditioning,1,Fair
Simply Done Cafe,1,Good
The Iron Shop,1,Good
Bywood Seafood Market,2,Good
Battleground Hospital For Animals,2,Good
Big Boys Moving And Storage,2,Fair
Egg Roll King Two,2,Good
Light World,2,Good
Lewis and Clark Confluence Tower,2,Good
Bloom,2,Good
Kallejon 813,2,Good
The Loop Taste of Chicago,2,Good
"Hanoi's Pho",2,Good
Eagle Luxe Reel Theatre,2,Good
"Gram's Place",2,Good
Big Lots,2,Good
Service First Heating & Air Conditioning,2,Fair
Simply Done Cafe,2,Good
The Iron Shop,2,Good
Bywood Seafood Market,3,Good
Battleground Hospital For Animals,3,Good
Big Boys Moving And Storage,3,Fair
Egg Roll King Two,3,Good
Light World,3,Good
Lewis and Clark Confluence Tower,3,Good
Bloom,3,Good
Kallejon 813,3,Good
The Loop Taste of Chicago,3,Good
"Hanoi's Pho",3,Good
Eagle Luxe Reel Theatre,3,Good
"Gram's Place",3,Good
Big Lots,3,Good
Service First Heating & Air Conditioning,3,Fair
Simply Done Cafe,3,Good
The Iron Shop,3,Good
Bywood Seafood Market,4,Good
Battleground Hospital For Animals,4,Good
Big Boys Moving And Storage,4,Fair
Egg Roll King Two,4,Good
Light World,4,Good
Lewis and Clark Confluence Tower,4,Good
Bloom,4,Good
Kallejon 813,4,Good
The Loop Taste of Chicago,4,Good
"Hanoi's Pho",4,Good
Eagle Luxe Reel Theatre,4,Good
"Gram's Place",4,Good
Big Lots,4,Good
Service First Heating & Air Conditioning,4,Fair
Simply Done Cafe,4,Good
The Iron Shop,4,Good
Bywood Seafood Market,5,Good
Battleground Hospital For Animals,5,Good
Big Boys Moving And Storage,5,Fair
Egg Roll King Two,5,Good
Light World,5,Good
Lewis and Clark Confluence Tower,5,Good
Bloom,5,Good
Kallejon 813,5,Good
The Loop Taste of Chicago,5,Good
"Hanoi's Pho",5,Good
Eagle Luxe Reel Theatre,5,Good
"Gram's Place",5,Good
Big Lots,5,Good
Service First Heating & Air Conditioning,5,Fair
Simply Done Cafe,5,Good
The Iron Shop,5,Good
Bywood Seafood Market,6,Good
Battleground Hospital For Animals,6,Good
Big Boys Moving And Storage,6,Fair
Egg Roll King Two,6,Good
Light World,6,Good
Lewis and Clark Confluence Tower,6,Good
Bloom,6,Good
Kallejon 813,6,Good
The Loop Taste of Chicago,6,Good
"Hanoi's Pho",6,Good
Eagle Luxe Reel Theatre,6,Good
"Gram's Place",6,Good
Big Lots,6,Good
Service First Heating & Air Conditioning,6,Fair
Simply Done Cafe,6,Good
The Iron Shop,6,Good
Bywood Seafood Market,7,Good
Battleground Hospital For Animals,7,Good
Big Boys Moving And Storage,7,Fair
Egg Roll King Two,7,Good
Light World,7,Good
Lewis and Clark Confluence Tower,7,Good
Bloom,7,Good
Kallejon 813,7,Good
The Loop Taste of Chicago,7,Good
"Hanoi's Pho",7,Good
Eagle Luxe Reel Theatre,7,Good
"Gram's Place",7,Good
Big Lots,7,Good
Service First Heating & Air Conditioning,7,Fair
Simply Done Cafe,7,Good
The Iron Shop,7,Good
Bywood Seafood Market,8,Good
Battleground Hospital For Animals,8,Good
Big Boys Moving And Storage,8,Fair
Egg Roll King Two,8,Good
Light World,8,Good
Lewis and Clark Confluence Tower,8,Good
Bloom,8,Good
Kallejon 813,8,Good
The Loop Taste of Chicago,8,Good
"Hanoi's Pho",8,Good
Eagle Luxe Reel Theatre,8,Good
"Gram's Place",8,Good
Big Lots,8,Good
Service First Heating & Air Conditioning,8,Fair
Simply Done Cafe,8,Good
The Iron Shop,8,Good
Bywood Seafood Market,9,Good
Battleground Hospital For Animals,9,Good
Big Boys Moving And Storage,9,Fair
Egg Roll King Two,9,Good
Light World,9,Good
Lewis and Clark Confluence Tower,9,Good
Bloom,9,Good
Kallejon 813,9,Good
The Loop Taste of Chicago,9,Good
"Hanoi's Pho",9,Good
Eagle Luxe Reel Theatre,9,Good
"Gram's Place",9,Good
Big Lots,9,Good
Service First Heating & Air Conditioning,9,Fair
Simply Done Cafe,9,Good
The Iron Shop,9,Good
Bywood Seafood Market,10,Good
Battleground Hospital For Animals,10,Good
Big Boys Moving And Storage,10,Fair
Egg Roll King Two,10,Good
Light World,10,Good
Lewis and Clark Confluence Tower,10,Good
Bloom,10,Good
Kallejon 813,10,Good
The Loop Taste of Chicago,10,Good
"Hanoi's Pho",10,Good
Eagle Luxe Reel Theatre,10,Good
"Gram's Place",10,Good
Big Lots,10,Good
Service First Heating & Air Conditioning,10,Fair
Simply Done Cafe,10,Good
The Iron Shop,10,Good
The Fresh Market,1,Good
Brow Art,1,Good
The Jungle,1,Good
Jordans Fish and Chicken,1,Good
PennDOT,1,Good
Pit Stop HQ,1,Good
Panda Express,1,Good
Uptown Snoballs and Ice Cream,1,Good
Dalco Home Remodeling,1,Fair
New Orleans Eye Specialists,1,Good
Take 5 Oil Change,1,Good
Farmhaus Restaurant,1,Good
"Allan Link,DMD - The DentaLink",1,Good
Biggest Little Pools,1,Good
Dentistry for Children and Adolescents - St. Charles,1,Good
Holiday Inn Philadelphia Stadium,1,Good
The Fresh Market,2,Good
Brow Art,2,Good
The Jungle,2,Good
Jordans Fish and Chicken,2,Good
PennDOT,2,Good
Pit Stop HQ,2,Good
Panda Express,2,Good
Uptown Snoballs and Ice Cream,2,Good
Dalco Home Remodeling,2,Fair
New Orleans Eye Specialists,2,Good
Take 5 Oil Change,2,Good
Farmhaus Restaurant,2,Good
"Allan Link,DMD - The DentaLink",2,Good
Biggest Little Pools,2,Good
Dentistry for Children and Adolescents - St. Charles,2,Good
Holiday Inn Philadelphia Stadium,2,Good
The Fresh Market,3,Good
Brow Art,3,Good
The Jungle,3,Good
Jordans Fish and Chicken,3,Good
PennDOT,3,Good
Pit Stop HQ,3,Good
Panda Express,3,Good
Uptown Snoballs and Ice Cream,3,Good
Dalco Home Remodeling,3,Fair
New Orleans Eye Specialists,3,Good
Take 5 Oil Change,3,Good
Farmhaus Restaurant,3,Good
"Allan Link,DMD - The DentaLink",3,Good
Biggest Little Pools,3,Good
Dentistry for Children and Adolescents - St. Charles,3,Good
Holiday Inn Philadelphia Stadium,3,Good
The Fresh Market,4,Good
Brow Art,4,Good
The Jungle,4,Good
Jordans Fish and Chicken,4,Good
PennDOT,4,Good
Pit Stop HQ,4,Good
Panda Express,4,Good
Uptown Snoballs and Ice Cream,4,Good
Dalco Home Remodeling,4,Fair
New Orleans Eye Specialists,4,Good
Take 5 Oil Change,4,Good
Farmhaus Restaurant,4,Good
"Allan Link,DMD - The DentaLink",4,Good
Biggest Little Pools,4,Good
Dentistry for Children and Adolescents - St. Charles,4,Good
Holiday Inn Philadelphia Stadium,4,Good
The Fresh Market,5,Good
Brow Art,5,Good
The Jungle,5,Good
Jordans Fish and Chicken,5,Good
PennDOT,5,Good
Pit Stop HQ,5,Good
Panda Express,5,Good
Uptown Snoballs and Ice Cream,5,Good
Dalco Home Remodeling,5,Fair
New Orleans Eye Specialists,5,Good
Take 5 Oil Change,5,Good
Farmhaus Restaurant,5,Good
"Allan Link,DMD - The DentaLink",5,Good
Biggest Little Pools,5,Good
Dentistry for Children and Adolescents - St. Charles,5,Good
Holiday Inn Philadelphia Stadium,5,Good
The Fresh Market,6,Good
Brow Art,6,Good
The Jungle,6,Good
Jordans Fish and Chicken,6,Good
PennDOT,6,Good
Pit Stop HQ,6,Good
Panda Express,6,Good
Uptown Snoballs and Ice Cream,6,Good
Dalco Home Remodeling,6,Fair
New Orleans Eye Specialists,6,Good
Take 5 Oil Change,6,Good
Farmhaus Restaurant,6,Good
"Allan Link,DMD - The DentaLink",6,Good
Biggest Little Pools,6,Good
Dentistry for Children and Adolescents - St. Charles,6,Good
Holiday Inn Philadelphia Stadium,6,Good
The Fresh Market,7,Good
Brow Art,7,Good
The Jungle,7,Good
Jordans Fish and Chicken,7,Good
PennDOT,7,Good
Pit Stop HQ,7,Good
Panda Express,7,Good
Uptown Snoballs and Ice Cream,7,Good
Dalco Home Remodeling,7,Fair
New Orleans Eye Specialists,7,Good
Take 5 Oil Change,7,Good
Farmhaus Restaurant,7,Good
"Allan Link,DMD - The DentaLink",7,Good
Biggest Little Pools,7,Good
Dentistry for Children and Adolescents - St. Charles,7,Good
Holiday Inn Philadelphia Stadium,7,Good
The Fresh Market,8,Good
Brow Art,8,Good
The Jungle,8,Good
Jordans Fish and Chicken,8,Good
PennDOT,8,Good
Pit Stop HQ,8,Good
Panda Express,8,Good
Uptown Snoballs and Ice Cream,8,Good
Dalco Home Remodeling,8,Fair
New Orleans Eye Specialists,8,Good
Take 5 Oil Change,8,Good
Farmhaus Restaurant,8,Good
"Allan Link,DMD - The DentaLink",8,Good
Biggest Little Pools,8,Good
Dentistry for Children and Adolescents - St. Charles,8,Good
Holiday Inn Philadelphia Stadium,8,Good
The Fresh Market,9,Good
Brow Art,9,Good
The Jungle,9,Good
Jordans Fish and Chicken,9,Good
PennDOT,9,Good
Pit Stop HQ,9,Good
Panda Express,9,Good
Uptown Snoballs and Ice Cream,9,Good
Dalco Home Remodeling,9,Fair
New Orleans Eye Specialists,9,Good
Take 5 Oil Change,9,Good
Farmhaus Restaurant,9,Good
"Allan Link,DMD - The DentaLink",9,Good
Biggest Little Pools,9,Good
Dentistry for Children and Adolescents - St. Charles,9,Good
Holiday Inn Philadelphia Stadium,9,Good
The Fresh Market,10,Good
Brow Art,10,Good
The Jungle,10,Good
Jordans Fish and Chicken,10,Good
PennDOT,10,Good
Pit Stop HQ,10,Good
Panda Express,10,Good
Uptown Snoballs and Ice Cream,10,Good
Dalco Home Remodeling,10,Fair
New Orleans Eye Specialists,10,Good
Take 5 Oil Change,10,Good
Farmhaus Restaurant,10,Good
"Allan Link,DMD - The DentaLink",10,Good
Biggest Little Pools,10,Good
Dentistry for Children and Adolescents - St. Charles,10,Good
Holiday Inn Philadelphia Stadium,10,Good
Sleep Number,1,Good
"Pat Flynn's Public House",1,Good
"Humpty's Dumplings",1,Good
Samwich,1,Good
Artesano Gallery & Iron Works,1,Good
Fishtown Diner,1,Good
Taco Bell,1,Good
VE MOTORS,1,Good
Coffee House Too Cafe,1,Good
Chick-fil-A,1,Excellent
Orangetheory Fitness Carrollwood,1,Excellent
Orkin,1,Good
Winn Dixie,1,Good
Taste of Europe,1,Good
TITLE Boxing Club,1,Good
"Long John Silver's",1,Good
Sleep Number,2,Good
"Pat Flynn's Public House",2,Good
"Humpty's Dumplings",2,Good
Samwich,2,Good
Artesano Gallery & Iron Works,2,Good
Fishtown Diner,2,Good
Taco Bell,2,Good
VE MOTORS,2,Good
Coffee House Too Cafe,2,Good
Chick-fil-A,2,Excellent
Orangetheory Fitness Carrollwood,2,Excellent
Orkin,2,Good
Winn Dixie,2,Good
Taste of Europe,2,Good
TITLE Boxing Club,2,Good
"Long John Silver's",2,Good
Sleep Number,3,Good
"Pat Flynn's Public House",3,Good
"Humpty's Dumplings",3,Good
Samwich,3,Good
Artesano Gallery & Iron Works,3,Good
Fishtown Diner,3,Good
Taco Bell,3,Good
VE MOTORS,3,Good
Coffee House Too Cafe,3,Good
Chick-fil-A,3,Excellent
Orangetheory Fitness Carrollwood,3,Excellent
Orkin,3,Good
Winn Dixie,3,Good
Taste of Europe,3,Good
TITLE Boxing Club,3,Good
"Long John Silver's",3,Good
Sleep Number,4,Good
"Pat Flynn's Public House",4,Good
"Humpty's Dumplings",4,Good
Samwich,4,Good
Artesano Gallery & Iron Works,4,Good
Fishtown Diner,4,Good
Taco Bell,4,Good
VE MOTORS,4,Good
Coffee House Too Cafe,4,Good
Chick-fil-A,4,Excellent
Orangetheory Fitness Carrollwood,4,Excellent
Orkin,4,Good
Winn Dixie,4,Good
Taste of Europe,4,Good
TITLE Boxing Club,4,Good
"Long John Silver's",4,Good
Sleep Number,5,Good
"Pat Flynn's Public House",5,Good
"Humpty's Dumplings",5,Good
Samwich,5,Good
Artesano Gallery & Iron Works,5,Good
Fishtown Diner,5,Good
Taco Bell,5,Good
VE MOTORS,5,Good
Coffee House Too Cafe,5,Good
Chick-fil-A,5,Excellent
Orangetheory Fitness Carrollwood,5,Excellent
Orkin,5,Good
Winn Dixie,5,Good
Taste of Europe,5,Good
TITLE Boxing Club,5,Good
"Long John Silver's",5,Good
Sleep Number,6,Good
"Pat Flynn's Public House",6,Good
"Humpty's Dumplings",6,Good
Samwich,6,Good
Artesano Gallery & Iron Works,6,Good
Fishtown Diner,6,Good
Taco Bell,6,Good
VE MOTORS,6,Good
Coffee House Too Cafe,6,Good
Chick-fil-A,6,Excellent
Orangetheory Fitness Carrollwood,6,Excellent
Orkin,6,Good
Winn Dixie,6,Good
Taste of Europe,6,Good
TITLE Boxing Club,6,Good
"Long John Silver's",6,Good
Sleep Number,7,Good
"Pat Flynn's Public House",7,Good
"Humpty's Dumplings",7,Good
Samwich,7,Good
Artesano Gallery & Iron Works,7,Good
Fishtown Diner,7,Good
Taco Bell,7,Good
VE MOTORS,7,Good
Coffee House Too Cafe,7,Good
Chick-fil-A,7,Excellent
Orangetheory Fitness Carrollwood,7,Excellent
Orkin,7,Good
Winn Dixie,7,Good
Taste of Europe,7,Good
TITLE Boxing Club,7,Good
"Long John Silver's",7,Good
Sleep Number,8,Good
"Pat Flynn's Public House",8,Good
"Humpty's Dumplings",8,Good
Samwich,8,Good
Artesano Gallery & Iron Works,8,Good
Fishtown Diner,8,Good
Taco Bell,8,Good
VE MOTORS,8,Good
Coffee House Too Cafe,8,Good
Chick-fil-A,8,Excellent
Orangetheory Fitness Carrollwood,8,Excellent
Orkin,8,Good
Winn Dixie,8,Good
Taste of Europe,8,Good
TITLE Boxing Club,8,Good
"Long John Silver's",8,Good
Sleep Number,9,Good
"Pat Flynn's Public House",9,Good
"Humpty's Dumplings",9,Good
Samwich,9,Good
Artesano Gallery & Iron Works,9,Good
Fishtown Diner,9,Good
Taco Bell,9,Good
VE MOTORS,9,Good
Coffee House Too Cafe,9,Good
Chick-fil-A,9,Excellent
Orangetheory Fitness Carrollwood,9,Excellent
Orkin,9,Good
Winn Dixie,9,Good
Taste of Europe,9,Good
TITLE Boxing Club,9,Good
"Long John Silver's",9,Good
Sleep Number,10,Good
"Pat Flynn's Public House",10,Good
"Humpty's Dumplings",10,Good
Samwich,10,Good
Artesano Gallery & Iron Works,10,Good
Fishtown Diner,10,Good
Taco Bell,10,Good
VE MOTORS,10,Good
Coffee House Too Cafe,10,Good
Chick-fil-A,10,Excellent
Orangetheory Fitness Carrollwood,10,Excellent
Orkin,10,Good
Winn Dixie,10,Good
Taste of Europe,10,Good
TITLE Boxing Club,10,Good
"Long John Silver's",10,Good
Island Way Car Wash,1,Fair
Insomnia Cookies,1,Good
Great Harvest Bread Co,1,Good
Miles Table,1,Good
GOLFTEC Westshore,1,Good
Atlantic Trap & Gill Pub,1,Good
Glenora Pizza,1,Good
Walmart,1,Good
Ford of Port Richey,1,Good
Brookmont Apartment Homes,1,Good
Fox and Hound English Pub and Grille,1,Good
Salt + Smoke,1,Excellent
Main Line Spine,1,Good
Pho & Beyond,1,Good
Cobs Bread,1,Good
Harbor Freight,1,Good
Island Way Car Wash,2,Fair
Insomnia Cookies,2,Good
Great Harvest Bread Co,2,Good
Miles Table,2,Good
GOLFTEC Westshore,2,Good
Atlantic Trap & Gill Pub,2,Good
Glenora Pizza,2,Good
Walmart,2,Good
Ford of Port Richey,2,Good
Brookmont Apartment Homes,2,Good
Fox and Hound English Pub and Grille,2,Good
Salt + Smoke,2,Excellent
Main Line Spine,2,Good
Pho & Beyond,2,Good
Cobs Bread,2,Good
Harbor Freight,2,Good
Island Way Car Wash,3,Fair
Insomnia Cookies,3,Good
Great Harvest Bread Co,3,Good
Miles Table,3,Good
GOLFTEC Westshore,3,Good
Atlantic Trap & Gill Pub,3,Good
Glenora Pizza,3,Good
Walmart,3,Good
Ford of Port Richey,3,Good
Brookmont Apartment Homes,3,Good
Fox and Hound English Pub and Grille,3,Good
Salt + Smoke,3,Excellent
Main Line Spine,3,Good
Pho & Beyond,3,Good
Cobs Bread,3,Good
Harbor Freight,3,Good
Island Way Car Wash,4,Fair
Insomnia Cookies,4,Good
Great Harvest Bread Co,4,Good
Miles Table,4,Good
GOLFTEC Westshore,4,Good
Atlantic Trap & Gill Pub,4,Good
Glenora Pizza,4,Good
Walmart,4,Good
Ford of Port Richey,4,Good
Brookmont Apartment Homes,4,Good
Fox and Hound English Pub and Grille,4,Good
Salt + Smoke,4,Excellent
Main Line Spine,4,Good
Pho & Beyond,4,Good
Cobs Bread,4,Good
Harbor Freight,4,Good
Island Way Car Wash,5,Fair
Insomnia Cookies,5,Good
Great Harvest Bread Co,5,Good
Miles Table,5,Good
GOLFTEC Westshore,5,Good
Atlantic Trap & Gill Pub,5,Good
Glenora Pizza,5,Good
Walmart,5,Good
Ford of Port Richey,5,Good
Brookmont Apartment Homes,5,Good
Fox and Hound English Pub and Grille,5,Good
Salt + Smoke,5,Excellent
Main Line Spine,5,Good
Pho & Beyond,5,Good
Cobs Bread,5,Good
Harbor Freight,5,Good
Island Way Car Wash,6,Fair
Insomnia Cookies,6,Good
Great Harvest Bread Co,6,Good
Miles Table,6,Good
GOLFTEC Westshore,6,Good
Atlantic Trap & Gill Pub,6,Good
Glenora Pizza,6,Good
Walmart,6,Good
Ford of Port Richey,6,Good
Brookmont Apartment Homes,6,Good
Fox and Hound English Pub and Grille,6,Good
Salt + Smoke,6,Excellent
Main Line Spine,6,Good
Pho & Beyond,6,Good
Cobs Bread,6,Good
Harbor Freight,6,Good
Island Way Car Wash,7,Fair
Insomnia Cookies,7,Good
Great Harvest Bread Co,7,Good
Miles Table,7,Good
GOLFTEC Westshore,7,Good
Atlantic Trap & Gill Pub,7,Good
Glenora Pizza,7,Good
Walmart,7,Good
Ford of Port Richey,7,Good
Brookmont Apartment Homes,7,Good
Fox and Hound English Pub and Grille,7,Good
Salt + Smoke,7,Excellent
Main Line Spine,7,Good
Pho & Beyond,7,Good
Cobs Bread,7,Good
Harbor Freight,7,Good
Island Way Car Wash,8,Fair
Insomnia Cookies,8,Good
Great Harvest Bread Co,8,Good
Miles Table,8,Good
GOLFTEC Westshore,8,Good
Atlantic Trap & Gill Pub,8,Good
Glenora Pizza,8,Good
Walmart,8,Good
Ford of Port Richey,8,Good
Brookmont Apartment Homes,8,Good
Fox and Hound English Pub and Grille,8,Good
Salt + Smoke,8,Excellent
Main Line Spine,8,Good
Pho & Beyond,8,Good
Cobs Bread,8,Good
Harbor Freight,8,Good
Island Way Car Wash,9,Fair
Insomnia Cookies,9,Good
Great Harvest Bread Co,9,Good
Miles Table,9,Good
GOLFTEC Westshore,9,Good
Atlantic Trap & Gill Pub,9,Good
Glenora Pizza,9,Good
Walmart,9,Good
Ford of Port Richey,9,Good
Brookmont Apartment Homes,9,Good
Fox and Hound English Pub and Grille,9,Good
Salt + Smoke,9,Excellent
Main Line Spine,9,Good
Pho & Beyond,9,Good
Cobs Bread,9,Good
Harbor Freight,9,Good
Island Way Car Wash,10,Fair
Insomnia Cookies,10,Good
Great Harvest Bread Co,10,Good
Miles Table,10,Good
GOLFTEC Westshore,10,Good
Atlantic Trap & Gill Pub,10,Good
Glenora Pizza,10,Good
Walmart,10,Good
Ford of Port Richey,10,Good
Brookmont Apartment Homes,10,Good
Fox and Hound English Pub and Grille,10,Good
Salt + Smoke,10,Excellent
Main Line Spine,10,Good
Pho & Beyond,10,Good
Cobs Bread,10,Good
Harbor Freight,10,Good
Philadelphia Hair Studio,1,Fair
Philadelphia Hair Studio,2,Fair
Philadelphia Hair Studio,3,Fair
Philadelphia Hair Studio,4,Fair
Philadelphia Hair Studio,5,Fair
Philadelphia Hair Studio,6,Fair
Philadelphia Hair Studio,7,Fair
Philadelphia Hair Studio,8,Fair
Philadelphia Hair Studio,9,Fair
Philadelphia Hair Studio,10,Fair
Fantastic Sams Cut & Color,1,Good
Fantastic Sams Cut & Color,2,Good
Fantastic Sams Cut & Color,3,Good
Fantastic Sams Cut & Color,4,Good
Fantastic Sams Cut & Color,5,Good
Fantastic Sams Cut & Color,6,Good
Fantastic Sams Cut & Color,7,Good
Fantastic Sams Cut & Color,8,Good
Fantastic Sams Cut & Color,9,Good
Fantastic Sams Cut & Color,10,Good
Avian Glen Winery,1,Good
Avian Glen Winery,2,Good
Avian Glen Winery,3,Good
Avian Glen Winery,4,Good
Avian Glen Winery,5,Good
Avian Glen Winery,6,Good
Avian Glen Winery,7,Good
Avian Glen Winery,8,Good
Avian Glen Winery,9,Good
Avian Glen Winery,10,Good
Whitemarsh Jewelers,1,Good
Whitemarsh Jewelers,2,Good
Whitemarsh Jewelers,3,Good
Whitemarsh Jewelers,4,Good
Whitemarsh Jewelers,5,Good
Whitemarsh Jewelers,6,Good
Whitemarsh Jewelers,7,Good
Whitemarsh Jewelers,8,Good
Whitemarsh Jewelers,9,Good
Whitemarsh Jewelers,10,Good
