p_partkey,p_name,p_type,p_brand,l_orderkey,l_linenumber,l_suppkey,l_quantity,l_extendedprice,l_discount,l_shipmode,l_shipinstruct,o_orderdate,o_orderpriority,o_totalprice,c_custkey,c_name,c_address,c_nationkey,c_phone,c_acctbal,c_mktsegment,c_comment
679,purple blanched linen metallic indian,SMALL BURNISHED TIN,Brand#41,6374,5,5,22.00,34752.74,0.06,REG AIR,DELIVER IN PERSON,1995-08-08,1-URGENT,174464.54,3,Customer#000000003,fkRGN8nY4pkE,1,11-719-748-3364,7498.12,AUTOMOBILE,fully. carefully silent instructions sleep alongside of the slyly regular asymptotes. quickly regular 
679,purple blanched linen metallic indian,SMALL BURNISHED TIN,Brand#41,6374,5,5,22.00,34752.74,0.06,REG AIR,DELIVER IN PERSON,1995-08-08,1-URGENT,174464.54,4,Customer#000000004,4u58h fqkyE,4,14-128-190-5944,2866.83,MACHINERY, sublate. fluffily even instructions are about th
679,purple blanched linen metallic indian,SMALL BURNISHED TIN,Brand#41,6374,5,5,22.00,34752.74,0.06,REG AIR,DELIVER IN PERSON,1995-08-08,1-URGENT,174464.54,6,Customer#000000006," g1s,pzDenUEBW3O,2 pxu0f9n2g64rJrt5E",20,30-114-968-4951,7638.57,AUTOMOBILE, quickly silent asymptotes are slyly regular excuses. instructions wake furiously? quickly bold courts p
679,purple blanched linen metallic indian,SMALL BURNISHED TIN,Brand#41,6374,5,5,22.00,34752.74,0.06,REG AIR,DELIVER IN PERSON,1995-08-08,1-URGENT,174464.54,7,Customer#000000007,8OkMVLQ1dK6Mbu6WG9 w4pLGQ n7MQ,18,28-190-982-9759,9561.95,AUTOMOBILE,"ounts. ironic, regular accounts sleep. final requests haggle quickly after the"
679,purple blanched linen metallic indian,SMALL BURNISHED TIN,Brand#41,6374,5,5,22.00,34752.74,0.06,REG AIR,DELIVER IN PERSON,1995-08-08,1-URGENT,174464.54,8,Customer#000000008,"j,pZ,Qp,qtFEo0r0c 92qobZtlhSuOqbE4JGV",17,27-147-574-9335,6819.74,BUILDING,riously final excuses sublate quickly among the fluffily even foxes. quickly final packages haggle furiously furi
679,purple blanched linen metallic indian,SMALL BURNISHED TIN,Brand#41,6374,5,5,22.00,34752.74,0.06,REG AIR,DELIVER IN PERSON,1995-08-08,1-URGENT,174464.54,13,Customer#000000013,Ez3ax0D5HnUbeUVSxoX8a8B,3,13-761-547-5974,3857.34,BUILDING,quickly brave foxes. blithely even packages against the pinto beans boost furiously against the re
679,purple blanched linen metallic indian,SMALL BURNISHED TIN,Brand#41,6374,5,5,22.00,34752.74,0.06,REG AIR,DELIVER IN PERSON,1995-08-08,1-URGENT,174464.54,14,Customer#000000014,h3GFMzeFfYiamqr,1,11-845-129-3851,5266.30,FURNITURE,"r, express foxes cajole slyly aga"
679,purple blanched linen metallic indian,SMALL BURNISHED TIN,Brand#41,6374,5,5,22.00,34752.74,0.06,REG AIR,DELIVER IN PERSON,1995-08-08,1-URGENT,174464.54,18,Customer#000000018,YyukcsqIxlyuXs702Rd2Rl9D1z,6,16-155-215-1315,5494.43,BUILDING,ickly even packages about the unusual dependencies cajole furious
679,purple blanched linen metallic indian,SMALL BURNISHED TIN,Brand#41,6374,5,5,22.00,34752.74,0.06,REG AIR,DELIVER IN PERSON,1995-08-08,1-URGENT,174464.54,24,Customer#000000024,k3qlKjqtHuzNAvIFyZX2Yc1crXuMfMU6SbAl,13,23-127-851-8031,9255.67,MACHINERY,s. final hockey players snooze carefully furious
679,purple blanched linen metallic indian,SMALL BURNISHED TIN,Brand#41,6374,5,5,22.00,34752.74,0.06,REG AIR,DELIVER IN PERSON,1995-08-08,1-URGENT,174464.54,25,Customer#000000025,kBSktmaKkjm28IFkVypLN,12,22-603-468-3533,7133.70,FURNITURE,theodolites nag furiously along the asymptotes. furiously special ideas detect. carefully regular instructio
679,purple blanched linen metallic indian,SMALL BURNISHED TIN,Brand#41,6374,5,5,22.00,34752.74,0.06,REG AIR,DELIVER IN PERSON,1995-08-08,1-URGENT,174464.54,26,Customer#000000026,TFH OW1MeFU6OIb,22,32-363-455-4837,5182.05,AUTOMOBILE,"gainst the express theodolites. deposits sleep furiously. regular, spe"
679,purple blanched linen metallic indian,SMALL BURNISHED TIN,Brand#41,6374,5,5,22.00,34752.74,0.06,REG AIR,DELIVER IN PERSON,1995-08-08,1-URGENT,174464.54,27,Customer#000000027,"j8SkiuuBp gBe7,yT",3,13-137-193-2709,5679.84,BUILDING,permanently. slyly ironic dependencies integrat
679,purple blanched linen metallic indian,SMALL BURNISHED TIN,Brand#41,6374,5,5,22.00,34752.74,0.06,REG AIR,DELIVER IN PERSON,1995-08-08,1-URGENT,174464.54,29,Customer#000000029, hVQNzLtqGpgUXNMY0wlZVstaf52mXXxJ,0,10-773-203-7342,7618.27,FURNITURE, nod furiously after the final accounts. courts nag qu
679,purple blanched linen metallic indian,SMALL BURNISHED TIN,Brand#41,6374,5,5,22.00,34752.74,0.06,REG AIR,DELIVER IN PERSON,1995-08-08,1-URGENT,174464.54,30,Customer#000000030,EhnzmgkqQw7UXhF0PVdg gLfSAihaaHaD2fZah2,1,11-764-165-5076,9321.01,BUILDING,ep quickly slyly express accounts-- carefully eve
679,purple blanched linen metallic indian,SMALL BURNISHED TIN,Brand#41,6374,5,5,22.00,34752.74,0.06,REG AIR,DELIVER IN PERSON,1995-08-08,1-URGENT,174464.54,36,Customer#000000036,"Y7wosIxbsBi,0nNiSG4V7",21,31-704-669-5769,4987.27,BUILDING,ys among the accounts affix blithely asymptotes. carefully even deposits are fluff
679,purple blanched linen metallic indian,SMALL BURNISHED TIN,Brand#41,6374,5,5,22.00,34752.74,0.06,REG AIR,DELIVER IN PERSON,1995-08-08,1-URGENT,174464.54,39,Customer#000000039,"EDP9K1bwtXYNLGCA2mrlOM1U,",2,12-387-467-6509,6264.31,AUTOMOBILE,eposits play across the furiousl
679,purple blanched linen metallic indian,SMALL BURNISHED TIN,Brand#41,6374,5,5,22.00,34752.74,0.06,REG AIR,DELIVER IN PERSON,1995-08-08,1-URGENT,174464.54,40,Customer#000000040,"LcDk4rtJ85,CLw",3,13-652-915-8939,1335.30,BUILDING,y. brave accounts wake slyly ironic epitaphs; express packages h
679,purple blanched linen metallic indian,SMALL BURNISHED TIN,Brand#41,6374,5,5,22.00,34752.74,0.06,REG AIR,DELIVER IN PERSON,1995-08-08,1-URGENT,174464.54,42,Customer#000000042,tI8 wutpGM,5,15-416-330-4175,8727.01,BUILDING,lphins. blithely bold requests about the special patterns detect quickly regular foxes. furiously express in
679,purple blanched linen metallic indian,SMALL BURNISHED TIN,Brand#41,6374,5,5,22.00,34752.74,0.06,REG AIR,DELIVER IN PERSON,1995-08-08,1-URGENT,174464.54,43,Customer#000000043,Dx8PHkGSFJWLg3XtkzCX28iHRrQXbCRlN,19,29-316-665-2897,9904.28,MACHINERY,ronic pinto beans. packages sleep. furiously ruthless packages print blithely fluffily even platelets.
679,purple blanched linen metallic indian,SMALL BURNISHED TIN,Brand#41,6374,5,5,22.00,34752.74,0.06,REG AIR,DELIVER IN PERSON,1995-08-08,1-URGENT,174464.54,44,Customer#000000044,"dI0Nc9bvnxXHCWu10bSVn,NEJ2kwdyqvI",16,26-190-260-5375,7315.94,AUTOMOBILE,"fily regular asymptotes. ironic, pend"
679,purple blanched linen metallic indian,SMALL BURNISHED TIN,Brand#41,6374,5,5,22.00,34752.74,0.06,REG AIR,DELIVER IN PERSON,1995-08-08,1-URGENT,174464.54,45,Customer#000000045,XwXcOClKCcFek0oQDl0WFNo,9,19-715-298-9917,9983.38,AUTOMOBILE,l excuses are busy accounts. blithely
679,purple blanched linen metallic indian,SMALL BURNISHED TIN,Brand#41,6374,5,5,22.00,34752.74,0.06,REG AIR,DELIVER IN PERSON,1995-08-08,1-URGENT,174464.54,48,Customer#000000048,076rIcJpxBmwMEdq,0,10-508-348-5882,3792.50,BUILDING, carefully. furiously bold accounts sleep slyly above the even accounts. ironic acc
679,purple blanched linen metallic indian,SMALL BURNISHED TIN,Brand#41,6374,5,5,22.00,34752.74,0.06,REG AIR,DELIVER IN PERSON,1995-08-08,1-URGENT,174464.54,50,Customer#000000050,S8sn2GGsuputhZaN7irC,6,16-658-112-3221,4266.13,MACHINERY, ideas cajole. carefully even warthogs affix ironically quickly re
679,purple blanched linen metallic indian,SMALL BURNISHED TIN,Brand#41,6374,5,5,22.00,34752.74,0.06,REG AIR,DELIVER IN PERSON,1995-08-08,1-URGENT,174464.54,55,Customer#000000055,ti9p9XgdmFsjsQI6XQrISDUMFAusnmKS SBoCE,10,20-180-440-8525,4572.11,MACHINERY,dolites. bold instructions wake fluffily regular ideas. regular theodolites are furiously carefully unusual ac
679,purple blanched linen metallic indian,SMALL BURNISHED TIN,Brand#41,6374,5,5,22.00,34752.74,0.06,REG AIR,DELIVER IN PERSON,1995-08-08,1-URGENT,174464.54,56,Customer#000000056,qh212iaGWtoVp,10,20-895-685-6920,6530.86,FURNITURE, quickly final dependencies. even dependencies are slyly regularly silent theodolites. slow a
679,purple blanched linen metallic indian,SMALL BURNISHED TIN,Brand#41,6374,5,5,22.00,34752.74,0.06,REG AIR,DELIVER IN PERSON,1995-08-08,1-URGENT,174464.54,59,Customer#000000059,tfcob0wJRYdypIJLzBckGW,1,11-355-584-3112,3458.60,MACHINERY,s asymptotes wake. slyly ironic deposits haggle furiously; slyly regula
679,purple blanched linen metallic indian,SMALL BURNISHED TIN,Brand#41,6374,5,5,22.00,34752.74,0.06,REG AIR,DELIVER IN PERSON,1995-08-08,1-URGENT,174464.54,63,Customer#000000063,j398B6441 Rgii,21,31-952-552-9584,9331.13,AUTOMOBILE,ar pinto beans nag furiously furiously regular ideas. d
679,purple blanched linen metallic indian,SMALL BURNISHED TIN,Brand#41,6374,5,5,22.00,34752.74,0.06,REG AIR,DELIVER IN PERSON,1995-08-08,1-URGENT,174464.54,65,Customer#000000065,"ak7rtta,tWG,jR,cTSXflW6RVQ3alna3P4Q,zF03",23,33-733-623-5267,8795.16,AUTOMOBILE,"ironic courts sleep slyly above the ironic, bold accounts. blithely"
679,purple blanched linen metallic indian,SMALL BURNISHED TIN,Brand#41,6374,5,5,22.00,34752.74,0.06,REG AIR,DELIVER IN PERSON,1995-08-08,1-URGENT,174464.54,67,Customer#000000067,"ALk,OdKy V5SruigGvBRMBo8S",9,19-403-114-4356,8166.59,MACHINERY, special sentiments. pending depen
679,purple blanched linen metallic indian,SMALL BURNISHED TIN,Brand#41,6374,5,5,22.00,34752.74,0.06,REG AIR,DELIVER IN PERSON,1995-08-08,1-URGENT,174464.54,73,Customer#000000073,TiJiuAMxW6LUyyVFCKW,0,10-473-439-3214,4288.50,BUILDING, carefully pending packages to the pearls affix quick
679,purple blanched linen metallic indian,SMALL BURNISHED TIN,Brand#41,6374,5,5,22.00,34752.74,0.06,REG AIR,DELIVER IN PERSON,1995-08-08,1-URGENT,174464.54,74,Customer#000000074,jGhjorX17JmTAfT6gO 6sD9fF1GtFLs,4,14-199-862-7209,2764.43,MACHINERY,ithely special excuses. regular deposits cajole furiously finally
679,purple blanched linen metallic indian,SMALL BURNISHED TIN,Brand#41,6374,5,5,22.00,34752.74,0.06,REG AIR,DELIVER IN PERSON,1995-08-08,1-URGENT,174464.54,79,Customer#000000079,EVJjYMyG59w4SINzn0pEfY,15,25-147-850-4166,5121.28,MACHINERY,iously even pinto beans hinder final deposits. carefully final accounts along the final theodolites integrate caref
679,purple blanched linen metallic indian,SMALL BURNISHED TIN,Brand#41,6374,5,5,22.00,34752.74,0.06,REG AIR,DELIVER IN PERSON,1995-08-08,1-URGENT,174464.54,82,Customer#000000082,tJkXm2PQBWPRRYkIXPg0YdM03E,18,28-159-442-5305,9468.34,AUTOMOBILE,old requests. slyly bold courts sleep carefully packag
679,purple blanched linen metallic indian,SMALL BURNISHED TIN,Brand#41,6374,5,5,22.00,34752.74,0.06,REG AIR,DELIVER IN PERSON,1995-08-08,1-URGENT,174464.54,83,Customer#000000083,"kDJ7dqVuBD9lY,hqjW2O UBz5EGoX9oL",22,32-817-154-4122,6463.51,BUILDING,into beans alongside of the furiously silent theodolites haggle carefully slyly final sauternes. requests cajol
679,purple blanched linen metallic indian,SMALL BURNISHED TIN,Brand#41,6374,5,5,22.00,34752.74,0.06,REG AIR,DELIVER IN PERSON,1995-08-08,1-URGENT,174464.54,84,Customer#000000084,GB3sUmv RRXV DPzeOSbGxMIF9Z4Eq9 rop,11,21-546-818-3802,5174.71,FURNITURE,ounts. blithely express theodolites nag carefully ironic pinto beans. carefully final 
679,purple blanched linen metallic indian,SMALL BURNISHED TIN,Brand#41,6374,5,5,22.00,34752.74,0.06,REG AIR,DELIVER IN PERSON,1995-08-08,1-URGENT,174464.54,87,Customer#000000087,KKkJj684aFsUH1Unw,23,33-869-884-7053,6327.54,FURNITURE,boost carefully. blithely furious Tiresias nag furiously ironic foxes. instruction
679,purple blanched linen metallic indian,SMALL BURNISHED TIN,Brand#41,6374,5,5,22.00,34752.74,0.06,REG AIR,DELIVER IN PERSON,1995-08-08,1-URGENT,174464.54,88,Customer#000000088,wyGHpeRMt mxmd8fEelFiXMTHnVg3OL,16,26-516-273-2566,8031.44,AUTOMOBILE,ts. unusual foxes use excuses; final courts doubt special packages. furiously regular platelets abo
679,purple blanched linen metallic indian,SMALL BURNISHED TIN,Brand#41,6374,5,5,22.00,34752.74,0.06,REG AIR,DELIVER IN PERSON,1995-08-08,1-URGENT,174464.54,90,Customer#000000090,buosjU5uu274vLfU,16,26-603-491-1238,7354.23,BUILDING,lyly bold pinto beans use alon
679,purple blanched linen metallic indian,SMALL BURNISHED TIN,Brand#41,6374,5,5,22.00,34752.74,0.06,REG AIR,DELIVER IN PERSON,1995-08-08,1-URGENT,174464.54,93,Customer#000000093,nj3p ZakNJ,7,17-359-388-5266,2182.52,MACHINERY,gular decoys after the slyly ruthless deposit
679,purple blanched linen metallic indian,SMALL BURNISHED TIN,Brand#41,6374,5,5,22.00,34752.74,0.06,REG AIR,DELIVER IN PERSON,1995-08-08,1-URGENT,174464.54,100,Customer#000000100,MBy6qq3OEGpV4u,20,30-749-445-4907,9889.89,FURNITURE,"dazzle carefully furiously final foxes. express, ironic packages among the qui"
361,indian dim tan antique puff,SMALL ANODIZED COPPER,Brand#52,2951,4,31,21.00,26488.56,0.06,REG AIR,DELIVER IN PERSON,1996-02-06,2-HIGH,187526.31,3,Customer#000000003,fkRGN8nY4pkE,1,11-719-748-3364,7498.12,AUTOMOBILE,fully. carefully silent instructions sleep alongside of the slyly regular asymptotes. quickly regular 
361,indian dim tan antique puff,SMALL ANODIZED COPPER,Brand#52,2951,4,31,21.00,26488.56,0.06,REG AIR,DELIVER IN PERSON,1996-02-06,2-HIGH,187526.31,4,Customer#000000004,4u58h fqkyE,4,14-128-190-5944,2866.83,MACHINERY, sublate. fluffily even instructions are about th
361,indian dim tan antique puff,SMALL ANODIZED COPPER,Brand#52,2951,4,31,21.00,26488.56,0.06,REG AIR,DELIVER IN PERSON,1996-02-06,2-HIGH,187526.31,6,Customer#000000006," g1s,pzDenUEBW3O,2 pxu0f9n2g64rJrt5E",20,30-114-968-4951,7638.57,AUTOMOBILE, quickly silent asymptotes are slyly regular excuses. instructions wake furiously? quickly bold courts p
361,indian dim tan antique puff,SMALL ANODIZED COPPER,Brand#52,2951,4,31,21.00,26488.56,0.06,REG AIR,DELIVER IN PERSON,1996-02-06,2-HIGH,187526.31,7,Customer#000000007,8OkMVLQ1dK6Mbu6WG9 w4pLGQ n7MQ,18,28-190-982-9759,9561.95,AUTOMOBILE,"ounts. ironic, regular accounts sleep. final requests haggle quickly after the"
361,indian dim tan antique puff,SMALL ANODIZED COPPER,Brand#52,2951,4,31,21.00,26488.56,0.06,REG AIR,DELIVER IN PERSON,1996-02-06,2-HIGH,187526.31,8,Customer#000000008,"j,pZ,Qp,qtFEo0r0c 92qobZtlhSuOqbE4JGV",17,27-147-574-9335,6819.74,BUILDING,riously final excuses sublate quickly among the fluffily even foxes. quickly final packages haggle furiously furi
361,indian dim tan antique puff,SMALL ANODIZED COPPER,Brand#52,2951,4,31,21.00,26488.56,0.06,REG AIR,DELIVER IN PERSON,1996-02-06,2-HIGH,187526.31,13,Customer#000000013,Ez3ax0D5HnUbeUVSxoX8a8B,3,13-761-547-5974,3857.34,BUILDING,quickly brave foxes. blithely even packages against the pinto beans boost furiously against the re
361,indian dim tan antique puff,SMALL ANODIZED COPPER,Brand#52,2951,4,31,21.00,26488.56,0.06,REG AIR,DELIVER IN PERSON,1996-02-06,2-HIGH,187526.31,14,Customer#000000014,h3GFMzeFfYiamqr,1,11-845-129-3851,5266.30,FURNITURE,"r, express foxes cajole slyly aga"
361,indian dim tan antique puff,SMALL ANODIZED COPPER,Brand#52,2951,4,31,21.00,26488.56,0.06,REG AIR,DELIVER IN PERSON,1996-02-06,2-HIGH,187526.31,18,Customer#000000018,YyukcsqIxlyuXs702Rd2Rl9D1z,6,16-155-215-1315,5494.43,BUILDING,ickly even packages about the unusual dependencies cajole furious
361,indian dim tan antique puff,SMALL ANODIZED COPPER,Brand#52,2951,4,31,21.00,26488.56,0.06,REG AIR,DELIVER IN PERSON,1996-02-06,2-HIGH,187526.31,24,Customer#000000024,k3qlKjqtHuzNAvIFyZX2Yc1crXuMfMU6SbAl,13,23-127-851-8031,9255.67,MACHINERY,s. final hockey players snooze carefully furious
361,indian dim tan antique puff,SMALL ANODIZED COPPER,Brand#52,2951,4,31,21.00,26488.56,0.06,REG AIR,DELIVER IN PERSON,1996-02-06,2-HIGH,187526.31,25,Customer#000000025,kBSktmaKkjm28IFkVypLN,12,22-603-468-3533,7133.70,FURNITURE,theodolites nag furiously along the asymptotes. furiously special ideas detect. carefully regular instructio
361,indian dim tan antique puff,SMALL ANODIZED COPPER,Brand#52,2951,4,31,21.00,26488.56,0.06,REG AIR,DELIVER IN PERSON,1996-02-06,2-HIGH,187526.31,26,Customer#000000026,TFH OW1MeFU6OIb,22,32-363-455-4837,5182.05,AUTOMOBILE,"gainst the express theodolites. deposits sleep furiously. regular, spe"
361,indian dim tan antique puff,SMALL ANODIZED COPPER,Brand#52,2951,4,31,21.00,26488.56,0.06,REG AIR,DELIVER IN PERSON,1996-02-06,2-HIGH,187526.31,27,Customer#000000027,"j8SkiuuBp gBe7,yT",3,13-137-193-2709,5679.84,BUILDING,permanently. slyly ironic dependencies integrat
361,indian dim tan antique puff,SMALL ANODIZED COPPER,Brand#52,2951,4,31,21.00,26488.56,0.06,REG AIR,DELIVER IN PERSON,1996-02-06,2-HIGH,187526.31,29,Customer#000000029, hVQNzLtqGpgUXNMY0wlZVstaf52mXXxJ,0,10-773-203-7342,7618.27,FURNITURE, nod furiously after the final accounts. courts nag qu
361,indian dim tan antique puff,SMALL ANODIZED COPPER,Brand#52,2951,4,31,21.00,26488.56,0.06,REG AIR,DELIVER IN PERSON,1996-02-06,2-HIGH,187526.31,30,Customer#000000030,EhnzmgkqQw7UXhF0PVdg gLfSAihaaHaD2fZah2,1,11-764-165-5076,9321.01,BUILDING,ep quickly slyly express accounts-- carefully eve
361,indian dim tan antique puff,SMALL ANODIZED COPPER,Brand#52,2951,4,31,21.00,26488.56,0.06,REG AIR,DELIVER IN PERSON,1996-02-06,2-HIGH,187526.31,36,Customer#000000036,"Y7wosIxbsBi,0nNiSG4V7",21,31-704-669-5769,4987.27,BUILDING,ys among the accounts affix blithely asymptotes. carefully even deposits are fluff
361,indian dim tan antique puff,SMALL ANODIZED COPPER,Brand#52,2951,4,31,21.00,26488.56,0.06,REG AIR,DELIVER IN PERSON,1996-02-06,2-HIGH,187526.31,39,Customer#000000039,"EDP9K1bwtXYNLGCA2mrlOM1U,",2,12-387-467-6509,6264.31,AUTOMOBILE,eposits play across the furiousl
361,indian dim tan antique puff,SMALL ANODIZED COPPER,Brand#52,2951,4,31,21.00,26488.56,0.06,REG AIR,DELIVER IN PERSON,1996-02-06,2-HIGH,187526.31,40,Customer#000000040,"LcDk4rtJ85,CLw",3,13-652-915-8939,1335.30,BUILDING,y. brave accounts wake slyly ironic epitaphs; express packages h
361,indian dim tan antique puff,SMALL ANODIZED COPPER,Brand#52,2951,4,31,21.00,26488.56,0.06,REG AIR,DELIVER IN PERSON,1996-02-06,2-HIGH,187526.31,42,Customer#000000042,tI8 wutpGM,5,15-416-330-4175,8727.01,BUILDING,lphins. blithely bold requests about the special patterns detect quickly regular foxes. furiously express in
361,indian dim tan antique puff,SMALL ANODIZED COPPER,Brand#52,2951,4,31,21.00,26488.56,0.06,REG AIR,DELIVER IN PERSON,1996-02-06,2-HIGH,187526.31,43,Customer#000000043,Dx8PHkGSFJWLg3XtkzCX28iHRrQXbCRlN,19,29-316-665-2897,9904.28,MACHINERY,ronic pinto beans. packages sleep. furiously ruthless packages print blithely fluffily even platelets.
361,indian dim tan antique puff,SMALL ANODIZED COPPER,Brand#52,2951,4,31,21.00,26488.56,0.06,REG AIR,DELIVER IN PERSON,1996-02-06,2-HIGH,187526.31,44,Customer#000000044,"dI0Nc9bvnxXHCWu10bSVn,NEJ2kwdyqvI",16,26-190-260-5375,7315.94,AUTOMOBILE,"fily regular asymptotes. ironic, pend"
361,indian dim tan antique puff,SMALL ANODIZED COPPER,Brand#52,2951,4,31,21.00,26488.56,0.06,REG AIR,DELIVER IN PERSON,1996-02-06,2-HIGH,187526.31,45,Customer#000000045,XwXcOClKCcFek0oQDl0WFNo,9,19-715-298-9917,9983.38,AUTOMOBILE,l excuses are busy accounts. blithely
361,indian dim tan antique puff,SMALL ANODIZED COPPER,Brand#52,2951,4,31,21.00,26488.56,0.06,REG AIR,DELIVER IN PERSON,1996-02-06,2-HIGH,187526.31,48,Customer#000000048,076rIcJpxBmwMEdq,0,10-508-348-5882,3792.50,BUILDING, carefully. furiously bold accounts sleep slyly above the even accounts. ironic acc
361,indian dim tan antique puff,SMALL ANODIZED COPPER,Brand#52,2951,4,31,21.00,26488.56,0.06,REG AIR,DELIVER IN PERSON,1996-02-06,2-HIGH,187526.31,50,Customer#000000050,S8sn2GGsuputhZaN7irC,6,16-658-112-3221,4266.13,MACHINERY, ideas cajole. carefully even warthogs affix ironically quickly re
361,indian dim tan antique puff,SMALL ANODIZED COPPER,Brand#52,2951,4,31,21.00,26488.56,0.06,REG AIR,DELIVER IN PERSON,1996-02-06,2-HIGH,187526.31,55,Customer#000000055,ti9p9XgdmFsjsQI6XQrISDUMFAusnmKS SBoCE,10,20-180-440-8525,4572.11,MACHINERY,dolites. bold instructions wake fluffily regular ideas. regular theodolites are furiously carefully unusual ac
361,indian dim tan antique puff,SMALL ANODIZED COPPER,Brand#52,2951,4,31,21.00,26488.56,0.06,REG AIR,DELIVER IN PERSON,1996-02-06,2-HIGH,187526.31,56,Customer#000000056,qh212iaGWtoVp,10,20-895-685-6920,6530.86,FURNITURE, quickly final dependencies. even dependencies are slyly regularly silent theodolites. slow a
361,indian dim tan antique puff,SMALL ANODIZED COPPER,Brand#52,2951,4,31,21.00,26488.56,0.06,REG AIR,DELIVER IN PERSON,1996-02-06,2-HIGH,187526.31,59,Customer#000000059,tfcob0wJRYdypIJLzBckGW,1,11-355-584-3112,3458.60,MACHINERY,s asymptotes wake. slyly ironic deposits haggle furiously; slyly regula
361,indian dim tan antique puff,SMALL ANODIZED COPPER,Brand#52,2951,4,31,21.00,26488.56,0.06,REG AIR,DELIVER IN PERSON,1996-02-06,2-HIGH,187526.31,63,Customer#000000063,j398B6441 Rgii,21,31-952-552-9584,9331.13,AUTOMOBILE,ar pinto beans nag furiously furiously regular ideas. d
361,indian dim tan antique puff,SMALL ANODIZED COPPER,Brand#52,2951,4,31,21.00,26488.56,0.06,REG AIR,DELIVER IN PERSON,1996-02-06,2-HIGH,187526.31,65,Customer#000000065,"ak7rtta,tWG,jR,cTSXflW6RVQ3alna3P4Q,zF03",23,33-733-623-5267,8795.16,AUTOMOBILE,"ironic courts sleep slyly above the ironic, bold accounts. blithely"
361,indian dim tan antique puff,SMALL ANODIZED COPPER,Brand#52,2951,4,31,21.00,26488.56,0.06,REG AIR,DELIVER IN PERSON,1996-02-06,2-HIGH,187526.31,67,Customer#000000067,"ALk,OdKy V5SruigGvBRMBo8S",9,19-403-114-4356,8166.59,MACHINERY, special sentiments. pending depen
361,indian dim tan antique puff,SMALL ANODIZED COPPER,Brand#52,2951,4,31,21.00,26488.56,0.06,REG AIR,DELIVER IN PERSON,1996-02-06,2-HIGH,187526.31,73,Customer#000000073,TiJiuAMxW6LUyyVFCKW,0,10-473-439-3214,4288.50,BUILDING, carefully pending packages to the pearls affix quick
361,indian dim tan antique puff,SMALL ANODIZED COPPER,Brand#52,2951,4,31,21.00,26488.56,0.06,REG AIR,DELIVER IN PERSON,1996-02-06,2-HIGH,187526.31,74,Customer#000000074,jGhjorX17JmTAfT6gO 6sD9fF1GtFLs,4,14-199-862-7209,2764.43,MACHINERY,ithely special excuses. regular deposits cajole furiously finally
361,indian dim tan antique puff,SMALL ANODIZED COPPER,Brand#52,2951,4,31,21.00,26488.56,0.06,REG AIR,DELIVER IN PERSON,1996-02-06,2-HIGH,187526.31,79,Customer#000000079,EVJjYMyG59w4SINzn0pEfY,15,25-147-850-4166,5121.28,MACHINERY,iously even pinto beans hinder final deposits. carefully final accounts along the final theodolites integrate caref
361,indian dim tan antique puff,SMALL ANODIZED COPPER,Brand#52,2951,4,31,21.00,26488.56,0.06,REG AIR,DELIVER IN PERSON,1996-02-06,2-HIGH,187526.31,82,Customer#000000082,tJkXm2PQBWPRRYkIXPg0YdM03E,18,28-159-442-5305,9468.34,AUTOMOBILE,old requests. slyly bold courts sleep carefully packag
361,indian dim tan antique puff,SMALL ANODIZED COPPER,Brand#52,2951,4,31,21.00,26488.56,0.06,REG AIR,DELIVER IN PERSON,1996-02-06,2-HIGH,187526.31,83,Customer#000000083,"kDJ7dqVuBD9lY,hqjW2O UBz5EGoX9oL",22,32-817-154-4122,6463.51,BUILDING,into beans alongside of the furiously silent theodolites haggle carefully slyly final sauternes. requests cajol
361,indian dim tan antique puff,SMALL ANODIZED COPPER,Brand#52,2951,4,31,21.00,26488.56,0.06,REG AIR,DELIVER IN PERSON,1996-02-06,2-HIGH,187526.31,84,Customer#000000084,GB3sUmv RRXV DPzeOSbGxMIF9Z4Eq9 rop,11,21-546-818-3802,5174.71,FURNITURE,ounts. blithely express theodolites nag carefully ironic pinto beans. carefully final 
361,indian dim tan antique puff,SMALL ANODIZED COPPER,Brand#52,2951,4,31,21.00,26488.56,0.06,REG AIR,DELIVER IN PERSON,1996-02-06,2-HIGH,187526.31,87,Customer#000000087,KKkJj684aFsUH1Unw,23,33-869-884-7053,6327.54,FURNITURE,boost carefully. blithely furious Tiresias nag furiously ironic foxes. instruction
361,indian dim tan antique puff,SMALL ANODIZED COPPER,Brand#52,2951,4,31,21.00,26488.56,0.06,REG AIR,DELIVER IN PERSON,1996-02-06,2-HIGH,187526.31,88,Customer#000000088,wyGHpeRMt mxmd8fEelFiXMTHnVg3OL,16,26-516-273-2566,8031.44,AUTOMOBILE,ts. unusual foxes use excuses; final courts doubt special packages. furiously regular platelets abo
361,indian dim tan antique puff,SMALL ANODIZED COPPER,Brand#52,2951,4,31,21.00,26488.56,0.06,REG AIR,DELIVER IN PERSON,1996-02-06,2-HIGH,187526.31,90,Customer#000000090,buosjU5uu274vLfU,16,26-603-491-1238,7354.23,BUILDING,lyly bold pinto beans use alon
361,indian dim tan antique puff,SMALL ANODIZED COPPER,Brand#52,2951,4,31,21.00,26488.56,0.06,REG AIR,DELIVER IN PERSON,1996-02-06,2-HIGH,187526.31,93,Customer#000000093,nj3p ZakNJ,7,17-359-388-5266,2182.52,MACHINERY,gular decoys after the slyly ruthless deposit
361,indian dim tan antique puff,SMALL ANODIZED COPPER,Brand#52,2951,4,31,21.00,26488.56,0.06,REG AIR,DELIVER IN PERSON,1996-02-06,2-HIGH,187526.31,100,Customer#000000100,MBy6qq3OEGpV4u,20,30-749-445-4907,9889.89,FURNITURE,"dazzle carefully furiously final foxes. express, ironic packages among the qui"
877,lime violet tomato drab blush,STANDARD ANODIZED NICKEL,Brand#31,2306,7,15,19.00,33779.53,0.07,AIR,DELIVER IN PERSON,1995-07-26,2-HIGH,390650.77,3,Customer#000000003,fkRGN8nY4pkE,1,11-719-748-3364,7498.12,AUTOMOBILE,fully. carefully silent instructions sleep alongside of the slyly regular asymptotes. quickly regular 
877,lime violet tomato drab blush,STANDARD ANODIZED NICKEL,Brand#31,2306,7,15,19.00,33779.53,0.07,AIR,DELIVER IN PERSON,1995-07-26,2-HIGH,390650.77,4,Customer#000000004,4u58h fqkyE,4,14-128-190-5944,2866.83,MACHINERY, sublate. fluffily even instructions are about th
877,lime violet tomato drab blush,STANDARD ANODIZED NICKEL,Brand#31,2306,7,15,19.00,33779.53,0.07,AIR,DELIVER IN PERSON,1995-07-26,2-HIGH,390650.77,6,Customer#000000006," g1s,pzDenUEBW3O,2 pxu0f9n2g64rJrt5E",20,30-114-968-4951,7638.57,AUTOMOBILE, quickly silent asymptotes are slyly regular excuses. instructions wake furiously? quickly bold courts p
877,lime violet tomato drab blush,STANDARD ANODIZED NICKEL,Brand#31,2306,7,15,19.00,33779.53,0.07,AIR,DELIVER IN PERSON,1995-07-26,2-HIGH,390650.77,7,Customer#000000007,8OkMVLQ1dK6Mbu6WG9 w4pLGQ n7MQ,18,28-190-982-9759,9561.95,AUTOMOBILE,"ounts. ironic, regular accounts sleep. final requests haggle quickly after the"
877,lime violet tomato drab blush,STANDARD ANODIZED NICKEL,Brand#31,2306,7,15,19.00,33779.53,0.07,AIR,DELIVER IN PERSON,1995-07-26,2-HIGH,390650.77,8,Customer#000000008,"j,pZ,Qp,qtFEo0r0c 92qobZtlhSuOqbE4JGV",17,27-147-574-9335,6819.74,BUILDING,riously final excuses sublate quickly among the fluffily even foxes. quickly final packages haggle furiously furi
877,lime violet tomato drab blush,STANDARD ANODIZED NICKEL,Brand#31,2306,7,15,19.00,33779.53,0.07,AIR,DELIVER IN PERSON,1995-07-26,2-HIGH,390650.77,13,Customer#000000013,Ez3ax0D5HnUbeUVSxoX8a8B,3,13-761-547-5974,3857.34,BUILDING,quickly brave foxes. blithely even packages against the pinto beans boost furiously against the re
877,lime violet tomato drab blush,STANDARD ANODIZED NICKEL,Brand#31,2306,7,15,19.00,33779.53,0.07,AIR,DELIVER IN PERSON,1995-07-26,2-HIGH,390650.77,14,Customer#000000014,h3GFMzeFfYiamqr,1,11-845-129-3851,5266.30,FURNITURE,"r, express foxes cajole slyly aga"
877,lime violet tomato drab blush,STANDARD ANODIZED NICKEL,Brand#31,2306,7,15,19.00,33779.53,0.07,AIR,DELIVER IN PERSON,1995-07-26,2-HIGH,390650.77,18,Customer#000000018,YyukcsqIxlyuXs702Rd2Rl9D1z,6,16-155-215-1315,5494.43,BUILDING,ickly even packages about the unusual dependencies cajole furious
877,lime violet tomato drab blush,STANDARD ANODIZED NICKEL,Brand#31,2306,7,15,19.00,33779.53,0.07,AIR,DELIVER IN PERSON,1995-07-26,2-HIGH,390650.77,24,Customer#000000024,k3qlKjqtHuzNAvIFyZX2Yc1crXuMfMU6SbAl,13,23-127-851-8031,9255.67,MACHINERY,s. final hockey players snooze carefully furious
877,lime violet tomato drab blush,STANDARD ANODIZED NICKEL,Brand#31,2306,7,15,19.00,33779.53,0.07,AIR,DELIVER IN PERSON,1995-07-26,2-HIGH,390650.77,25,Customer#000000025,kBSktmaKkjm28IFkVypLN,12,22-603-468-3533,7133.70,FURNITURE,theodolites nag furiously along the asymptotes. furiously special ideas detect. carefully regular instructio
877,lime violet tomato drab blush,STANDARD ANODIZED NICKEL,Brand#31,2306,7,15,19.00,33779.53,0.07,AIR,DELIVER IN PERSON,1995-07-26,2-HIGH,390650.77,26,Customer#000000026,TFH OW1MeFU6OIb,22,32-363-455-4837,5182.05,AUTOMOBILE,"gainst the express theodolites. deposits sleep furiously. regular, spe"
877,lime violet tomato drab blush,STANDARD ANODIZED NICKEL,Brand#31,2306,7,15,19.00,33779.53,0.07,AIR,DELIVER IN PERSON,1995-07-26,2-HIGH,390650.77,27,Customer#000000027,"j8SkiuuBp gBe7,yT",3,13-137-193-2709,5679.84,BUILDING,permanently. slyly ironic dependencies integrat
877,lime violet tomato drab blush,STANDARD ANODIZED NICKEL,Brand#31,2306,7,15,19.00,33779.53,0.07,AIR,DELIVER IN PERSON,1995-07-26,2-HIGH,390650.77,29,Customer#000000029, hVQNzLtqGpgUXNMY0wlZVstaf52mXXxJ,0,10-773-203-7342,7618.27,FURNITURE, nod furiously after the final accounts. courts nag qu
877,lime violet tomato drab blush,STANDARD ANODIZED NICKEL,Brand#31,2306,7,15,19.00,33779.53,0.07,AIR,DELIVER IN PERSON,1995-07-26,2-HIGH,390650.77,30,Customer#000000030,EhnzmgkqQw7UXhF0PVdg gLfSAihaaHaD2fZah2,1,11-764-165-5076,9321.01,BUILDING,ep quickly slyly express accounts-- carefully eve
877,lime violet tomato drab blush,STANDARD ANODIZED NICKEL,Brand#31,2306,7,15,19.00,33779.53,0.07,AIR,DELIVER IN PERSON,1995-07-26,2-HIGH,390650.77,36,Customer#000000036,"Y7wosIxbsBi,0nNiSG4V7",21,31-704-669-5769,4987.27,BUILDING,ys among the accounts affix blithely asymptotes. carefully even deposits are fluff
877,lime violet tomato drab blush,STANDARD ANODIZED NICKEL,Brand#31,2306,7,15,19.00,33779.53,0.07,AIR,DELIVER IN PERSON,1995-07-26,2-HIGH,390650.77,39,Customer#000000039,"EDP9K1bwtXYNLGCA2mrlOM1U,",2,12-387-467-6509,6264.31,AUTOMOBILE,eposits play across the furiousl
877,lime violet tomato drab blush,STANDARD ANODIZED NICKEL,Brand#31,2306,7,15,19.00,33779.53,0.07,AIR,DELIVER IN PERSON,1995-07-26,2-HIGH,390650.77,40,Customer#000000040,"LcDk4rtJ85,CLw",3,13-652-915-8939,1335.30,BUILDING,y. brave accounts wake slyly ironic epitaphs; express packages h
877,lime violet tomato drab blush,STANDARD ANODIZED NICKEL,Brand#31,2306,7,15,19.00,33779.53,0.07,AIR,DELIVER IN PERSON,1995-07-26,2-HIGH,390650.77,42,Customer#000000042,tI8 wutpGM,5,15-416-330-4175,8727.01,BUILDING,lphins. blithely bold requests about the special patterns detect quickly regular foxes. furiously express in
877,lime violet tomato drab blush,STANDARD ANODIZED NICKEL,Brand#31,2306,7,15,19.00,33779.53,0.07,AIR,DELIVER IN PERSON,1995-07-26,2-HIGH,390650.77,43,Customer#000000043,Dx8PHkGSFJWLg3XtkzCX28iHRrQXbCRlN,19,29-316-665-2897,9904.28,MACHINERY,ronic pinto beans. packages sleep. furiously ruthless packages print blithely fluffily even platelets.
877,lime violet tomato drab blush,STANDARD ANODIZED NICKEL,Brand#31,2306,7,15,19.00,33779.53,0.07,AIR,DELIVER IN PERSON,1995-07-26,2-HIGH,390650.77,44,Customer#000000044,"dI0Nc9bvnxXHCWu10bSVn,NEJ2kwdyqvI",16,26-190-260-5375,7315.94,AUTOMOBILE,"fily regular asymptotes. ironic, pend"
877,lime violet tomato drab blush,STANDARD ANODIZED NICKEL,Brand#31,2306,7,15,19.00,33779.53,0.07,AIR,DELIVER IN PERSON,1995-07-26,2-HIGH,390650.77,45,Customer#000000045,XwXcOClKCcFek0oQDl0WFNo,9,19-715-298-9917,9983.38,AUTOMOBILE,l excuses are busy accounts. blithely
877,lime violet tomato drab blush,STANDARD ANODIZED NICKEL,Brand#31,2306,7,15,19.00,33779.53,0.07,AIR,DELIVER IN PERSON,1995-07-26,2-HIGH,390650.77,48,Customer#000000048,076rIcJpxBmwMEdq,0,10-508-348-5882,3792.50,BUILDING, carefully. furiously bold accounts sleep slyly above the even accounts. ironic acc
877,lime violet tomato drab blush,STANDARD ANODIZED NICKEL,Brand#31,2306,7,15,19.00,33779.53,0.07,AIR,DELIVER IN PERSON,1995-07-26,2-HIGH,390650.77,50,Customer#000000050,S8sn2GGsuputhZaN7irC,6,16-658-112-3221,4266.13,MACHINERY, ideas cajole. carefully even warthogs affix ironically quickly re
877,lime violet tomato drab blush,STANDARD ANODIZED NICKEL,Brand#31,2306,7,15,19.00,33779.53,0.07,AIR,DELIVER IN PERSON,1995-07-26,2-HIGH,390650.77,55,Customer#000000055,ti9p9XgdmFsjsQI6XQrISDUMFAusnmKS SBoCE,10,20-180-440-8525,4572.11,MACHINERY,dolites. bold instructions wake fluffily regular ideas. regular theodolites are furiously carefully unusual ac
877,lime violet tomato drab blush,STANDARD ANODIZED NICKEL,Brand#31,2306,7,15,19.00,33779.53,0.07,AIR,DELIVER IN PERSON,1995-07-26,2-HIGH,390650.77,56,Customer#000000056,qh212iaGWtoVp,10,20-895-685-6920,6530.86,FURNITURE, quickly final dependencies. even dependencies are slyly regularly silent theodolites. slow a
877,lime violet tomato drab blush,STANDARD ANODIZED NICKEL,Brand#31,2306,7,15,19.00,33779.53,0.07,AIR,DELIVER IN PERSON,1995-07-26,2-HIGH,390650.77,59,Customer#000000059,tfcob0wJRYdypIJLzBckGW,1,11-355-584-3112,3458.60,MACHINERY,s asymptotes wake. slyly ironic deposits haggle furiously; slyly regula
877,lime violet tomato drab blush,STANDARD ANODIZED NICKEL,Brand#31,2306,7,15,19.00,33779.53,0.07,AIR,DELIVER IN PERSON,1995-07-26,2-HIGH,390650.77,63,Customer#000000063,j398B6441 Rgii,21,31-952-552-9584,9331.13,AUTOMOBILE,ar pinto beans nag furiously furiously regular ideas. d
877,lime violet tomato drab blush,STANDARD ANODIZED NICKEL,Brand#31,2306,7,15,19.00,33779.53,0.07,AIR,DELIVER IN PERSON,1995-07-26,2-HIGH,390650.77,65,Customer#000000065,"ak7rtta,tWG,jR,cTSXflW6RVQ3alna3P4Q,zF03",23,33-733-623-5267,8795.16,AUTOMOBILE,"ironic courts sleep slyly above the ironic, bold accounts. blithely"
877,lime violet tomato drab blush,STANDARD ANODIZED NICKEL,Brand#31,2306,7,15,19.00,33779.53,0.07,AIR,DELIVER IN PERSON,1995-07-26,2-HIGH,390650.77,67,Customer#000000067,"ALk,OdKy V5SruigGvBRMBo8S",9,19-403-114-4356,8166.59,MACHINERY, special sentiments. pending depen
877,lime violet tomato drab blush,STANDARD ANODIZED NICKEL,Brand#31,2306,7,15,19.00,33779.53,0.07,AIR,DELIVER IN PERSON,1995-07-26,2-HIGH,390650.77,73,Customer#000000073,TiJiuAMxW6LUyyVFCKW,0,10-473-439-3214,4288.50,BUILDING, carefully pending packages to the pearls affix quick
877,lime violet tomato drab blush,STANDARD ANODIZED NICKEL,Brand#31,2306,7,15,19.00,33779.53,0.07,AIR,DELIVER IN PERSON,1995-07-26,2-HIGH,390650.77,74,Customer#000000074,jGhjorX17JmTAfT6gO 6sD9fF1GtFLs,4,14-199-862-7209,2764.43,MACHINERY,ithely special excuses. regular deposits cajole furiously finally
877,lime violet tomato drab blush,STANDARD ANODIZED NICKEL,Brand#31,2306,7,15,19.00,33779.53,0.07,AIR,DELIVER IN PERSON,1995-07-26,2-HIGH,390650.77,79,Customer#000000079,EVJjYMyG59w4SINzn0pEfY,15,25-147-850-4166,5121.28,MACHINERY,iously even pinto beans hinder final deposits. carefully final accounts along the final theodolites integrate caref
877,lime violet tomato drab blush,STANDARD ANODIZED NICKEL,Brand#31,2306,7,15,19.00,33779.53,0.07,AIR,DELIVER IN PERSON,1995-07-26,2-HIGH,390650.77,82,Customer#000000082,tJkXm2PQBWPRRYkIXPg0YdM03E,18,28-159-442-5305,9468.34,AUTOMOBILE,old requests. slyly bold courts sleep carefully packag
877,lime violet tomato drab blush,STANDARD ANODIZED NICKEL,Brand#31,2306,7,15,19.00,33779.53,0.07,AIR,DELIVER IN PERSON,1995-07-26,2-HIGH,390650.77,83,Customer#000000083,"kDJ7dqVuBD9lY,hqjW2O UBz5EGoX9oL",22,32-817-154-4122,6463.51,BUILDING,into beans alongside of the furiously silent theodolites haggle carefully slyly final sauternes. requests cajol
877,lime violet tomato drab blush,STANDARD ANODIZED NICKEL,Brand#31,2306,7,15,19.00,33779.53,0.07,AIR,DELIVER IN PERSON,1995-07-26,2-HIGH,390650.77,84,Customer#000000084,GB3sUmv RRXV DPzeOSbGxMIF9Z4Eq9 rop,11,21-546-818-3802,5174.71,FURNITURE,ounts. blithely express theodolites nag carefully ironic pinto beans. carefully final 
877,lime violet tomato drab blush,STANDARD ANODIZED NICKEL,Brand#31,2306,7,15,19.00,33779.53,0.07,AIR,DELIVER IN PERSON,1995-07-26,2-HIGH,390650.77,87,Customer#000000087,KKkJj684aFsUH1Unw,23,33-869-884-7053,6327.54,FURNITURE,boost carefully. blithely furious Tiresias nag furiously ironic foxes. instruction
877,lime violet tomato drab blush,STANDARD ANODIZED NICKEL,Brand#31,2306,7,15,19.00,33779.53,0.07,AIR,DELIVER IN PERSON,1995-07-26,2-HIGH,390650.77,88,Customer#000000088,wyGHpeRMt mxmd8fEelFiXMTHnVg3OL,16,26-516-273-2566,8031.44,AUTOMOBILE,ts. unusual foxes use excuses; final courts doubt special packages. furiously regular platelets abo
877,lime violet tomato drab blush,STANDARD ANODIZED NICKEL,Brand#31,2306,7,15,19.00,33779.53,0.07,AIR,DELIVER IN PERSON,1995-07-26,2-HIGH,390650.77,90,Customer#000000090,buosjU5uu274vLfU,16,26-603-491-1238,7354.23,BUILDING,lyly bold pinto beans use alon
877,lime violet tomato drab blush,STANDARD ANODIZED NICKEL,Brand#31,2306,7,15,19.00,33779.53,0.07,AIR,DELIVER IN PERSON,1995-07-26,2-HIGH,390650.77,93,Customer#000000093,nj3p ZakNJ,7,17-359-388-5266,2182.52,MACHINERY,gular decoys after the slyly ruthless deposit
877,lime violet tomato drab blush,STANDARD ANODIZED NICKEL,Brand#31,2306,7,15,19.00,33779.53,0.07,AIR,DELIVER IN PERSON,1995-07-26,2-HIGH,390650.77,100,Customer#000000100,MBy6qq3OEGpV4u,20,30-749-445-4907,9889.89,FURNITURE,"dazzle carefully furiously final foxes. express, ironic packages among the qui"
