business_id,review_date,rating
businessid_86,"27 Aug 2018, 21:54",4
businessid_86,"28 Mar 2018, 21:58",5
businessid_85,"23 May 2018, 03:28",4
businessid_86,"April 22, 2018 at 06:26 PM",5
businessid_86,"11 Dec 2018, 00:04",5
businessid_86,2018-05-31 01:58:00,5
businessid_86,"15 Feb 2018, 01:16",4
businessid_86,"April 08, 2018 at 01:11 AM",5
businessid_82,2018-08-12 15:51:00,5
businessid_86,2018-06-17 01:12:00,5
businessid_86,2018-02-19 14:12:00,5
businessid_86,2018-01-13 01:27:24,4
businessid_85,"August 19, 2018 at 08:16 PM",5
