user_id,business_ref,text,date,compliment_count
,businessref_85,Great customer service. Great job !!!,"28 Apr 2016, 19:31",0
userid_965,businessref_12,Great place and some of the friendliest people in the city.,2013-12-04 02:46:01,0
userid_909,businessref_96,Update: Blue Plate Specials will only be one Mondays now.,"23 Jun 2015, 00:22",0
,businessref_45,Great produce section with competitive prices to Publix.,"February 22, 2013 at 02:17 AM",0
userid_1621,businessref_47,"I know people come here for the blowouts - which I have done, but I really like getting lashes done here for the cheap ($10) when I am low on time and need something to sparkle myself up for the night! And usually I like getting extensions, but these very temporary ones will do just fine. They aren't full strips.",2015-09-19 18:58:40,0
,businessref_45,Super clean store!!! Grab a cup of coffee for $1!!! You won't be disappointed! :),"21 Jun 2015, 17:25",0
userid_1039,businessref_93,Had a major craving for more yummy wings!,2012-01-04 17:35:16,0
,businessref_24,Of course I'm here...,"23 May 2012, 00:56",0
userid_1781,businessref_96,Blue plate luncheon,"January 13, 2014 at 05:32 PM",0
,businessref_36,Great Pho!,2012-01-01 00:21:34,0
userid_1928,businessref_82,Best food on south street west!,2013-05-22 15:45:26,0
userid_1954,businessref_76,"Borges brand extra virgin olive oil sucks. Bitter and acidic. Don't be suckered in by the low price, $7 per liter, like I did.  It's probably one of those adulterated olive oils that Consumer Reports warns about.",2013-12-17 16:42:26,0
userid_196,businessref_6,Spiced chai is good.,2012-01-02 01:58:24,0
userid_1114,businessref_8,Great service!!!,2014-05-03 09:52:18,0
,businessref_65,Pre-Int'l Supper Club drinks w/ Shelley,"June 06, 2012 at 10:22 PM",0
userid_495,businessref_16,Prepare to leave smelling like an ash tray as this place is frequented by smokers of all kinds (cigars included),"June 20, 2011 at 02:07 AM",0
userid_1229,businessref_82,Love their breakfast and coffee!,"04 Feb 2015, 16:47",0
userid_163,businessref_36,"Pork spring rolls #5 divine and Pho always amazingly delish!","07 Oct 2012, 18:21",0
,businessref_62,What a dump.,"September 18, 2015 at 02:58 PM",0
userid_48,businessref_44,"Went to Mugshot for lunch with my brother, we both had chicken salad on rye toast, lettuce & tomato, with sweet potato fries and ice tea....very good lunch, we both enjoyed it and will be back.","11 Sep 2013, 18:55",0
userid_1707,businessref_96,"Holy effing hell--best meal in St. Louis.  Escolar and pecan financier FTW, but you won't go wrong with anything here.",2011-07-14 02:21:31,0
userid_470,businessref_20,"That's not blood pumping through my veins, it's chik-fil-a sauce!","May 21, 2015 at 03:36 PM",0
,businessref_65,Pat Flynn's has Sun King :),"04 Jan 2012, 22:59",0
,businessref_36,Delicious great food and service....great spring rolls and pho...highly recommend,"April 09, 2018 at 07:54 AM",0
userid_1925,businessref_96,Breakfast for dinner is excellent.,"12 May 2011, 01:35",0
userid_1039,businessref_93,"Got the Saints game for John & my beloved, beleaguered Dolphins for me. Getting ready to tuck into some wings, tune in for a review later.",2012-01-01 18:18:32,0
userid_20,businessref_96,It's a good day to be off.,2012-03-19 17:08:42,0
userid_747,businessref_36,"Yelp finally corrected the address listing here.  Since my review, we've been back three times. It's good!  :-)",2010-01-30 00:02:07,0
,businessref_32,"Here is a tip, don't pick up women out of bars, off dating sites or at a yelp event.","12 Jun 2013, 23:56",0
userid_240,businessref_6,"Kitchen doesn't open till 8 am unfortunately so if you want food before then, go elsewhere","05 Sep 2015, 14:57",0
userid_247,businessref_46,"BBB - St. Louis smoked rib, toasted ravs with burnt ends","August 09, 2016 at 07:38 PM",0
userid_1630,businessref_96,Cool new place....mostly local and organic ingredients.,"May 08, 2010 at 01:48 AM",0
userid_1724,businessref_96,"Fried Chicken Day, with a side of RIBS!","February 29, 2012 at 05:45 PM",0
,businessref_36,"Pho broth is wonderfully balanced, possibly the best I've had. Don't be afraid of the beef balls!",2013-03-09 01:06:59,0
userid_262,businessref_82,The kale salad is soooo good! Unpretentious and low key spot!,"11 Jun 2015, 21:59",0
userid_910,businessref_45,Great selection of food. Friendly staff. Apple Pay!,2017-03-15 17:57:29,0
userid_1445,businessref_16,$2 pints,2013-08-13 20:28:58,0
userid_1696,businessref_82,"If you're coming for Sunday brunch, be patient!  It's going to be a little tricky  grabbing a table for a group but it's not impossible.",2015-09-06 17:58:44,0
userid_878,businessref_96,Blue plate special is the best lunch deal in town any day. The salad is to die for,"21 Mar 2015, 13:17",0
userid_1749,businessref_36,Get the grilled pork patty rolls and dip in the hoisen/schriracha mix! So fresh and delicious!,"October 17, 2011 at 10:14 PM",0
,businessref_8,For free first ride: use code DANNYN35,"April 19, 2016 at 08:47 PM",0
userid_1958,businessref_96,"Two days in a row, yum!",2012-07-26 17:10:59,0
userid_1426,businessref_45,"Trans Fats, High Fructose Syrup, Food Colorings...Ew!! Skip this place","June 23, 2015 at 12:28 AM",0
userid_1941,businessref_65,Pub crawl!,"April 14, 2012 at 08:38 PM",0
userid_433,businessref_82,"Falafel burger was awesome, hand cut fries was great. This place is super cute and I had a pleasure of seeing the owner and her adorable kids Molly and Miles. A must go... Great food, good price and it's comfortable. Oh ice coffee was great also","February 01, 2014 at 08:41 PM",0
,businessref_44,Friendly staff. Great desserts. Check out celeb mugshots while waiting,"September 25, 2013 at 06:54 PM",0
userid_325,businessref_82,"Just got the divorced eggs, because my favorite short rib special was not available, and am a bit disappointed with the chicken. Go for chorizo or guacamole instead.","January 10, 2015 at 04:47 PM",0
userid_766,businessref_16,Good potato skins,"August 15, 2011 at 01:27 AM",0
userid_809,businessref_6,Free WiFi is nothing new these days but appreciated when it is this fast and free computers if you need them is a friendly touch.,"October 19, 2010 at 12:40 AM",0
userid_596,businessref_24,Not the Froyo to frequent if you're allergic to smoke. Cigar Bar is right next door.,"August 11, 2011 at 01:33 PM",0
userid_79,businessref_36,"Awesome place!  Blew me away how good it was.  Brisket was nice and tender not grey and flavorless, great broth, and the sriracha they gave us was very good.  Will definitely be back",2015-02-22 21:23:34,0
userid_827,businessref_6,Better buy something if you have to pee!,"June 01, 2016 at 06:33 PM",0
userid_1445,businessref_16,$2 pint night has morph'd into $2 cr@p or $4 craft,"27 Jan 2015, 22:38",0
userid_1445,businessref_43,Good quality loc here,"17 Jun 2013, 16:30",0
userid_1217,businessref_82,"Delicious, fresh food with quick service and reasonable prices. :)","19 May 2017, 14:47",0
userid_1078,businessref_46,Omg this was sooo good!,"24 Oct 2017, 07:20",0
userid_276,businessref_27,Once again great Chinese fast food! Great quality and portion size!,2014-11-08 01:26:02,0
userid_1029,businessref_25,"There sugar cookies are amazing, especially this buttercream frosting!","February 05, 2015 at 09:05 PM",0
userid_405,businessref_36,legit,2012-06-15 22:38:46,0
userid_346,businessref_77,10 parking today if you're going to the game or not. Unreal.,"05 Jan 2012, 21:48",0
userid_1364,businessref_8,10% fee increase as of today.,"30 Mar 2018, 23:49",0
,businessref_65,Sister's 1st tenderloin,2011-09-12 23:17:48,0
userid_1958,businessref_96,Arrive at 11:15 for lunch,"03 Aug 2011, 16:32",0
userid_473,businessref_82,Half price burger Wednesday!,2014-08-27 21:53:41,0
userid_835,businessref_20,Excellent service and very polite employees!,"24 Aug 2013, 15:51",0
userid_1748,businessref_45,"Overpriced on most staples, hot/cold prepared foods were largely underwhelming. Sushi to-go was decent though.",2012-11-07 01:56:51,0
userid_1413,businessref_66,Don't bother going after 8:30..... While they close at 10pm they stop cooking new food and by 9 there is nothing left.,2011-12-07 05:39:36,0
userid_377,businessref_85,"Try the new lemon white chocolate chip cookie, available for a limited time only!","April 05, 2017 at 09:44 PM",0
userid_1364,businessref_86,Now open!,2017-06-24 06:34:44,0
userid_1302,businessref_9,Delicious Brie and blackberry omelette. The free mimosa was really nice too!,"March 09, 2016 at 05:56 PM",0
,businessref_53,This place h deben closed for a year. Written on 10/6/2017,"October 06, 2017 at 06:08 PM",0
userid_1250,businessref_96,The Fried Chicken Lunch on Monday is the bomb! It's a great way to start the week.,2010-12-04 21:50:06,0
userid_387,businessref_6,Good vibe ok coffee.,"February 28, 2011 at 06:51 PM",0
userid_1671,businessref_6,Yummy chai!,2010-09-22 05:53:54,0
userid_1268,businessref_8,Use code SHANNONB1101 and get your first ride free!,"September 28, 2015 at 12:04 PM",0
userid_196,businessref_6,Iced spiced chai. So good on a hot day.,"August 02, 2012 at 09:41 PM",0
userid_1468,businessref_46,The best pulled pork I have ever had. St. Louis ribs are fabulous!,"May 14, 2016 at 07:47 PM",0
userid_996,businessref_62,Sale on K cups thru Wed,2014-03-11 19:19:45,0
userid_717,businessref_6,No soy? I'm leaving.,"13 Nov 2011, 21:21",0
userid_1045,businessref_46,Mac and cheese is amazing,2017-11-27 19:13:34,0
userid_1844,businessref_36,Delicious every time and super fast service!,2014-06-08 00:49:59,0
userid_790,businessref_8,uberX is now in Philly!,"25 Oct 2014, 21:45",0
,businessref_46,To the man who said order whiskey neat because of the multitude of ice. They now have one giant cube of ice so fret not citizens of StL. I've heard rounded ice serves the flow better though.,"15 Jan 2015, 23:21",0
userid_118,businessref_43,"Little known fact: Taco Bell will prepare any entree vegetarian, just ask for the vegetarian option on the meal of your choice.  No extra charge!","August 21, 2012 at 06:10 PM",0
userid_1403,businessref_46,Delicious food. Awesome staff. You won't leave mad.,2018-01-10 19:05:13,0
userid_51,businessref_44,Simply said don't go here,"01 Mar 2015, 16:51",0
userid_1445,businessref_16,$2 craft pints on tuesday,"September 11, 2012 at 09:09 PM",0
userid_1009,businessref_46,Excellent bbq excellent cocktails good service,"26 Jul 2015, 01:49",0
userid_405,businessref_36,banh mi,"June 08, 2012 at 09:16 PM",0
userid_1047,businessref_71,Don't bother making an appointment for service online. Apparently these appointments mean nothing because I have an hour and a half wait for a courtesy check.,2014-06-23 20:15:37,0
userid_394,businessref_82,"Awesome food and service. My favorite breakfast place hands down. 

When you come in you order at the counter and take a seat. When they food is ready they will bring it to you. The people working there were super friendly and easy to talk to. They definitely take care of you. The food comes out fast and it was very very good.","February 14, 2015 at 11:45 PM",0
userid_1503,businessref_16,This location closed 8/29/16,"August 30, 2016 at 06:44 PM",0
,businessref_65,Need a tenderloin!,2011-11-07 16:26:32,0
,businessref_46,The burnt ends toasted ravioli was so good it almost made me cry.,"November 09, 2014 at 05:44 PM",0
userid_124,businessref_96,Meatloaf monday!,"16 Jul 2012, 17:24",0
userid_828,businessref_24,Shouldn't complain about being fat as u overload the largest bowl!,"June 25, 2011 at 11:20 PM",0
userid_1250,businessref_96,The Butternut Squash & jalapeño donut is the perfect start to a perfect meal.,"11 Dec 2010, 02:46",0
userid_1031,businessref_46,Fried Chicken Skin as an appetizer. I'm in heaven. And the Mac and Cheese......scrumptious. Brisket Burnt Ends......definitely try them.,"12 Aug 2017, 19:34",0
,businessref_54,Gas is expensive at this 7-Eleven. Try the one in Linebaugh.,2010-10-25 22:23:22,0
userid_737,businessref_36,"Delicious. First timer to pho, enjoyed every second","17 Feb 2013, 17:18",0
userid_1308,businessref_96,Make a reservation. Can be very loud. Not intimate at all.,2014-03-02 03:01:30,0
,businessref_25,Free samples!,"July 13, 2012 at 04:54 PM",0
userid_906,businessref_92,Friendly wonderful place. Even tan...,2014-07-09 22:03:22,0
userid_1833,businessref_45,"Sunday nights seem quiet, and they are open til 9 pm, which is convenient, but also several shelves were bare for some of my staple items:(","28 Apr 2014, 00:01",0
userid_248,businessref_85,Mmm s'mores...,"27 Apr 2012, 00:16",0
userid_1421,businessref_96,Today's Blue Plate: fresh greens in vinaigrette and fried chicken with mashed potatoes & mac 'n cheese.,"November 01, 2010 at 05:48 PM",0
,businessref_46,Smells fantastic.,"July 03, 2014 at 05:40 PM",0
userid_939,businessref_21,If you're working on a new car check in with Eli!  If you're going for service ask for Ivan!,"February 20, 2016 at 02:23 PM",0
userid_646,businessref_54,Hot dog chips!,"08 Oct 2013, 02:30",0
userid_1903,businessref_66,Grub I'm some Chinese,"02 May 2014, 18:53",0
userid_1053,businessref_93,Eating some dang good wings!,"25 Nov 2012, 01:31",0
userid_1233,businessref_82,Their seating/ordering policy is a mess during weekend brunch!,"10 Apr 2016, 16:05",0
,businessref_68,"At this location,  my eyebrows always look great,  no matter who does them",2014-02-13 00:37:36,0
userid_1537,businessref_44,"This is probably a decent place, but we've never been there. Who wrote that review??",2014-04-20 17:23:11,0
,businessref_77,"such a nice hotel, friendly staff, and great price!",2013-01-04 02:47:48,0
,businessref_82,Have been here many times and never been disappointed.,2016-02-20 15:05:14,0
userid_460,businessref_14,Great clean store with a large selection,"May 30, 2011 at 11:26 PM",0
,businessref_46,They don't take reservations but use the no wait app on their Yelp page to cut down the time on the wait list.,"November 06, 2016 at 02:41 PM",0
userid_1089,businessref_46,BBQ to die for,"29 Dec 2016, 05:00",0
userid_1117,businessref_48,Dinner time.,"September 02, 2012 at 05:33 AM",0
userid_1801,businessref_6,June RTT!,"June 05, 2012 at 10:28 PM",0
userid_1038,businessref_16,"Dont go. Awful slow service, take business elsewhere. With the attitude they give you, i guess they dont want your money anyway. Awful.","August 19, 2013 at 03:41 AM",0
userid_476,businessref_8,"Awesome service. Free $30 in rides for new Philly users (download app and enter this as a ""promo code"") with this new code: uber2014take30","June 21, 2014 at 03:19 PM",0
userid_1954,businessref_76,"Bob's Red Mill whole wheat pastry flour. Whole grain soft white wheat.  All the nutrition of germ and bran, but light for pancakes, cookies, etc., even mix in a little with whole hard wheat flour for a nice soft bread.",2014-01-02 18:58:28,0
userid_1687,businessref_96,Try everything!! You will not be disappointed with anything you try!,2017-01-29 22:03:10,0
userid_421,businessref_95,"The best subway in the New Orleans area. Try the new braised beef, it's a combination roast beef poboy and Chicago Italian beef combined. Best sandwich they have made in years.",2015-12-02 03:42:40,0
userid_1209,businessref_16,Great beer & music!,2011-09-22 22:53:53,0
userid_1445,businessref_16,"$2 pints, craft","08 Feb 2011, 23:32",0
,businessref_45,This place is crammed,"July 02, 2011 at 09:22 PM",0
userid_1140,businessref_6,Great place to have breakfast. Staff is friendly & attentive.,2014-09-12 16:49:00,0
userid_960,businessref_61,Online appointments and record access is so convenient,2014-10-10 14:03:52,0
userid_1364,businessref_86,Opening early May.,"21 Apr 2017, 09:02",0
userid_1909,businessref_46,love this place!,"July 12, 2018 at 11:48 PM",0
userid_995,businessref_96,The Yelp and Food Outreach powers combine over an organic & homegrown lunch.,"22 Mar 2011, 17:17",0
userid_590,businessref_16,"Great food, good service!  Good beer!","23 Aug 2014, 06:43",0
userid_1197,businessref_96,The butchers plate is outrageously good.,"07 Dec 2014, 03:27",0
userid_1286,businessref_8,Be aware of price surging. My fare was increased by $30 when I was literally 5 minutes from reaching my destination. Received an alert that cost may rise due to high demand- seems unfair when I'm already en route and that close to a destination.,"30 Sep 2017, 03:08",1
userid_6,businessref_44,Still going strong 24/7!,"08 Apr 2017, 02:21",0
,businessref_45,They have the best oatmeal cookies!!,"July 12, 2013 at 12:51 PM",0
,businessref_96,Late reservations at a hard place to get them.,2011-04-24 01:39:32,0
,businessref_24,OMG fat free dulche! So good!,"February 20, 2012 at 01:45 AM",0
userid_791,businessref_44,Closed permanently.,2016-03-19 01:55:53,0
userid_44,businessref_45,Best price in town for a 6 pack Beer Sampler,"July 01, 2018 at 09:48 PM",0
,businessref_46,The brisket is to die for!,2014-11-22 21:06:00,0
userid_688,businessref_24,Nice location. I liked the variety and good customer service. Thanks.,2015-06-27 03:23:04,0
userid_1100,businessref_16,Nice place.   Typical sports bar.,"February 19, 2014 at 10:21 PM",0
userid_1769,businessref_45,Last day for BOGO crab cakes. They are awesome!,2012-05-29 17:21:17,0
userid_1724,businessref_96,"Meatloaf on the blue plate for lunch, sure it'll be as tasty as the Wednesday fried chicken and the Thursday fish.","10 Oct 2011, 16:02",0
userid_18,businessref_6,Great Italian sodas and wi-fi,"22 Aug 2011, 20:40",0
userid_1890,businessref_82,The three Thai fish tacos is more like 6 tacos because they double up on the tortilla and it is huge,2015-05-04 16:02:18,0
userid_1271,businessref_23,Bring your coupons!,"09 Nov 2011, 15:54",0
userid_128,businessref_88,Excellent staff and facility. Always helpful and polite.,2016-01-13 15:35:11,0
userid_1625,businessref_46,The Bristo Trio is the best to choose on the menu for a perfect selection.  A great combination to try several things. The food is delicious.,"27 Apr 2015, 00:08",0
userid_1680,businessref_36,"Finally, a place to get a fresh (rice paper) spring roll! With mint even...swoon.","22 Apr 2012, 23:28",0
userid_1465,businessref_10,Must ask for the Vietnamese menu if you want Vietnamese instead of Chinese.,"August 09, 2019 at 04:58 PM",0
userid_481,businessref_36,today the grill is out!! best place for bun bo hue and pho. mmmm,"12 Oct 2011, 16:06",0
userid_1154,businessref_36,Closed Mondays.,2015-01-28 19:40:39,0
userid_1379,businessref_36,The best.,"May 07, 2016 at 10:12 PM",0
userid_1104,businessref_82,Omg LATTE on a frigid winter morn...HEAVEN!!,2015-02-19 16:09:45,0
userid_1287,businessref_82,Chicken & Waffle is great,2018-06-10 02:45:57,0
,businessref_65,Homemade chips,"December 14, 2011 at 12:31 AM",0
userid_354,businessref_45,Go early. Less crowds.,2012-11-12 17:56:36,0
userid_1445,businessref_43,The Bell rewLz!,2016-06-28 18:36:43,0
userid_1722,businessref_8,"The drivers are prompt, clean, and mostly very polite. I've occasionally had some new drivers who don't know their way around town but no more than with traditional taxis. I would recommend Uber to my friends. Uber also is offering discounts with codes. Mine is T4KXY. Use it for a cheaper trip for you and me!","April 26, 2015 at 05:45 PM",0
userid_433,businessref_82,Fucking Awesome,2014-02-01 20:41:45,0
userid_1784,businessref_45,They have a fabulous deli here with decent pricing!,2013-10-04 22:20:18,0
userid_1543,businessref_36,Been here several times for lunch and I always enjoy it. Great portion sizes.,"March 31, 2015 at 11:10 PM",0
userid_1777,businessref_6,Everyone here looks 19 tonight. Feeling old at 28.,"December 20, 2014 at 05:57 AM",0
userid_327,businessref_22,I would love to write a review here but I have been waiting for 40 minutes. Last time it was 45. I look forward to maybe seeing a doctor eventually.,2017-01-05 21:10:16,0
userid_1996,businessref_86,$1 dumplings every Wednesday. You'll be stuffed after eating three.,"October 03, 2018 at 10:52 PM",0
userid_1217,businessref_82,"Delicious, fresh food with quick service and reasonable prices. :)",2017-05-19 14:46:23,0
userid_175,businessref_96,Dinner with daddy!,"18 Sep 2011, 01:11",0
userid_1221,businessref_36,Try the Banh mi. Really good. And the pho is huge.,"30 May 2015, 15:37",0
,businessref_34,Weekends only.,"March 25, 2016 at 04:13 PM",0
userid_313,businessref_51,"This place is off the hook, love it","21 Apr 2012, 19:05",0
,businessref_82,"Fresh, great food",2020-08-08 11:54:37,0
userid_1250,businessref_96,They do carry-out for those fantastic lunches. Better then any fast food.,"06 Dec 2010, 02:30",0
userid_1813,businessref_96,Everything is local and fresh.,"19 Jun 2011, 00:53",0
userid_1796,businessref_79,"My dogs love this place, I love this place. Great staff all around! Thanks Pit stop","12 Jul 2016, 10:04",0
,businessref_85,"FREE Traditional Cookie with purchase on October 24, 2016, to celebrate 100 Insomnia Cookie locations!","October 23, 2016 at 10:35 PM",0
userid_1880,businessref_96,Having a beautiful birthday lunch with my friend and yelper Steven B,"18 Apr 2012, 16:15",0
userid_1928,businessref_82,Best breakfast on South street west !,2013-05-04 14:30:00,0
userid_600,businessref_8,Wonderful. Yes. Every time. Yes.,"07 Dec 2014, 04:29",0
,businessref_54,Gas is $2.71 a gallon for regular.,"October 26, 2010 at 07:57 PM",0
userid_1293,businessref_20,Always great chicken sandwiches!!,"November 10, 2010 at 09:15 PM",0
userid_354,businessref_45,Nice clean fresh atmosphere.,2013-06-02 17:15:35,0
userid_706,businessref_82,Kale salad with beets and chickpeas,"22 Feb 2016, 16:38",0
userid_354,businessref_45,So fresh.,"03 Jun 2012, 19:21",0
userid_547,businessref_16,$2 pints on Tuesday!  The perfect after work place for a quiet drink or a date.,"July 14, 2015 at 02:14 AM",0
userid_884,businessref_36,Parking is already getting tough! There is also parking in the back.,"January 11, 2012 at 05:05 PM",0
userid_568,businessref_34,Very cool place to visit!,"March 12, 2011 at 04:59 PM",0
userid_1764,businessref_94,"""A bit of everything"" from Eastern Europe.  A small store holds 1-2 varieties of our favorites: kvas, sushki, vafli, pelmeni, pechen'ye.","17 Sep 2013, 17:49",0
userid_1499,businessref_85,Delivery...warm cookies.. Right to your door with ice cream or milk.. What more could you want?,2013-01-22 06:09:43,0
userid_1996,businessref_86,Great spot for that weekend cheat meal of fried dumplings. The Groupon is pretty sweet.,"23 Jun 2018, 23:32",0
userid_1648,businessref_29,Great and reliable flower shop! The flowers were just beautiful!,2017-04-11 14:45:49,0
userid_1917,businessref_46,The pulled chicken sandwich was DELICIOUS and our server was really nice!,"February 18, 2015 at 04:35 AM",0
userid_420,businessref_82,Chicken and waffles!,"June 12, 2016 at 07:37 PM",0
,businessref_44,Five stars for this classic American diner,"25 Sep 2013, 18:56",0
userid_1425,businessref_6,Don't waste your time trying to use the check-in offer; they don't honor it.    :-《,"28 May 2018, 04:00",0
,businessref_16,Come early on Sundays during football season gets pretty crowded,"September 21, 2014 at 04:26 PM",0
userid_1445,businessref_43,The bell rules!,2014-01-27 00:18:24,0
userid_581,businessref_96,Vday!,"14 Feb 2014, 23:28",0
userid_23,businessref_36,This is my favorite pho place!!!! So delicious. Amazing service.,"August 06, 2017 at 03:03 PM",0
userid_456,businessref_8,"Great service, much better than traditional cabs.",2015-03-19 00:52:55,0
userid_411,businessref_7,"Try out the fab 1,000 drink machine!","December 07, 2019 at 06:12 AM",0
,businessref_66,Dinner!,"January 26, 2011 at 03:30 AM",0
userid_1928,businessref_82,"Wonderful, fresh, well prepared and thought out food! Best all day breakfast around. No offense Honey's.",2013-05-10 16:13:26,0
userid_1459,businessref_45,Helpful staff and samples make shopping easy and fun!,"13 Jan 2017, 22:57",0
,businessref_6,I wonder how clean this couch is...,"05 Apr 2011, 00:20",0
userid_486,businessref_95,"It's Subway, but this location is a ""better"" Subway","July 30, 2015 at 08:34 AM",0
userid_1132,businessref_14,Great store!,2014-11-15 00:44:42,0
,businessref_32,There is crawfish cookoff here on June the 1st. It's $10 all you can eat. I think I might check it out.,"06 May 2013, 01:25",0
userid_385,businessref_52,Fun place to look for fixtures.,"24 Apr 2012, 15:35",0
userid_1134,businessref_24,We needed snack!,2012-08-17 02:22:05,0
userid_342,businessref_24,Always mix peanut butter sauce and hot fudge.,2013-03-12 19:50:13,0
userid_1649,businessref_67,Excellent food and great service! One of our favorite local spots.,"August 31, 2019 at 03:48 PM",0
userid_1075,businessref_85,Get them warm - they are gooey & insanely delicious.,2011-10-30 23:26:41,0
userid_1193,businessref_96,Make reservations at least a day in advance,2011-08-04 22:47:48,0
userid_549,businessref_8,"If I wanted to direct you through the city, I would call a cab. Please don't ask me to choose a route for you. I'm looking at your GPS.","17 Nov 2014, 00:11",0
userid_565,businessref_46,"The brisket is offered three different ways: fatty cut, lean cut, and burnt ends!  All three are wonderful so you can't go wrong.","04 Feb 2018, 17:49",0
userid_1042,businessref_46,I am sure no one else has burnt ends toasted ravioli.,"23 Jul 2014, 01:17",1
userid_1284,businessref_96,Delicious food! I can't wait to come here again!,"22 Jan 2012, 02:49",0
,businessref_36,Love the spicy noodle soup,2017-11-29 22:34:05,0
userid_1039,businessref_93,"Why do people bring children to bars?  Liquor, drunks and screaming kiddies don't mix. GET A SITTER or CURB YOUR CHILD.","01 Mar 2012, 23:52",0
,businessref_36,Live for Pho!,"December 15, 2012 at 10:12 PM",0
userid_376,businessref_46,Great place to eat!! Will defiantly be returning in the near future.,"28 Nov 2018, 01:57",0
userid_665,businessref_82,The kale salad is amazing with chicken,"April 11, 2014 at 08:25 PM",0
userid_933,businessref_36,Delicious food! I got the pho deluxe. Speedy service too. I will definitely go back.,"07 Jan 2014, 03:41",0
userid_684,businessref_82,Unparallelled whitefish salad. Delish.,2016-02-22 15:09:02,0
userid_1053,businessref_93,"It's a family friendly ""sports bar"" not hooters or a dive bar Teri so get over yourself!","November 25, 2012 at 08:05 PM",0
,businessref_26,Fast and efficient Drive thru today.,2015-07-22 12:36:00,0
,businessref_65,Love the chicken fingers.,2012-02-24 19:35:32,0
userid_1295,businessref_88,"Don't go on Saturday if you can help it, long waits for a range. Weekdays are almost always walk in and shoot.",2016-02-06 22:43:39,0
userid_6,businessref_77,Friday night business meeting. Let's keep it moving and adjourn early.,"March 14, 2014 at 10:53 PM",0
,businessref_96,Mushroom salad and Vietnamese chicken wings oh my gawd!,"February 06, 2015 at 06:06 PM",0
,businessref_46,Try their delicious brisket!,"06 Mar 2015, 22:56",0
userid_1364,businessref_86,Next to PNC Bank.,"24 Jun 2017, 06:37",0
userid_387,businessref_6,Good wine. Hot crowd. A bit loud but nice!,"28 Feb 2011, 03:07",0
userid_566,businessref_82,"They have my 3 favorite condiments: cholula, sriracha, and ketchup. :)","July 23, 2016 at 03:32 PM",0
userid_663,businessref_82,Get the turkey sausage...trust me...,2013-07-14 13:25:31,0
,businessref_65,Ahhhh....escaping the humidity,2012-05-02 21:31:52,0
userid_1445,businessref_43,Bell = best,"August 11, 2012 at 01:38 AM",0
userid_759,businessref_46,Order the chicken wing appetizer! They ain't little anemic wings u find at ur local bar... these bad boys are almost a meal onto themselves!,"13 Feb 2015, 04:49",0
userid_1364,businessref_59,Now open.,2020-01-24 08:27:26,0
userid_901,businessref_82,The tiramisu waffles were overpriced and drenched with a very heavy whipped cream that was too sweet.... Maybe I'll try something savory next time,"06 Oct 2013, 14:44",0
userid_1593,businessref_36,Great Pho! I just wish they gave more sauce.,"28 Mar 2015, 19:08",0
userid_1796,businessref_79,"My dogs love this place, I love this place. Great staff all around! Thanks Pit stop","July 12, 2016 at 10:03 AM",0
userid_1002,businessref_27,Service can be great or terrible. It really depends on who is working. The older gentleman is fantastic while the younger one covered with tattoos could care less about the customers!,"June 20, 2018 at 10:31 PM",0
userid_1218,businessref_46,Yummy bbq. Great location and ambiance. Has some outdoor seating options.,"27 Aug 2017, 21:13",0
userid_1572,businessref_29,Why ON EARTH would this business be closed for a lunch break on a Saturday at 12 noon??? Get someone to watch the store! I find this type of thing extremely unprofessional. You cannot be closed at random during business hours. Smh.,"19 Mar 2016, 16:51",0
userid_1115,businessref_8,Great service and super convenient. No more counting out cash it's all taken care of.,"July 24, 2013 at 11:30 AM",0
userid_1724,businessref_96,Great lunch on a holiday. Meatloaf. So American.,2012-02-20 18:49:03,0
userid_789,businessref_8,"Uber is a very convenient way of getting from point A to B. You know exactly what your fee is going to be. My tip is to Uber drivers. If you want a tip from me, I expect you to do something above and beyond getting me to the agreed upon destination with the agreed upon price. Open my door or something that is customer service related. A tip should not be an expectation, Uber if you are reading, and drivers should not be allowed to take tips into consideration for their ratings!",2018-03-28 17:05:38,0
userid_604,businessref_45,This place needs more samples!,2017-07-22 16:04:53,0
userid_1999,businessref_24,Nice selection of frozen yogurt. Fun toppings. Cashier very friendly. Lil pricey,"09 Sep 2018, 20:11",0
userid_1364,businessref_78,free wi-fi.,"October 08, 2021 at 06:57 PM",0
userid_1445,businessref_16,$2tuesday  pints,2013-07-02 22:27:30,0
userid_561,businessref_36,Pho!,"01 Feb 2012, 20:00",0
,businessref_46,They use NoWait!!,"02 Sep 2017, 04:22",0
,businessref_46,The White Cheddar Cracker Mac is addictive.,2016-03-13 19:36:23,0
userid_1741,businessref_46,"Pulled pork, Beef brisket, burnt ends or lean, they were all awesome.  We also had their smoked wings and fried ravioli. You can't go wrong with anything off the menu.",2017-06-12 00:59:16,0
userid_1928,businessref_82,Best new restaurant on south street west! Also a BYOB.,"14 May 2013, 17:40",0
userid_1250,businessref_96,The new Tuesday Taco Blue Plate Special is the perfect Mex-Fix.,"December 07, 2010 at 05:38 PM",0
,businessref_32,This place is permanently closed,"November 08, 2015 at 04:28 AM",0
userid_338,businessref_9,Not worth it.,"March 11, 2017 at 05:51 PM",0
,businessref_8,"Uber signup bonus / credits are mostly non existent anymore. There is an app called Freebird you can use to book Uber that has good incentives (for new or existing Uber users). Use 2 promo codes in this order: t7d68, 3tenback to get $40 back on next 3 rides.","March 29, 2019 at 10:28 PM",0
userid_307,businessref_82,Great breakfast options including all you can eat pancakes.,2018-11-28 17:01:26,0
userid_277,businessref_46,Awesome BBQ. I will definitely be back!,"August 30, 2014 at 05:50 PM",0
,businessref_46,"Yes. Do it. Macaroni & Cheese. You're welcome.

... I said go! Now.

...Now.",2017-10-04 09:58:34,0
userid_411,businessref_7,Re-Opened & safe during COVID-19 era...social distancing & masks & other CDC guidelines are adhered to... this business does everything with excellence,"07 Apr 2021, 03:58",0
userid_1836,businessref_62,This entire store smells like urine. I seem to be the only one who noticed for the 3 min I was in there!,2016-11-14 00:03:25,0
,businessref_96,Definitely plan on ordering at least 2 plates a person If not more or you'll go home hungry.,"January 09, 2016 at 03:26 AM",0
userid_663,businessref_82,Note to all those parents out there who see kids eat free on Tuesday...when you bring 12 it isn't frugal it is just cheap.,2013-07-30 22:46:35,0
userid_389,businessref_36,5 stars for the pho and 1 for the service,2015-05-03 03:03:05,0
,businessref_96,Make reservation if possible,2020-03-14 15:55:10,0
userid_1839,businessref_6,Try a Mexican mocha!,2014-03-16 21:33:07,0
userid_1748,businessref_45,$9.99 dozen roses,"November 07, 2012 at 01:57 AM",0
,businessref_32,This is the home of $1 ambulance shots.,"22 Jun 2013, 20:25",0
userid_1680,businessref_97,I had to take my car back a few times because they screwed up details and obviously cut corners with parts. My side sport panel still comes loose but I didn't want to have see them again. Will never recommend.,"August 14, 2014 at 02:46 PM",0
userid_500,businessref_36,Best pho around!,"January 31, 2017 at 01:15 AM",0
userid_461,businessref_6,Monday night is open mic night,"11 Aug 2015, 03:14",0
userid_323,businessref_46,Tasty!,"21 Mar 2020, 16:25",0
userid_1146,businessref_9,BEST traditional Turkey Club you'll ever have. Free mimosas and bloodys. Excellent super friendly service.,"09 Aug 2016, 18:09",0
userid_251,businessref_58,I wish I had started my game with Golftec rather than waiting until my bad habits were ingrained into  memory,2013-06-05 01:57:45,0
userid_442,businessref_44,"One of my favorite diners in the city, food is excellent- byob too",2014-11-09 05:07:38,0
userid_937,businessref_6,They have good outside seating.,"08 Sep 2012, 17:39",0
userid_1921,businessref_45,Slowest meat counter ever.,"December 23, 2011 at 10:43 PM",0
userid_938,businessref_9,"Cute, delicious. and cosy. You should go to brunch you there! Friendly service.","18 May 2016, 20:24",0
userid_1028,businessref_96,First time.,"07 Jun 2012, 01:04",0
userid_944,businessref_85,Amazing cookies!,"22 Feb 2014, 17:08",0
userid_1218,businessref_46,Food was okay. People love love love this place. Good location though.,"September 06, 2021 at 01:01 PM",0
userid_1250,businessref_96,"Lunch was so wonderful, I'm back for dinner.","21 Mar 2012, 23:08",0
,businessref_66,Orange chicken with bacon wow! Ask for a sample.,"02 Dec 2014, 20:44",1
,businessref_65,This is the hour & I'm happy!,"20 Apr 2012, 21:22",0
,businessref_46,Everytime we come into STL we eat here! Best food in the loop,2018-07-15 15:55:48,0
userid_1052,businessref_96,I recommend everything!,2012-08-10 02:09:49,0
userid_1805,businessref_6,Free wife.,"November 26, 2013 at 12:02 AM",1
userid_378,businessref_43,Come here if you like to get food poisoning!,"26 Oct 2014, 15:09",1
userid_1064,businessref_8,If you know you'll be using Uber a lot get the ride pass if and when they offer it!,2017-10-12 04:27:04,0
userid_858,businessref_36,Joinnnn,"December 17, 2015 at 07:49 PM",0
,businessref_64,"Great place, fast and friendly.",2011-06-03 23:20:17,0
userid_66,businessref_6,Dogs allowed,"December 03, 2016 at 10:18 PM",0
userid_1056,businessref_46,We waited for over an hour on a Friday night and by the time we sat down they told us they ran out of half their menu. There was no warning of them getting low. Disappointing of a place that has good food.,"September 06, 2014 at 02:02 AM",0
userid_1585,businessref_67,The best Ph place in Havertown. Love all the options they have. Will come back more,2019-08-20 08:32:39,0
userid_956,businessref_93,This place closed down.,2013-08-13 00:02:41,0
userid_79,businessref_36,Awesome place.   Brisket Pho was unbelievable.  Will definitely be back,"February 22, 2015 at 10:48 PM",0
userid_379,businessref_46,"Ask for the ""Schmidtz Burger"" when you eat here, you're welcome.","October 26, 2017 at 02:10 PM",0
userid_287,businessref_82,1/2 price burger Wednesdays :),"May 29, 2013 at 10:37 PM",0
userid_1535,businessref_5,It's okay if you want something cheap and fast.,2017-02-23 20:45:14,0
userid_1160,businessref_9,Great space. Great coffee. Great pound cake. Can't wait to come back for the brunch.,2017-03-05 16:56:25,0
userid_829,businessref_45,"Produce, meat, dessert. Great setup.","March 10, 2014 at 08:01 PM",0
,businessref_86,Voted Best Of Bonnaroo 2016!,"11 Sep 2017, 01:06",0
userid_1282,businessref_77,New! Nice pool and gym.,"12 Jul 2011, 03:18",0
,businessref_86,$1 dumplings every Wednesday!,"January 09, 2019 at 09:51 PM",0
userid_1111,businessref_46,"The food is great!!!  The decanter for the ""My sweet bestie"" sauce is cute but far from neat or hygienic. In fact it's downright yucky!  I hope they change it.","08 Aug 2014, 21:33",0
userid_1858,businessref_88,Decent indoor range. The rent guns on site and sell most varieties of ammo.  Tuesday is lady's nights.,2015-03-06 11:52:21,0
,businessref_8,If you're going to promote your business while driving around a Mr. Softee van... Sell ice cream too. Duhhhhhhhhhh.,"July 19, 2013 at 05:11 PM",0
userid_1245,businessref_96,I will be back!!! Friendly staff great food.,"April 24, 2013 at 04:39 PM",0
userid_1209,businessref_16,Awesome food specials after 10pm...,2011-12-04 07:30:06,0
userid_1336,businessref_45,Try their sample coffee. Or get a cup for only $1.00.,2014-11-21 04:58:37,0
userid_1510,businessref_77,Eagles tonight! Hey the room doesn't suck. But no fridge?!,2010-12-28 21:39:28,0
userid_1221,businessref_36,Great Pho - huge bowl and delicious. And I drive miles for the Banh mi,"08 Feb 2014, 17:15",0
userid_576,businessref_82,Sausage egg and brioche: delicious,"April 06, 2014 at 03:03 PM",0
userid_663,businessref_82,Coffee is unbelievable and free with weekday breakfast!,2013-06-25 12:34:00,0
,businessref_6,You have to get the homemade biscotti! Id have it every morning if possible!,"November 03, 2015 at 07:58 PM",0
userid_1364,businessref_82,"Opening February 22nd, 2020.","February 19, 2020 at 06:31 PM",0
,businessref_32,Try the burger!,2013-04-13 21:45:11,0
userid_1914,businessref_25,Yummy Bread!,"16 Dec 2010, 21:46",0
,businessref_36,BYOB!,2016-01-27 00:16:09,0
userid_354,businessref_45,Gotta try the vegetable  spring rolls.,2013-07-19 22:07:15,0
userid_1781,businessref_96,Blue plate lunch is only on Mondays,"August 19, 2015 at 05:11 PM",0
userid_590,businessref_16,Awesome stacked burger and add japaleno's!!,"19 Aug 2014, 02:42",0
userid_454,businessref_46,Hush puppies so good,"06 Feb 2015, 23:44",0
userid_6,businessref_36,I had an MSG hangover after the pho. Disappointing.,2016-05-22 02:32:11,1
userid_1927,businessref_21,I used a coupon I got in the newspaper for an oil change with inspection and car wash $18.95. I arrived at 4pm on a Thursday w/  three people ahead of me and got my car back at 6pm.,"03 May 2018, 21:34",0
userid_1995,businessref_36,Address is wrong. This is up Easton Rd.  a few miles in Willow Grove across from Barnes & Noble,2010-02-06 01:17:00,0
,businessref_46,"They seem to run out of stuff and not mention it, so be sure to ask what they're out of before getting your heart set on something.","October 13, 2014 at 11:25 PM",0
userid_853,businessref_8,For drivers only & those wishing to sign up.,"August 28, 2018 at 03:46 PM",0
userid_543,businessref_46,"Idiots - set the bourbon between the two minors, not the old guy??","April 01, 2016 at 12:38 AM",0
userid_995,businessref_96,Fried fish Thursday is not to be missed.,"16 Aug 2012, 16:33",0
userid_565,businessref_46,If they have the smoked chicken tortilla soup just get it! It is the best in the world!,2017-12-09 23:32:11,0
userid_1737,businessref_42,Complimentary WiFi Available,"May 07, 2015 at 10:31 PM",0
userid_1031,businessref_46,Great place to eat. Give it a shot.,"12 Aug 2017, 19:35",0
userid_508,businessref_20,"Just don't do it. 30 minute wait for 3 sandwiches? No, thank you.","September 16, 2019 at 02:26 PM",0
,businessref_15,Open 7 days a week,"May 31, 2015 at 06:33 PM",0
userid_1052,businessref_96,Meatloaf Monday!!!!,"16 Jul 2012, 18:03",0
userid_1723,businessref_20,"Service was good, restaurant was clean, food was pretty good!",2018-07-24 21:34:01,0
,businessref_85,Excellent cookies delivered warm!,"September 26, 2013 at 09:56 PM",0
,businessref_65,Adult and family fun!!,"10 Apr 2012, 00:00",0
,businessref_96,Nom!,"July 07, 2012 at 01:03 AM",0
,businessref_96,Ten buck lunch special!,2012-01-26 19:02:13,0
,businessref_65,Erin makes them cold & dirty!,"04 Sep 2013, 21:53",0
userid_1660,businessref_46,Pro tip: Ask for the white BBQ sauce.,"05 Apr 2017, 06:02",0
,businessref_65,Bring $ for Touchtunes,"June 21, 2012 at 09:47 PM",0
userid_1784,businessref_45,Beef Wellington!!! Yes!,2013-09-22 21:50:19,0
userid_426,businessref_6,Sangria on wine walk afternoons!,2011-07-16 22:32:49,0
userid_1283,businessref_21,"Dont go here for service! Terrible service department. Twice i took my brand new truck for routine maintenance. Each time they screw something up. This time they didnt put the clamps on the fuel filter and i had 25 gallons of gas come spewing out all over my truck. The engine the body paint rubber moldings, every inch of it. The service manager Steve is a clown. During the time they had it, they managed to scratch it in 3 places. Dont go here!!!!","September 20, 2014 at 10:52 PM",0
userid_1437,businessref_8,Great service and so convenient.,"24 Feb 2013, 15:00",0
userid_614,businessref_61,"If you are a patient of Dr. Davis schedule an appt first thing in the morning, otherwise plan to wait for at least 30 Minutes.",2016-07-19 15:09:30,0
userid_1364,businessref_86,"Will offer steamed, not just fried, dumplings.",2017-04-21 09:03:19,0
userid_1291,businessref_82,Gluten free bread available!,2015-04-10 23:54:06,0
userid_1611,businessref_36,Best Pho around!,2017-05-26 00:57:11,0
userid_1605,businessref_45,Avoid this store on Tues unless you really want the discounted chicken. Made the mistake of coming On Tues night. Could barely get around the crowd.,2015-07-10 03:52:04,0
,businessref_46,Burnt end toasted ravioli. That is all.,2016-10-11 23:25:49,0
userid_191,businessref_82,Tables need to get cleaned after people leave and others seat. :),"03 Aug 2014, 15:13",0
userid_1390,businessref_36,Excellent pho.,"18 Oct 2015, 20:57",0
userid_1581,businessref_36,Portions are always huge .. Request for a small portion,2012-03-17 17:41:08,0
userid_1250,businessref_96,Tasting Menu is always an culinary adventure,"11 Nov 2017, 01:38",0
userid_1335,businessref_85,"The cookies are Always fresh and worth the price. These are not your average cookie, so it's worth it.","May 01, 2014 at 12:21 PM",0
userid_109,businessref_36,It's very tiny inside. You wait to be seated.,2014-08-09 00:40:08,0
userid_995,businessref_96,Fried fish Thursday....,"15 Dec 2011, 17:04",0
,businessref_6,Cool and artsy!,"04 Sep 2011, 00:15",0
userid_1551,businessref_24,New flavor,2015-08-01 03:46:19,0
userid_1859,businessref_60,Very friendly staff. They were extremely helpful.,2015-03-29 00:49:34,0
userid_809,businessref_6,Nachos are now on the menu.,"November 09, 2010 at 02:38 AM",0
,businessref_46,Their iced tea is really good ! I love a good iced tea !,2018-04-09 04:14:16,0
userid_1604,businessref_96,"$10 for lunch including ice tea, salad, AND a good quality main entree?!?! This place is awesome",2011-10-05 17:51:00,0
userid_447,businessref_46,The brisket is easily the best in Saint Louis.,2021-08-08 19:15:53,0
userid_358,businessref_42,They will shuttle you somewhere if you drop your vehicle off with them.,"September 29, 2016 at 02:08 AM",0
,businessref_8,If you can get Anthony and the escalade you will love your ride home. He's so cool and down to earth. Plus he used to live in south Philly. Knows the area well!!,2012-12-08 22:05:03,0
userid_288,businessref_82,Get there French Toast. It is the best you'll ever have.,"28 Jul 2013, 18:31",0
userid_552,businessref_8,name it uber airrr instead of uber elevate,"21 May 2018, 14:54",0
,businessref_69,No cookies here!,"March 01, 2018 at 05:59 AM",0
userid_405,businessref_36,may i hav this last dance...,2012-07-28 21:37:45,0
userid_1996,businessref_86,Mid week cheat meal: $1 dumplings every Wednesday.,"14 Jul 2018, 00:35",0
,businessref_36,Love this place! The green mango salad is a must!,2020-09-15 00:27:05,0
userid_1345,businessref_40,"If you're serious about purchasing a plant or a stand, do not go on a Sunday. Staff on Sunday do not know the prices of items and told me that staff ""who would know are present on Tuesdays...maybe other weekdays, just not Sundays"". Keep that in mind.","August 22, 2021 at 07:18 PM",0
userid_1451,businessref_82,Quick. Easy. Healthy. Worth a trip.,"04 May 2013, 13:32",0
,businessref_96,Crawfish boil today. Cash only. 6-01-14.,"01 Jun 2014, 21:16",0
userid_1710,businessref_59,10 dollar credit/debit minimum,2019-07-02 01:58:41,0
userid_161,businessref_8,"*** $20 OFF FIRST RIDE!! 
**** Promo code: 94b4v   ****

Great driver, prompt, and easy to use the app!","23 Feb 2014, 16:39",0
userid_1364,businessref_82,In the Bok Building.,2020-02-20 09:02:58,0
userid_1073,businessref_20,I go to chick-fil-a a lot but I live in Saint Petersburg. I came to this chick fil A for the first time. The chicken biscuit fell apart in my hands. I will not be back!,"30 Mar 2013, 14:49",0
userid_1321,businessref_77,Do not eat here! $12.95 for this.,2011-06-29 11:32:46,0
userid_272,businessref_8,"Sign up using my promo code and get $10 towards your first ride!! I love this service - excellent in Philadelphia, felt like a VIP! http://www.uber.com/invite/hmd47",2013-11-25 06:40:20,0
userid_1327,businessref_44,"Well so far the food has been good.  Their soups are always good.  The pasta dishes are good too.  Some of the menu items are pricy. $7 for a blt and almost 10 for other sandwiches is a bit much since they do not come with fries or chips.  I like the mugshots on thw walls. However, the scarface posters do not fit the theme and make it seem like a dorm room or kids room.","12 Jul 2013, 03:40",1
userid_382,businessref_96,"This is so not the ""Big Chill"" generation.","April 01, 2012 at 12:13 AM",0
userid_1364,businessref_82,"Open February 22nd, 2020.",2020-02-20 09:02:41,0
,businessref_65,"Blowing up the jukebox ... 'Under Pressure' with Bowie & Queen. Logan: ""I'm SO learning that bassline!""",2011-12-23 01:12:29,0
userid_706,businessref_82,Everything is amazing. Large portions,"12 Mar 2016, 23:58",0
userid_461,businessref_6,Got a sneak peak at new menus.  Yum,"February 24, 2018 at 12:43 AM",0
userid_1176,businessref_45,Limited store hours on Sundays 10-8,"January 08, 2012 at 02:19 PM",0
userid_1637,businessref_46,Vegetarians: they have a bomb falafel burger,2017-03-09 23:32:40,0
userid_1996,businessref_86,Groupon has a fair deal for a first tasting!,"February 25, 2018 at 09:24 PM",0
userid_537,businessref_24,"Great employees, clean and great selection.","January 09, 2019 at 11:20 PM",0
userid_1311,businessref_18,During 2020s Labor Day sale which started in August and goes until the middle of September sales person Liz from KOP was fantastic. Giving you a heads up in case you want to deal with a knowledgeable kind sales person.,"August 27, 2020 at 03:15 PM",0
userid_1996,businessref_86,Be sure to mix up your order of dumplings and try them all. The cheesesteak remains my fav by far!!,"16 Mar 2018, 23:50",0
userid_1904,businessref_36,"Customer service at this place is deplorable. I've posted a photograph to prove it. I hope they never treat anyone else that way. Clearly they don't like it when you give them money frequently. Don't forget, the customer is always right, and a simple apology could've rectified the situation, but Pho & Beyond took it to a new level and insulted a customer on a public forum. Shameful.",2014-06-03 04:13:02,0
,businessref_46,Go for lunch. Not packed compared to dinner time and you're guaranteed of getting what you want.,"January 18, 2015 at 04:00 PM",0
userid_332,businessref_96,"If the mushroom salad is on the menu, get it!!! Best thing I've eaten in a long time. Make a reservation-small dining room. Oh and don't skip desert. Pecan pie was amazing","06 Apr 2014, 13:31",0
userid_1670,businessref_6,"Double shot mocha. Monday night is open mic, almost anything goes.",2015-01-20 02:33:23,0
,businessref_16,Tortilla soup is great!,"02 Oct 2011, 21:33",0
userid_1304,businessref_46,Oh man- this is some good BBQ!,"29 Jul 2017, 01:30",0
userid_452,businessref_44,"Great diner open 24 hours on the weekend.  Coffee is good and to go, and the food is better than darlings.","30 May 2013, 12:26",1
userid_1149,businessref_24,Original Tart with strawberries and granola!!!!,2014-08-29 02:41:29,0
userid_861,businessref_82,"Good lighting, nice space, Byob.","30 May 2013, 23:55",0
userid_985,businessref_24,Usually find a parking spot on Lindell.,"05 Dec 2013, 01:16",0
,businessref_6,Extremely rude staff. Won't be back!,"09 Mar 2017, 18:33",0
,businessref_46,good,2015-01-21 01:36:06,0
userid_1199,businessref_82,Free refills on coffee! Order food at the front and seat yourself. BYOB!,2017-01-22 16:00:25,0
userid_697,businessref_6,Now called The Jungle.,"June 08, 2015 at 07:58 PM",0
userid_1017,businessref_82,Amazing brunch!,"April 23, 2016 at 09:06 PM",0
,businessref_36,Little bit crowded right now!,"December 16, 2012 at 07:18 PM",0
userid_1048,businessref_74,Cheese flavored crickets... Yum and other traditional and historical items,"23 Jun 2012, 20:29",0
userid_1017,businessref_82,Great place for brunch on south street,2016-05-27 20:13:34,0
userid_631,businessref_20,Slowest Drive Thru EVER!!!,"May 24, 2012 at 11:19 PM",0
userid_78,businessref_96,"Came here for the blue plate lunch. Today was fried fish, hush puppies, and red rice and beans. They also come with a salad and tea for $10. I thought it was great! Great food at a great value! I'm wanting to come back on a Monday for the fried chicken blue plate special.","May 15, 2014 at 10:17 PM",0
userid_1876,businessref_37,Best 1 hour workout ever!!!,2015-09-18 16:45:25,0
userid_635,businessref_35,Visit this place at least twice a week. Fresh seafood and a friendly staff.,"17 Mar 2017, 21:52",0
userid_492,businessref_36,"Good service, clean, fast, great! Options for all",2014-03-25 18:31:09,0
userid_86,businessref_67,In the space formerly occupied by Saigon Harbor.,"19 Aug 2017, 22:02",0
userid_30,businessref_27,Chow fun & egg rolls FTW!,"August 08, 2015 at 05:16 AM",0
userid_1446,businessref_14,Does not carry kids or adult onesie pajamas.. or really much of anything that isn't women's professional attire.,"February 25, 2017 at 07:14 PM",1
userid_1315,businessref_36,"I love the soup, and always do take-out. Food is always hot.","14 May 2016, 23:01",0
userid_962,businessref_46,Everything,"August 03, 2014 at 05:33 PM",0
userid_5,businessref_96,"The food is superb. ""Breakfast"" had corn flour blinis that were puffy deliciousness!","October 30, 2011 at 01:48 PM",0
userid_1196,businessref_94,Great store and restaurant for a few select but unique and traditional dishes!,"06 Dec 2014, 15:28",0
userid_1383,businessref_27,Call your order in to avoid waiting! Oh and tip! Show your appreciation for the Harding working staff!,"November 08, 2014 at 02:11 AM",0
userid_1463,businessref_46,Quality BLT!,2014-07-16 18:17:02,0
userid_1971,businessref_8,Get rid of surge pricing,"08 Oct 2016, 23:27",0
,businessref_99,Gummy crust. Usual cheap ingredients.,"May 11, 2018 at 05:47 PM",0
,businessref_46,Best food ever.,"February 10, 2017 at 03:04 AM",0
,businessref_45,More pumpkins and candy,"31 Oct 2012, 12:29",0
userid_605,businessref_18,"They're running some kind of scam. I ordered furniture in April, was told they had it in one of their warehouses, delivery wouldn't take long. It's the end of July and last week they said there was a fire in the warehouse. Now they're saying delivery end of August. In the meantime they've had our money for months. Definitely something fishy.","July 24, 2018 at 11:56 PM",0
userid_1241,businessref_46,"Great food, great service!",2019-08-22 20:08:45,0
userid_697,businessref_6,All espresso shots are pulled doble!,"June 17, 2015 at 02:06 PM",0
,businessref_46,My favorite place to eat!!!!,2018-09-15 00:03:06,0
userid_1806,businessref_46,Sometimes it's good and sometimes it's not I guess it depends on the time of day,"December 24, 2018 at 02:21 AM",0
userid_1458,businessref_27,"Great every time I go, cheaper then other Chinese fast food","September 07, 2018 at 02:50 AM",0
userid_24,businessref_82,Great food and service,2020-01-16 19:47:12,0
userid_1000,businessref_36,Best pho around!!  Good service and great food.,"08 Jul 2020, 18:21",0
userid_112,businessref_85,Delivery will take no less than 2 hours. Try another location,2019-04-01 04:38:08,0
userid_86,businessref_86,Across the street from Philly AIDS Thrift.  Street metered parking,2017-12-02 17:05:46,0
userid_697,businessref_6,They now have a rewards program just enter your cell number at the cash register,"May 10, 2016 at 05:08 PM",0
userid_1249,businessref_20,Closed for renovations 9/18/2020. Not sure how long but they didn't advertise so don't make the trip to that crazy ridiculous intersection,2020-09-19 13:25:32,0
userid_401,businessref_44,Breakfast is amazing. Wouldn't recommend eating anything besides breakfast unless you're okay with not eating the best.,"April 02, 2019 at 07:09 PM",0
userid_1911,businessref_67,"Delicious!
All ya need to know!",2020-02-01 18:08:05,0
userid_391,businessref_16,Tavern burger - not bad,"06 Aug 2010, 16:17",0
userid_316,businessref_46,"X r kill
As",2019-11-12 23:52:43,0
userid_697,businessref_6,Small bills would be helpful,2017-04-20 18:37:35,0
,businessref_8,Use code kyt21 for $20 credit! Uber's much cheaper than taxi services! Remember to use Uber X for cheaper fares! Cheers!,"May 15, 2014 at 06:31 PM",0
userid_1807,businessref_67,best pho in havertown. staff is very friendly and accommodating!,2018-12-15 22:02:51,0
userid_1372,businessref_46,This place is one of the best in St. Louis for barbecue and sides are incredible!,"November 17, 2018 at 07:27 PM",0
userid_697,businessref_6,No sure why they're not open now,"26 Aug 2018, 16:07",0
userid_522,businessref_4,Fantastic dentist for children. Highly recommend!,"July 18, 2019 at 03:47 PM",0
userid_1930,businessref_91,closed on thirsdays as of 5/23/19,"23 May 2019, 13:35",0
userid_770,businessref_20,It should not take 40 minutes on drive through.,"09 Feb 2021, 21:48",0
userid_1505,businessref_33,Best to make an appointment with Jon or Quin,"October 02, 2019 at 02:49 PM",0
userid_851,businessref_91,Food is always great. Met the owner she was an angel.,"January 31, 2021 at 09:25 PM",0
userid_111,businessref_46,Awesome customer service! Food is ok and drinks are good.,"17 May 2021, 01:43",0
,businessref_67,"Do not click on the website link at the top of this listing, it is NOT the website for this restaurant. The restaurant has tried to have yelp change it, but they will not change it. The REAL website for this restaurant is https://hanoispho-pa.com","21 Nov 2020, 01:10",0
userid_465,businessref_47,Mackenzie L does amazing brows!,"30 Aug 2019, 18:46",0
userid_1258,businessref_45,The cashier Amadou is super rude!,"May 25, 2020 at 11:28 PM",0
,businessref_55,Delicious and fun treat!,2020-12-12 01:57:53,0
userid_36,businessref_46,What a find! Best pulled pork since I was in Kentucky! Don't miss this gem.,"December 10, 2020 at 02:52 AM",0
userid_1248,businessref_88,Poor customer service. Not willing to give professional advice.,"30 Oct 2021, 10:09",0
userid_1798,businessref_46,Amazing!!,"25 Dec 2021, 14:25",0
,businessref_46,"If you're having a hard time choosing meats try the Brisket, Ribs, or burnt ends. I also like Trashed wings. White cheddar mac is very good too","April 04, 2020 at 10:33 PM",0
userid_861,businessref_2,"If you see something you like but not in your size, ask the friendly staff. They might have it in the stock room, since the store is limited in rack space.","September 19, 2012 at 05:48 PM",0
userid_1432,businessref_46,"Hands down, best freakin Mac and cheese.","29 Sep 2018, 19:04",0
userid_102,businessref_45,It gets VERY crowded after 11 a.m. on Sundays.,"13 Nov 2011, 18:04",0
userid_1702,businessref_46,Best BBQ place in St. Louis! You cannot miss it!,2019-03-30 00:54:14,0
userid_1001,businessref_23,Very friendly and kind staff. They will help you with your needs without hesitation.,2020-12-14 04:52:28,0
userid_187,businessref_46,Excellent bbq and food. Love the ambiance as well.,"July 08, 2021 at 11:07 PM",0
userid_1198,businessref_56,They are alway miss the service,"29 Nov 2021, 16:57",0
userid_1738,businessref_87,Love the food here so good  every time I come here,"03 Jun 2021, 01:01",0
,businessref_6,Cool vibes coffee spot.,2012-03-15 23:39:34,0
userid_672,businessref_36,Love it! Always a delightful meal.,2013-06-10 00:09:43,0
userid_1069,businessref_47,"They have online appointment scheduling! That's a plus. They fill up one weekends though. Very rude if you call for same-day appointment, so book early. Or have thick skin...",2014-06-14 16:59:42,0
,businessref_93,Don't eat here.  Food is horrible.,"June 03, 2013 at 01:28 AM",0
,businessref_24,.,2014-09-28 21:07:50,0
userid_1922,businessref_46,Nothing comes close to it in the state except Gate's in KC. Go there.,"11 Sep 2015, 23:34",0
userid_350,businessref_24,How are you consistently out of vanilla???  So frustrating.,"September 03, 2016 at 02:32 AM",0
userid_367,businessref_36,Love this place the pho is delicious.,2017-03-20 16:06:50,0
userid_1651,businessref_77,"Ssssh, got this hotel @ $46.53 on travelocity secret hotels...hope u snap a room 2!","January 11, 2012 at 07:17 AM",0
,businessref_6,Great vibes wine bar. And $3 chocolate cake shots!,"March 15, 2012 at 11:46 PM",0
userid_1651,businessref_77,"Wow #714 is a must get room!!","25 Jan 2012, 05:55",0
userid_81,businessref_36,"So this is Vietnamese comfort food... the pho was an amazing mix of textures and tastes. Loved the banh mi, a 'hoagie' with cilantro.","30 Mar 2012, 02:26",0
userid_1946,businessref_82,Absolutely incredible and totally affordable. A little loud but totally worth it.,"September 13, 2015 at 05:43 PM",0
userid_1004,businessref_82,Great FOOD  Great Customer Service ....,2015-09-19 01:12:46,0
userid_278,businessref_6,New Jamaican dishes are great. The patties are very authentic.,"04 Jul 2017, 19:48",0
userid_444,businessref_45,"Great meat, the chicken was cheaper then walmart and the steaks were juicy and marbled beuties!","06 Nov 2012, 10:40",0
userid_1873,businessref_6,Good WiFi. Music is a little loud in the middle of the day.,"September 07, 2011 at 09:20 PM",0
userid_227,businessref_46,This place is the best pulled pork I've ever had!!! Go here you'll love it!!,"September 30, 2017 at 05:50 PM",0
userid_1745,businessref_46,best bbq in st louis. servants are so nice.,"31 Jan 2015, 19:22",0
userid_45,businessref_6,"My dog jack and I just came by for a cozy vanilla chai, can't beat a dog friendly place when u have a dog!","21 Jan 2012, 17:44",0
,businessref_77,Free parking and the train to the city is close!,"30 Dec 2013, 01:28",0
userid_1326,businessref_46,Been probably ten times. Best service by Rueben so far. On point.,2015-07-30 03:42:38,0
userid_1086,businessref_96,Blue plate lunch specials are where it's at!,2014-06-02 17:26:12,0
,businessref_36,That pho broth tho. Deluxe is the way to go.,"28 Jun 2014, 21:38",0
userid_1288,businessref_82,Gluten free options available!,"20 May 2017, 21:33",0
userid_1228,businessref_82,Quick and tasty. And they serve la columbe coffee!!!,"02 Mar 2014, 17:35",0
userid_907,businessref_66,All I ate in college!,2014-02-01 19:51:22,0
userid_1790,businessref_36,"Mmmmmmm seafood noodle soup! My husband had the Carmelized Clay Pot w/ catfish, he loved it!",2012-03-10 23:02:58,0
userid_1902,businessref_45,"I've been shopping at this store since they have been opened. I have had quite a few bad experiences from bad costumer service to way under staffed, out of products and always wanted to place a complaint with the manager but to upset to even try locating him or her. Wish they would've their act together.",2016-06-28 16:49:40,0
,businessref_6,Coffee is on point and also offers alot of other great drinks and foods...,"08 Jan 2014, 16:40",0
userid_583,businessref_77,Free Private Lot Parking,"20 Feb 2014, 22:41",0
,businessref_45,Nice stuff!,"May 17, 2012 at 03:08 PM",0
userid_136,businessref_8,You could probably make more working at McDonalds,"February 16, 2017 at 02:00 AM",0
userid_209,businessref_36,Order the pho any kind will do,2015-11-25 22:18:42,0
userid_1651,businessref_85,mmm $1 cookies,"24 Jun 2011, 02:21",0
userid_1601,businessref_36,Grilled pork summer rolls are the best I've had at any pho place.,2013-04-12 21:54:34,0
userid_603,businessref_45,Parking is horrible!! I love the place but can never get in!,"March 25, 2014 at 07:56 PM",0
userid_1910,businessref_6,Delicious espresso!,"January 17, 2013 at 07:34 PM",0
,businessref_50,Very poor! Had no forks but continued to serve food that required forks to eat.,2016-02-06 18:38:40,0
userid_396,businessref_96,"The bomb! Order everything! The Ginger martini is a little much, though!!! Still good, I just hate gun!","05 Nov 2010, 01:36",0
userid_1744,businessref_16,$2 tap night,"03 May 2011, 22:37",0
userid_422,businessref_93,Eating now,"September 22, 2011 at 12:09 AM",0
userid_758,businessref_77,"Clean, close to stadiums and inexpensive. We'll be back","23 Sep 2011, 20:22",0
,businessref_85,Love that they are open so late. Great for a late night sweet craving.,2017-05-01 13:46:11,0
userid_209,businessref_36,Delicious food and quick servixe,"November 25, 2015 at 10:19 PM",0
userid_1629,businessref_46,Great BBQ but don't care for the sauce.,2018-11-28 20:41:30,0
userid_1347,businessref_96,"By 10$ ""lunch special"" they mean ""only thing on the menu"". You will have one meal option, with your choice of either sweet or regular tea.","20 Feb 2012, 20:17",0
userid_1590,businessref_46,Great food. Great service. Worth the wait.,2015-08-01 02:44:01,0
,businessref_46,They had the best chocolate pudding cake I have ev,"November 04, 2016 at 12:35 AM",0
userid_1899,businessref_46,Brisket is so delicious it's the only thing we get from here,"02 Jan 2021, 07:25",0
userid_1531,businessref_55,This place was Great really liked it. Cool and refreshing. Lots to choose from,"30 Aug 2020, 19:17",0
userid_762,businessref_14,"""diff-rint clientele, diff-rint clientele""","08 Mar 2012, 00:49",0
userid_419,businessref_45,Try the veggie pizza made in the store!,"December 07, 2012 at 09:29 PM",1
userid_50,businessref_94,The sausages are outstanding! Great mom and pop atmosphere. Love it!,"03 Mar 2012, 23:23",0
userid_510,businessref_89,Clean. Cool. TVs. WiFi. Clean bathrooms. What else could you want from a laundromat.,"April 19, 2019 at 05:02 PM",0
,businessref_14,Not enough cashiers!,2012-01-14 23:24:02,0
userid_47,businessref_46,Great food,"February 04, 2021 at 08:43 PM",0
,businessref_25,Always perfect!,"November 16, 2019 at 05:58 PM",0
userid_266,businessref_46,Great stuff,2019-05-19 17:06:22,0
,businessref_46,"Awesome options, hip environment & vegan options  as well. Love the vibe & location.",2019-03-14 15:44:54,0
userid_628,businessref_89,Very nice and clean laundromat. It's really big and accommodating.,"October 21, 2016 at 08:29 PM",0
userid_993,businessref_29,Beautiful arrangements on the fly? Look no further because this florist is a winner.,2020-06-12 03:22:34,0
userid_847,businessref_8,I use them many time. They a re a very good car text service,"September 18, 2016 at 09:08 PM",0
userid_1699,businessref_78,"Best service ever!!!
Well organized ,people polite and helpful.
Spent 10 min there.","June 17, 2020 at 07:37 PM",0
userid_1827,businessref_96,Awesome everything...,"02 May 2012, 18:33",0
userid_932,businessref_6,Will chill out with my sweeties...,2011-01-24 02:34:52,0
userid_1280,businessref_46,Best tasting food in the city. Also new unique food prep and choices,"September 07, 2018 at 11:53 AM",0
userid_1076,businessref_6,Dropping in morning or evening is perfect!,"31 May 2015, 03:56",0
,businessref_57,"DO.NOT.USE. Run. Unless you want terrible service and your stuff ruined, then you can use them.","22 Aug 2019, 19:28",0
userid_521,businessref_48,Now closed,"06 Oct 2012, 22:55",0
userid_466,businessref_82,"Menu changes throughout the day for breakfast,  lunch and dinner.","13 Apr 2017, 18:00",0
userid_1884,businessref_36,"Excellent meal tonight, but out of some deserts.","12 Nov 2011, 01:58",0
userid_645,businessref_42,Best place for tires and auto service!,"21 Oct 2015, 21:03",0
userid_1515,businessref_82,"Fresh food, friendly staff.",2017-04-07 00:12:10,0
userid_1143,businessref_46,Great service and food! Fun atmosphere!,"November 22, 2016 at 12:17 AM",0
userid_772,businessref_71,good,"15 Jul 2017, 20:38",0
userid_1374,businessref_46,"Yes. Yes, yes, yes. Get the platter. Any meat. Can't go wrong!","06 Sep 2016, 22:15",0
userid_580,businessref_82,My favorite place in philly!,"April 07, 2018 at 06:05 PM",0
userid_158,businessref_77,No showtime.  I missed the Last Emperor go down because the sports bars in the area do not have it either.  Lame.,2010-06-27 13:48:55,0
userid_417,businessref_94,"Good clean place, free sample of cheese and smoke meat.","21 Feb 2013, 23:54",0
userid_409,businessref_16,"2$ pint night, wings, spin dip, and breaded tender apps all day.  Burgers are dece too!","April 19, 2013 at 01:25 AM",0
,businessref_8,"Type the address or name of the business for your pickup. If you drop the pin, the driver might be waiting one block over.","08 Aug 2016, 06:48",0
,businessref_6,Cool cafe!,2012-03-04 19:53:10,0
userid_848,businessref_77,Awful service at restaurant.,2013-08-18 03:04:20,0
userid_1298,businessref_6,Iced Soy Raspberry Chai.,"03 Jun 2011, 00:15",0
userid_183,businessref_36,Great food! Great service!,"March 22, 2015 at 06:32 PM",0
userid_1150,businessref_43,Typical Taco Bell... just less fresh!,"February 20, 2020 at 07:18 PM",0
,businessref_6,A good place to be muchy with your daughter and best friend:),"27 Jun 2011, 19:45",0
userid_846,businessref_96,Excellent farm-to-table concepts from an award winning chef.,2014-07-02 16:26:29,0
userid_1560,businessref_46,Good...actually it was really good.,2019-03-20 22:51:43,0
,businessref_46,Meat was on point but service still needs a lot of work.,"June 25, 2014 at 12:48 AM",0
userid_1112,businessref_46,Awesome BBQ,2018-06-14 03:04:49,0
userid_1492,businessref_8,You can get $20 off your first ride with promo code Uber2015freebie! Uber is great for those 4am rides to the airport when you don't want to bug your friends.,"03 Aug 2015, 21:56",0
userid_243,businessref_46,Best Mac n cheese in STL,2020-10-04 15:40:53,0
userid_651,businessref_6,Art show,"May 04, 2012 at 03:43 AM",0
,businessref_82,Excellent place to eat!!! Delicious,"16 Jun 2019, 14:15",0
userid_1298,businessref_6,Raspberry chai latté.,2011-04-05 23:50:34,0
userid_368,businessref_46,So good! Try the cracker Mac!!!,2020-10-16 23:00:47,0
userid_1329,businessref_46,not a bbq fan :(,"29 Nov 2021, 00:53",0
userid_673,businessref_89,Not open at 6 on saturdays.,"02 Nov 2019, 10:09",0
,businessref_44,Everyone Is Nice But The Food Could Be Better,"25 Sep 2016, 00:12",0
userid_41,businessref_6,"The service really sucks, don't expect a quick trip","October 31, 2018 at 09:26 PM",0
userid_88,businessref_46,Late night menu: Those dry rubbed wings!!!  I'm not normally a wing lover but wow!,"03 Jan 2020, 03:16",0
userid_80,businessref_15,"Great service, friendly staff. Quick turn around.","April 27, 2020 at 07:49 PM",0
userid_1609,businessref_85,Best cookies I've ever had,"October 09, 2013 at 01:21 AM",0
userid_1201,businessref_36,Best Vietnamese in the area. Hasn't disappointed in over a decade!,"July 24, 2020 at 04:23 AM",0
userid_1795,businessref_82,Molly kale salad & margherita pizza & latte = essential; breakfast sandwich on ciabatta = not essential,"27 Oct 2014, 18:10",0
userid_881,businessref_82,"If you're not from PA like myself, this place has a different menu on the weekends! Like the French toast.","October 17, 2016 at 01:21 PM",0
userid_384,businessref_46,Fantastic!!!!,"13 Nov 2019, 19:12",0
userid_728,businessref_82,"Half price burgers (beef, turkey, falafel) on Wednesdays. (Under $6.00)","21 May 2014, 15:39",0
userid_1378,businessref_25,I got the Ruben. It was really good!,"October 16, 2021 at 07:57 PM",0
,businessref_82,Excellent place to eat!,2019-09-08 16:36:21,0
userid_671,businessref_45,Worst deli service ever.,"19 Jun 2013, 15:24",0
userid_675,businessref_66,this was my first time it was pretty good,"26 May 2017, 01:22",0
userid_671,businessref_45,Slowest everything everywhere ! But it's tasty!,2013-06-07 15:41:04,0
userid_1401,businessref_82,The divorced egg and chicken&waffle are both really good! Nice location too!,"October 24, 2017 at 07:08 AM",0
userid_620,businessref_94,Awesome food,"March 14, 2014 at 04:24 PM",0
,businessref_9,"Great spot for brunch! Thanks, Sal!!",2016-05-22 16:57:15,0
,businessref_6,Mexican mocha. Do it,"22 Feb 2014, 21:39",0
,businessref_96,"Rattlesnake bacon & crispy pig's head?! I'll eat it for shock value. Sweet potato chip nachos?! Maybe next time, I'm going for the Chef's Tasting Menu tonight.","January 25, 2013 at 02:07 AM",0
userid_1624,businessref_6,Good coffee and friendly service.,"11 Mar 2017, 02:40",0
userid_1992,businessref_45,Best higher end grocery store in this area. Aside from Mazzaro's....,"November 03, 2012 at 08:41 PM",0
userid_1389,businessref_46,Service was slow.,"May 25, 2015 at 02:04 AM",0
userid_11,businessref_74,Very Expensive. $12 lb. no going back to that store! Too bad it's a cute place.,"26 Feb 2015, 23:22",0
userid_449,businessref_96,Totally awesome food - our favorite discovery this year!,"August 28, 2013 at 01:00 AM",0
userid_1355,businessref_6,"I was walking my dog and needed some coffee in a bad way. Everyone in Java Jungle was super nice, the light roast is very tasty, and loaded with caffeine. New stop on our morning walks.","January 25, 2014 at 08:11 PM",0
userid_1828,businessref_46,Great food!,"March 31, 2021 at 02:03 PM",0
userid_692,businessref_46,The burnt end toasted ravioli are a great take on a local favorite.,2014-07-18 19:06:31,0
userid_496,businessref_36,Grilled pork rolls are great,2011-05-21 23:48:05,0
userid_1186,businessref_87,"Great food, the chicken tenders are amazing",2021-06-19 02:54:52,0
userid_1107,businessref_46,Food was really good and it came out faster than expected,"30 Jan 2020, 00:12",0
userid_1945,businessref_59,"Great bahn mi, really good portion size too","27 Apr 2019, 18:53",0
userid_542,businessref_46,Fav bbq in St. Louis mo,"23 Mar 2019, 19:11",0
,businessref_94,Do NOT go!,2012-09-26 02:24:06,0
userid_671,businessref_45,Get a number at the meat counter or you will be ignored.,"May 10, 2013 at 03:37 PM",0
userid_1420,businessref_82,The kale salad is good. I would add about 1/2 a lemon and little Sriracha sauce. It makes it better on a cold morning. The French toast is a great addition.,"01 Feb 2014, 15:34",0
userid_1650,businessref_46,Worth the wait!,"27 Feb 2021, 15:25",0
userid_28,businessref_46,Everything is 110% so good.,"24 Apr 2020, 02:40",0
userid_824,businessref_6,"Teas are alright. I tried the""vanilla lavender"" tea, which I enjoyed.","28 Jul 2018, 21:57",0
userid_43,businessref_44,Clean as a whistle.   Good food good service will defiantly come back,2017-01-30 18:36:14,0
userid_70,businessref_46,Amazing as always!!!! Love the brisket and bologna!!!!,"01 Jan 2020, 03:17",0
userid_682,businessref_55,Amazing! Took my son w/me,"May 22, 2021 at 04:35 PM",0
userid_147,businessref_46,Evenings are very busy. Use yelp to get in line while getting dressed for your outing.,2019-04-07 19:50:56,0
,businessref_46,Brisket (fat version) was spectacular. Quick.,"24 Nov 2018, 21:45",0
userid_1747,businessref_82,I,2021-06-20 15:48:31,0
userid_410,businessref_36,Classy.,2013-04-04 16:20:36,0
userid_1081,businessref_46,"Ben south city does great events

Best brisket 
Best sides","13 Aug 2019, 22:05",0
userid_331,businessref_25,Great harvest is always amazing!!,2019-08-26 21:22:46,0
userid_542,businessref_46,Fav bbq in st louis,"29 Jul 2020, 15:31",0
userid_83,businessref_44,Nice place! Food was good. A bit over priced for breakfast.,"March 15, 2019 at 09:21 PM",0
userid_1210,businessref_46,Mmmm brisket ravs. Excellent everything was good and handled Covid rules well.,"12 Sep 2020, 03:15",0
userid_1734,businessref_46,"Great food! Love the bread, it's light as a feather.","13 Aug 2018, 19:01",0
userid_857,businessref_64,they are closed... just drove by today,"08 Feb 2014, 22:12",0
userid_1460,businessref_44,Great grub! Excellent service!,"November 01, 2014 at 11:23 PM",0
userid_511,businessref_12,"Best fish and chips in Edmonton bar none - and that's coming from a new zealander! Been here several times. Great atmosphere, daily specials.",2013-08-31 03:11:00,0
userid_1135,businessref_44,Slammin breakfast! Enjoy coming here hung over and slaying multiple orders of bacon!,"08 Nov 2014, 18:32",0
userid_570,businessref_46,Good BBQ. I really liked the chicken sandwich and the green bean and tomato side,2016-04-18 18:11:30,0
userid_1631,businessref_16,"We came here for a late lunch (the steak salad was delicious), but this would be a great place to watch the game. Try the dog bites for an appetizer!",2013-11-30 21:23:14,0
userid_1657,businessref_24,best froyo that i've found in stl. best tart in stl. fact,"June 14, 2013 at 01:57 AM",0
userid_372,businessref_2,Shop recently moved out of the Piazza (woo hoo!) to the 900 block of N 2nd (across from North Bowl),2013-03-25 22:00:03,0
userid_103,businessref_46,Tried this place based on the Yelp ratings. The wings and apple pie were great.,2017-10-20 21:33:34,0
userid_957,businessref_46,Order the whiskey neat. Their ice cubes are small and numerous. :-(,"02 Jul 2014, 23:04",0
userid_84,businessref_46,best. food. ever,"May 24, 2017 at 03:12 PM",0
userid_961,businessref_96,Don't bother. Restaurant requests that you make a reservation but doesn't answer it's phone. Pass,2011-09-08 18:57:47,0
userid_485,businessref_46,"Its fine, nothing more. Very limited menu",2014-07-06 01:32:07,0
userid_914,businessref_46,Had the brisket sandwich... So good!,"04 Oct 2016, 02:45",0
userid_1642,businessref_46,Just in St Louis for the night and came to Salt + Smoke on a recommendation that didn't disappoint.  Went off the grid and got the Fried Jalapeño and Cheddar Bologna Sandwich. This was amazing. The taste was unexpected and I loved every bit of it. Will be back again when even close to St Louis.,"14 Dec 2016, 14:52",0
userid_76,businessref_36,"best banh mi!!! (viet hoagie) friendly service, generous portions, fresh fresh everything.",2012-04-02 17:02:15,0
userid_167,businessref_21,"To USAA Military Members and Their Families , DO NOT GO HERE TO PURCHASE A VEHICLE . Ford of Port Richey Does Not Honor You or Your Families or USAA QUOTES . Their are plenty other Ford Dealerships in this area who will Honor USAA Military Members and Our Families . I also share this information on our USAA Community Site and I'm trying to have them removed from our buying services . The sales team at this location is horrible and has a lack of respect for the Military and Our Families .","23 Apr 2017, 09:55",0
,businessref_77,"Newly remodeled, rooms are clean but small. DO NOT order room service! Plastic silverware, no napkins, no condiments, salad with no dressing (not kidding) awful, awful, awful! Diet coke brought in a plastic cup with no lid, really! Food was awful!","15 Nov 2012, 14:04",0
userid_1882,businessref_46,Devil Eggs and the Carolina Mustard are amazing!!,"30 Jul 2015, 19:52",0
userid_1351,businessref_46,"First time here, awesome food and great experience!",2016-08-26 18:12:01,0
userid_52,businessref_6,"Ordered the breakfast sandwich. Under seasoned, too greasy to eat. Yuck.","April 15, 2018 at 05:40 AM",0
userid_167,businessref_21,"Horrible , Horrible , Horrible sales department . I never been insulted in my life .","22 Apr 2017, 23:21",0
userid_1032,businessref_6,Horrible food.,"June 23, 2018 at 03:40 AM",0
userid_1627,businessref_46,"Get the mac'n'cheese, trust me. My boyfriend and I usually divide & conquer but we were glad to have two portions of this!",2016-03-10 21:39:40,0
,businessref_6,Best place for a London Fog. Always good to support the local guy.,"21 Sep 2016, 16:28",0
userid_1892,businessref_46,"Often busy, but well worth the wait. Absolutely delicious food!","December 17, 2018 at 07:52 PM",0
userid_502,businessref_96,Local badass farm foods,2011-06-25 00:35:43,0
userid_1540,businessref_8,"Anyone wanting to check out the service, here is a link and you get a $20 credit if you use promo code philly161.  www.uber.com/go/PHILLY161",2014-03-01 16:58:18,0
,businessref_94,Getting goulash with Catherine and Andruw ... sorry for cheating on your Goulash Sinisa.,"03 Jul 2012, 19:50",0
,businessref_6,Ahh Java jungles chai lattes are to die for!!,"23 Feb 2015, 07:21",0
userid_1479,businessref_46,Excellent BBQ!  Great service!,"29 Mar 2018, 10:45",0
userid_513,businessref_46,"They don't take reservations but you can ""get in line"" via Yelp. It was perfect. Walked in and sat right down!","06 Jun 2018, 11:53",0
userid_742,businessref_55,The ice cream was fresh and good. Very nice and clean inside,"May 18, 2021 at 06:18 PM",0
,businessref_66,closes at 930 on door sign not 1030pm,"29 Jun 2019, 05:02",0
,businessref_46,food was amazing!!!! great service & fun environment. will def be going back!!,"January 07, 2019 at 08:31 PM",0
userid_438,businessref_46,Great bbq.  Quick service.,"June 10, 2021 at 09:59 PM",0
userid_1717,businessref_46,Favorite sit down BBQ restaurant. Great for dates!,2019-02-03 21:26:46,0
userid_388,businessref_46,Excellent for college students and everyone else!,2015-12-14 04:34:59,0
userid_823,businessref_82,Amazing food!! Love this place and all of their gluten free options,2017-12-31 01:21:04,0
,businessref_36,Excellent pho and excellent service even during a pandemic,"July 14, 2020 at 07:13 PM",0
userid_315,businessref_46,"We had really great BBQ here.  Bring from Memphis, I loved the flavors.","February 14, 2020 at 02:37 PM",0
,businessref_46,Wow!!!! Amazing!!!! So gooooooooooood.,"April 27, 2019 at 01:43 AM",0
userid_1301,businessref_85,Let me just say that after tasting these I know that Jesus loves me,"August 24, 2015 at 12:52 AM",0
userid_130,businessref_36,They don't allow you sit anywhere if you're waiting on a to-go order.,2015-08-11 22:18:28,0
userid_974,businessref_45,Great grocery store for me coming from California!,"February 22, 2011 at 09:44 PM",0
userid_579,businessref_6,Appropriate Atmosphere. Moscato.,2013-02-02 01:35:42,0
userid_1055,businessref_46,Best brisket in the whole world in my opinion!,2017-04-09 23:02:01,0
,businessref_96,Blue plate: bacon wrapped meatloaf!,"16 May 2011, 17:22",0
userid_414,businessref_85,Good!,2015-11-19 01:27:36,0
userid_1812,businessref_46,Good bbq & yummy drinks!,"16 Mar 2016, 04:49",0
userid_1694,businessref_46,Amazing! Purely amazing!,2016-05-31 02:00:07,0
userid_1085,businessref_6,It's lit! My White Mocha was flame,2017-01-30 05:23:08,0
userid_1623,businessref_77,Smells pretty lol,2014-02-20 22:45:28,0
userid_1875,businessref_36,Pho is really good!,2012-09-18 17:12:59,0
,businessref_46,One of the best BBQ places I have been to. Really worth it. Had ribs and booze!,2016-10-09 02:11:38,0
,businessref_46,Out of meat before 8:30 on a Friday night. Why?,"September 06, 2014 at 02:07 AM",0
userid_1797,businessref_10,They are closed -- urge,2017-08-21 18:52:05,0
userid_1776,businessref_71,Great experience here!,"25 Apr 2016, 03:12",0
userid_1770,businessref_96,Freshness,"July 13, 2012 at 12:56 AM",0
userid_879,businessref_96,Amazing - ordered the menu - get it all (period).,"01 Jan 2013, 01:10",0
userid_794,businessref_46,Beef. Fat. Fries.,"30 Mar 2018, 00:40",0
userid_336,businessref_46,Good food good price. Don't miss out on the pull pork chili.,"July 26, 2017 at 10:40 PM",0
userid_1990,businessref_46,Been here twice. Food was awesome and affordable. Will definitely go back again,2017-12-10 10:07:33,0
userid_1870,businessref_96,The marlin was excellent tonight. Do not fear the beet risotto.,2010-07-17 00:11:08,0
userid_1610,businessref_44,Good diner food and good service with appropriate prices.,"05 Nov 2014, 22:56",0
,businessref_46,Great food. The staff were a bit pretentious but too bad. Food is really wow though.,2020-02-01 07:57:52,0
userid_352,businessref_66,"Sucks
No brown rice
Wait for Rangoon 
No walnut shrimp 
Staff could care less",2016-03-21 00:33:04,0
userid_1346,businessref_46,Omg! Awesome food. Great service. So happy this place is in the SOHO neighborhood!,"June 16, 2018 at 10:41 PM",0
userid_783,businessref_46,Food was delicious!!,"30 Jul 2019, 12:32",0
userid_641,businessref_46,Get the ribs. Trust me. Everything about this place is good.,2019-08-23 13:45:58,0
userid_328,businessref_46,"Mouth watering 
(Try the mac&cheese)","September 06, 2019 at 06:19 PM",0
userid_362,businessref_46,Get the burnt end ravioli! You won't regret it!,"February 23, 2020 at 01:18 AM",0
userid_527,businessref_46,fantastic sauce love the spice,"02 Aug 2019, 03:53",0
userid_207,businessref_6,Go elsewhere.,"26 Jan 2017, 00:32",0
userid_1788,businessref_36,Loved it,2020-12-07 01:42:32,0
userid_1358,businessref_46,So delicious,2019-07-16 03:37:34,0
,businessref_46,Get the deviled eggs. Change your life.,"March 19, 2019 at 10:08 PM",0
userid_1067,businessref_46,Love the Mac and cheese ! Great customer service,"May 09, 2020 at 10:57 PM",0
,businessref_46,Amazing!,"03 Jun 2019, 02:49",0
userid_1878,businessref_46,Pulled pork sammy was good. Mec and cheese side was even better.,"November 29, 2018 at 12:51 AM",0
,businessref_46,"Fire as shit, the price is good , our waiter was very nice",2021-08-03 04:32:41,0
userid_781,businessref_46,Food was aaiiight,"03 Apr 2021, 21:04",0
userid_1060,businessref_46,Thanks Great food superservice,2018-10-09 21:19:57,0
userid_931,businessref_46,Was great in every way don't need to say more,"03 Sep 2019, 01:06",0
userid_1034,businessref_46,Amazing. Deviled eggs.,"07 Dec 2019, 01:51",0
userid_783,businessref_46,Food was delicious,"September 05, 2019 at 11:55 PM",0
userid_1878,businessref_46,Great brisket. Get the mac and cheese aide.,2019-02-16 22:13:03,0
userid_1264,businessref_6,When I got to a wine bar I don't expect loud music and the bartender taking shots behind the bar. Poor service. Poor atmosphere.,"20 Mar 2014, 06:33",0
userid_783,businessref_46,Food delicious! Good customer service!,2019-11-24 00:16:50,0
userid_1885,businessref_46,Service was good for a party of 7.  Brisket was tasty.  Nice place to checkout.,"19 May 2019, 14:38",0
,businessref_36,Great find when looking for something near the Keswick. Everything was fantastic and the prices were very reasonable. Will be a regular stop from now on.,2013-02-18 01:55:43,0
userid_743,businessref_6,"Kinda wish my latte had been served in a real mug and not a paper cup. But overall a charming experience. Teenager grabbed a Shepard's Pie, I had a vanilla latte. Sat in the window seat and contemplated coming back for wine and tapas next door.","November 23, 2012 at 07:33 PM",0
userid_987,businessref_36,My wife and I are Vietnamese food rookies but we enjoyed dinner immensely.,2013-03-17 00:42:27,0
userid_140,businessref_36,Good,"14 Jul 2017, 23:39",0
userid_1678,businessref_8,"Uber is awesome!! 

First time users get $30 in credit with this code: jvjk9      

Enjoy!!",2014-11-25 04:21:22,0
userid_908,businessref_46,Yum,2021-03-01 02:31:22,0
userid_1732,businessref_8,"Bad , bad!, bad, !!!!!!!",2020-01-20 04:48:59,0
userid_1275,businessref_46,soooo yummy best pulled pork and love the cole slaw on the sandwich,"May 19, 2021 at 06:43 PM",0
,businessref_57,Stay away from this company,"20 Mar 2015, 00:27",0
,businessref_66,Beware... The self righteous teens behind the counter are Mask Nazis!!!!!,"12 Aug 2021, 14:38",0
,businessref_55,Beyond delicious!,2020-02-27 23:56:01,0
userid_168,businessref_46,"The food was pretty bad , but service was great .","July 30, 2019 at 11:43 PM",0
userid_1385,businessref_46,Outstanding!!  Do not miss the wings!! OMG the wings...!!,"October 24, 2018 at 11:40 PM",0
userid_988,businessref_25,Amazing bread. Fresh scent,"03 Dec 2021, 18:48",0
,businessref_77,"The staff is really friendly and helpful.  When my initial room had plumbing issues, Inez the supervisor not only gave me a new room she upgraded my room.  She managed this during a time the hotel was extremely booked.","26 Jul 2016, 17:28",0
,businessref_91,Atmosphere was nice and food was awesome!,"September 02, 2019 at 05:41 PM",0
userid_1924,businessref_46,Great for smoked wings. A good mixture of southern fling with a modern twist.,2021-07-22 22:42:18,0
userid_804,businessref_94,Great ethnic home cooked food. But don't be in a hurry. It is a one-man show and service can be slow if it is busy.,"February 26, 2013 at 05:58 PM",0
userid_1428,businessref_96,Special nose and tail dinner,2013-06-18 23:19:20,0
userid_721,businessref_8,"Use my Uber promo code, E2GNQ, and get $30 off your first Uber ride. Redeem it at http://t.co/TnzoUGV01y #uber #uberride","22 Jun 2014, 20:39",0
userid_1520,businessref_16,Wicked Wednesday,2011-09-15 01:31:03,0
userid_1126,businessref_82,"Good avocado veggie wrap. Also, good music.","September 08, 2013 at 06:07 PM",0
userid_883,businessref_6,Great coffee!,"31 Aug 2012, 17:08",0
userid_1520,businessref_16,$2 pints amazing!,2011-09-14 03:52:15,0
userid_1033,businessref_82,This place is great! Walked a mile to get here and it was well worth it. I got the omelet and it was fantastic. Very friendly staff as well.,"August 10, 2013 at 05:40 PM",0
userid_586,businessref_36,Great place! I try to come at least once a week.,"January 01, 2017 at 08:30 PM",0
userid_1442,businessref_94,Tried two different gulash dishes. Both were excellent. Kid 1 enjoyed his hot dogs and ate more than ever. Kid 2 had a sub which was also enjoyed. We were servers delicious samples upon arrival and the service had a family touch. Small store was fun to browse. The highlight was the black currant juice that I took home.,2015-02-14 22:53:41,0
,businessref_85,Try another location if you're trying to order delivery at night.,"January 15, 2018 at 05:37 PM",0
userid_263,businessref_36,Very tasty... never gets old! Great service.,2021-09-01 03:56:58,0
userid_238,businessref_86,So good! Obsessed.. tried a few different things...,"23 Jun 2019, 22:34",0
,businessref_46,Love the food and atmosphere. One of my favorite places to eat. Friendly staff.,"02 Jun 2019, 16:30",0
userid_1450,businessref_51,Very welcoming and pleasant place! Very helpful staff - highly recommended!,"July 07, 2017 at 02:32 AM",0
userid_698,businessref_46,Great great great place. The service is amazing as is the food!!!,2016-04-13 23:04:35,0
,businessref_46,"Great food and atmosphere.
The staff at the loop was outstanding.","29 Jul 2019, 01:51",0
,businessref_46,Never disappoints!,"12 Jan 2020, 18:18",0
userid_1513,businessref_94,"It's easy to miss, look for the deck store sign.","25 Sep 2012, 21:04",0
userid_1752,businessref_8,Use code D2QFT to receive $20 off your first ride!,2014-02-02 13:05:56,0
userid_515,businessref_8,"$20 off on your first ride 
Promo code, lvjln","June 19, 2014 at 01:35 AM",0
userid_1262,businessref_6,45 minutes for one damn pizza.,2016-04-17 00:09:40,0
,businessref_82,Excellent,2019-05-07 14:17:17,0
,businessref_82,Delicious shrimp and grits!,"16 Aug 2014, 17:17",0
userid_290,businessref_77,Bed bugs! Stay away from this wretched place.,"13 Aug 2013, 19:30",0
userid_55,businessref_46,Best BBQ in Missouri... and this is coming from a KC guy. Just sayin...,"June 30, 2019 at 09:34 PM",0
userid_893,businessref_46,Smell better than taste,"26 Apr 2015, 22:13",0
userid_268,businessref_46,Get the burn ends toasted ravs!,"25 Dec 2019, 21:44",0
userid_1695,businessref_82,Great burger and the fries were delicious as well. This is.ky.new.favorite spot on S. St West. The atmpshere is great and the service is on point. Can't wait to check out the rest of the.menu!,2014-01-27 01:14:27,0
userid_969,businessref_46,Great bbq!,"16 Oct 2015, 02:45",0
userid_1159,businessref_8,When you are in the suburbs try uberX and save money. Here is a $20 off code for your first ride: MFIZ7,2014-04-21 21:35:07,0
userid_979,businessref_46,"Love some trashed wings with a side of popover, so good","December 17, 2019 at 07:35 PM",0
userid_1105,businessref_57,Do not hire this company.,2017-09-04 21:03:52,0
userid_617,businessref_60,My favorite.  It's the better organized of all the WalMarts in the area.,"June 30, 2019 at 12:50 PM",0
userid_117,businessref_46,Best. Food. Ever. Also get the Dirty Bastard.,"March 09, 2016 at 01:20 AM",0
userid_979,businessref_46,"Love some trashed wings with a side of popover, so go","March 21, 2020 at 01:31 AM",0
,businessref_27,This place is trash... never again...,"July 18, 2021 at 04:27 AM",0
userid_10,businessref_8,Sign up and get $20 off your first uber ride! https://uber.com/invite/uberFREE20UBER,"22 Feb 2014, 04:34",0
,businessref_36,Best banh mi sandwiches!! And pho is awesome,"29 Jan 2017, 02:34",0
