l_orderkey,l_linenumber,l_quantity,l_extendedprice,l_discount,l_tax,l_shipmode,l_shipinstruct,p_name,p_type,p_brand,s_name,supplier_nation,supplier_region,ps_supplycost,ps_availqty,context_custkey,c_name,c_mktsegment,c_acctbal
4871,2,17.00,28964.60,0.07,0.03,AIR,DELIVER IN PERSON,brown navy tan salmon honeydew,SMALL ANODIZED TIN,"Brand#52","Supplier#000000038",EGYPT,MIDDLE EAST,464.32,6113,4,"Customer#000000004",MACHINERY,2866.83
4871,2,17.00,28964.60,0.07,0.03,AIR,DELIVER IN PERSON,brown navy tan salmon honeydew,SMALL ANODIZED TIN,"Brand#52","Supplier#000000038",EGYPT,MIDDLE EAST,464.32,6113,7,"Customer#000000007",AUTOMOBILE,9561.95
4871,2,17.00,28964.60,0.07,0.03,AIR,DELIVER IN PERSON,brown navy tan salmon honeydew,SMALL ANODIZED TIN,"Brand#52","Supplier#000000038",EGYPT,MIDDLE EAST,464.32,6113,30,"Customer#000000030",BUILDING,9321.01
4871,2,17.00,28964.60,0.07,0.03,AIR,DELIVER IN PERSON,brown navy tan salmon honeydew,SMALL ANODIZED TIN,"Brand#52","Supplier#000000038",EGYPT,MIDDLE EAST,464.32,6113,57,"Customer#000000057",AUTOMOBILE,4151.93
4871,2,17.00,28964.60,0.07,0.03,AIR,DELIVER IN PERSON,brown navy tan salmon honeydew,SMALL ANODIZED TIN,"Brand#52","Supplier#000000038",EGYPT,MIDDLE EAST,464.32,6113,105,"Customer#000000105",MACHINERY,9091.82
4871,2,17.00,28964.60,0.07,0.03,AIR,DELIVER IN PERSON,brown navy tan salmon honeydew,SMALL ANODIZED TIN,"Brand#52","Supplier#000000038",EGYPT,MIDDLE EAST,464.32,6113,139,"Customer#000000139",MACHINERY,7897.78
4871,2,17.00,28964.60,0.07,0.03,AIR,DELIVER IN PERSON,brown navy tan salmon honeydew,SMALL ANODIZED TIN,"Brand#52","Supplier#000000038",EGYPT,MIDDLE EAST,464.32,6113,143,"Customer#000000143",MACHINERY,2186.50
4871,2,17.00,28964.60,0.07,0.03,AIR,DELIVER IN PERSON,brown navy tan salmon honeydew,SMALL ANODIZED TIN,"Brand#52","Supplier#000000038",EGYPT,MIDDLE EAST,464.32,6113,144,"Customer#000000144",MACHINERY,6417.31
4871,2,17.00,28964.60,0.07,0.03,AIR,DELIVER IN PERSON,brown navy tan salmon honeydew,SMALL ANODIZED TIN,"Brand#52","Supplier#000000038",EGYPT,MIDDLE EAST,464.32,6113,157,"Customer#000000157",BUILDING,9768.73
4871,2,17.00,28964.60,0.07,0.03,AIR,DELIVER IN PERSON,brown navy tan salmon honeydew,SMALL ANODIZED TIN,"Brand#52","Supplier#000000038",EGYPT,MIDDLE EAST,464.32,6113,161,"Customer#000000161",MACHINERY,3714.06
4871,2,17.00,28964.60,0.07,0.03,AIR,DELIVER IN PERSON,brown navy tan salmon honeydew,SMALL ANODIZED TIN,"Brand#52","Supplier#000000038",EGYPT,MIDDLE EAST,464.32,6113,162,"Customer#000000162",MACHINERY,6268.99
4871,2,17.00,28964.60,0.07,0.03,AIR,DELIVER IN PERSON,brown navy tan salmon honeydew,SMALL ANODIZED TIN,"Brand#52","Supplier#000000038",EGYPT,MIDDLE EAST,464.32,6113,195,"Customer#000000195",AUTOMOBILE,4873.91
4871,2,17.00,28964.60,0.07,0.03,AIR,DELIVER IN PERSON,brown navy tan salmon honeydew,SMALL ANODIZED TIN,"Brand#52","Supplier#000000038",EGYPT,MIDDLE EAST,464.32,6113,203,"Customer#000000203",MACHINERY,7960.63
4871,2,17.00,28964.60,0.07,0.03,AIR,DELIVER IN PERSON,brown navy tan salmon honeydew,SMALL ANODIZED TIN,"Brand#52","Supplier#000000038",EGYPT,MIDDLE EAST,464.32,6113,219,"Customer#000000219",AUTOMOBILE,9858.57
4871,2,17.00,28964.60,0.07,0.03,AIR,DELIVER IN PERSON,brown navy tan salmon honeydew,SMALL ANODIZED TIN,"Brand#52","Supplier#000000038",EGYPT,MIDDLE EAST,464.32,6113,221,"Customer#000000221",BUILDING,1609.39
4871,2,17.00,28964.60,0.07,0.03,AIR,DELIVER IN PERSON,brown navy tan salmon honeydew,SMALL ANODIZED TIN,"Brand#52","Supplier#000000038",EGYPT,MIDDLE EAST,464.32,6113,236,"Customer#000000236",AUTOMOBILE,5384.59
4871,2,17.00,28964.60,0.07,0.03,AIR,DELIVER IN PERSON,brown navy tan salmon honeydew,SMALL ANODIZED TIN,"Brand#52","Supplier#000000038",EGYPT,MIDDLE EAST,464.32,6113,258,"Customer#000000258",MACHINERY,6022.27
4871,2,17.00,28964.60,0.07,0.03,AIR,DELIVER IN PERSON,brown navy tan salmon honeydew,SMALL ANODIZED TIN,"Brand#52","Supplier#000000038",EGYPT,MIDDLE EAST,464.32,6113,265,"Customer#000000265",MACHINERY,8275.80
4871,2,17.00,28964.60,0.07,0.03,AIR,DELIVER IN PERSON,brown navy tan salmon honeydew,SMALL ANODIZED TIN,"Brand#52","Supplier#000000038",EGYPT,MIDDLE EAST,464.32,6113,287,"Customer#000000287",MACHINERY,1734.18
4871,2,17.00,28964.60,0.07,0.03,AIR,DELIVER IN PERSON,brown navy tan salmon honeydew,SMALL ANODIZED TIN,"Brand#52","Supplier#000000038",EGYPT,MIDDLE EAST,464.32,6113,290,"Customer#000000290",MACHINERY,1811.35
4871,2,17.00,28964.60,0.07,0.03,AIR,DELIVER IN PERSON,brown navy tan salmon honeydew,SMALL ANODIZED TIN,"Brand#52","Supplier#000000038",EGYPT,MIDDLE EAST,464.32,6113,304,"Customer#000000304",MACHINERY,9217.55
4871,2,17.00,28964.60,0.07,0.03,AIR,DELIVER IN PERSON,brown navy tan salmon honeydew,SMALL ANODIZED TIN,"Brand#52","Supplier#000000038",EGYPT,MIDDLE EAST,464.32,6113,316,"Customer#000000316",MACHINERY,4571.78
4871,2,17.00,28964.60,0.07,0.03,AIR,DELIVER IN PERSON,brown navy tan salmon honeydew,SMALL ANODIZED TIN,"Brand#52","Supplier#000000038",EGYPT,MIDDLE EAST,464.32,6113,327,"Customer#000000327",MACHINERY,8762.16
4871,2,17.00,28964.60,0.07,0.03,AIR,DELIVER IN PERSON,brown navy tan salmon honeydew,SMALL ANODIZED TIN,"Brand#52","Supplier#000000038",EGYPT,MIDDLE EAST,464.32,6113,373,"Customer#000000373",MACHINERY,2354.06
4871,2,17.00,28964.60,0.07,0.03,AIR,DELIVER IN PERSON,brown navy tan salmon honeydew,SMALL ANODIZED TIN,"Brand#52","Supplier#000000038",EGYPT,MIDDLE EAST,464.32,6113,374,"Customer#000000374",AUTOMOBILE,6718.78
4871,2,17.00,28964.60,0.07,0.03,AIR,DELIVER IN PERSON,brown navy tan salmon honeydew,SMALL ANODIZED TIN,"Brand#52","Supplier#000000038",EGYPT,MIDDLE EAST,464.32,6113,378,"Customer#000000378",BUILDING,5718.05
4871,2,17.00,28964.60,0.07,0.03,AIR,DELIVER IN PERSON,brown navy tan salmon honeydew,SMALL ANODIZED TIN,"Brand#52","Supplier#000000038",EGYPT,MIDDLE EAST,464.32,6113,407,"Customer#000000407",MACHINERY,9537.08
4871,2,17.00,28964.60,0.07,0.03,AIR,DELIVER IN PERSON,brown navy tan salmon honeydew,SMALL ANODIZED TIN,"Brand#52","Supplier#000000038",EGYPT,MIDDLE EAST,464.32,6113,427,"Customer#000000427",MACHINERY,4376.80
4871,2,17.00,28964.60,0.07,0.03,AIR,DELIVER IN PERSON,brown navy tan salmon honeydew,SMALL ANODIZED TIN,"Brand#52","Supplier#000000038",EGYPT,MIDDLE EAST,464.32,6113,435,"Customer#000000435",MACHINERY,6217.46
4871,2,17.00,28964.60,0.07,0.03,AIR,DELIVER IN PERSON,brown navy tan salmon honeydew,SMALL ANODIZED TIN,"Brand#52","Supplier#000000038",EGYPT,MIDDLE EAST,464.32,6113,474,"Customer#000000474",MACHINERY,9165.47
4871,2,17.00,28964.60,0.07,0.03,AIR,DELIVER IN PERSON,brown navy tan salmon honeydew,SMALL ANODIZED TIN,"Brand#52","Supplier#000000038",EGYPT,MIDDLE EAST,464.32,6113,564,"Customer#000000564",MACHINERY,6307.59
4871,2,17.00,28964.60,0.07,0.03,AIR,DELIVER IN PERSON,brown navy tan salmon honeydew,SMALL ANODIZED TIN,"Brand#52","Supplier#000000038",EGYPT,MIDDLE EAST,464.32,6113,567,"Customer#000000567",BUILDING,8475.17
4871,2,17.00,28964.60,0.07,0.03,AIR,DELIVER IN PERSON,brown navy tan salmon honeydew,SMALL ANODIZED TIN,"Brand#52","Supplier#000000038",EGYPT,MIDDLE EAST,464.32,6113,585,"Customer#000000585",MACHINERY,7820.26
4871,2,17.00,28964.60,0.07,0.03,AIR,DELIVER IN PERSON,brown navy tan salmon honeydew,SMALL ANODIZED TIN,"Brand#52","Supplier#000000038",EGYPT,MIDDLE EAST,464.32,6113,606,"Customer#000000606",AUTOMOBILE,9676.98
4871,2,17.00,28964.60,0.07,0.03,AIR,DELIVER IN PERSON,brown navy tan salmon honeydew,SMALL ANODIZED TIN,"Brand#52","Supplier#000000038",EGYPT,MIDDLE EAST,464.32,6113,610,"Customer#000000610",BUILDING,3374.92
4871,2,17.00,28964.60,0.07,0.03,AIR,DELIVER IN PERSON,brown navy tan salmon honeydew,SMALL ANODIZED TIN,"Brand#52","Supplier#000000038",EGYPT,MIDDLE EAST,464.32,6113,631,"Customer#000000631",MACHINERY,2603.00
4871,2,17.00,28964.60,0.07,0.03,AIR,DELIVER IN PERSON,brown navy tan salmon honeydew,SMALL ANODIZED TIN,"Brand#52","Supplier#000000038",EGYPT,MIDDLE EAST,464.32,6113,639,"Customer#000000639",MACHINERY,4899.15
4871,2,17.00,28964.60,0.07,0.03,AIR,DELIVER IN PERSON,brown navy tan salmon honeydew,SMALL ANODIZED TIN,"Brand#52","Supplier#000000038",EGYPT,MIDDLE EAST,464.32,6113,662,"Customer#000000662",BUILDING,4517.33
4871,2,17.00,28964.60,0.07,0.03,AIR,DELIVER IN PERSON,brown navy tan salmon honeydew,SMALL ANODIZED TIN,"Brand#52","Supplier#000000038",EGYPT,MIDDLE EAST,464.32,6113,669,"Customer#000000669",MACHINERY,6019.20
4871,2,17.00,28964.60,0.07,0.03,AIR,DELIVER IN PERSON,brown navy tan salmon honeydew,SMALL ANODIZED TIN,"Brand#52","Supplier#000000038",EGYPT,MIDDLE EAST,464.32,6113,673,"Customer#000000673",MACHINERY,3942.58
4871,2,17.00,28964.60,0.07,0.03,AIR,DELIVER IN PERSON,brown navy tan salmon honeydew,SMALL ANODIZED TIN,"Brand#52","Supplier#000000038",EGYPT,MIDDLE EAST,464.32,6113,685,"Customer#000000685",MACHINERY,2039.84
4871,2,17.00,28964.60,0.07,0.03,AIR,DELIVER IN PERSON,brown navy tan salmon honeydew,SMALL ANODIZED TIN,"Brand#52","Supplier#000000038",EGYPT,MIDDLE EAST,464.32,6113,689,"Customer#000000689",MACHINERY,1481.24
4871,2,17.00,28964.60,0.07,0.03,AIR,DELIVER IN PERSON,brown navy tan salmon honeydew,SMALL ANODIZED TIN,"Brand#52","Supplier#000000038",EGYPT,MIDDLE EAST,464.32,6113,740,"Customer#000000740",BUILDING,1733.76
4871,2,17.00,28964.60,0.07,0.03,AIR,DELIVER IN PERSON,brown navy tan salmon honeydew,SMALL ANODIZED TIN,"Brand#52","Supplier#000000038",EGYPT,MIDDLE EAST,464.32,6113,746,"Customer#000000746",MACHINERY,1164.46
29381,4,18.00,21749.40,0.08,0.01,REG AIR,DELIVER IN PERSON,olive ivory turquoise sienna wheat,STANDARD BURNISHED BRASS,"Brand#21","Supplier#000000013",CANADA,AMERICA,835.30,3473,4,"Customer#000000004",MACHINERY,2866.83
29381,4,18.00,21749.40,0.08,0.01,REG AIR,DELIVER IN PERSON,olive ivory turquoise sienna wheat,STANDARD BURNISHED BRASS,"Brand#21","Supplier#000000013",CANADA,AMERICA,835.30,3473,7,"Customer#000000007",AUTOMOBILE,9561.95
29381,4,18.00,21749.40,0.08,0.01,REG AIR,DELIVER IN PERSON,olive ivory turquoise sienna wheat,STANDARD BURNISHED BRASS,"Brand#21","Supplier#000000013",CANADA,AMERICA,835.30,3473,30,"Customer#000000030",BUILDING,9321.01
29381,4,18.00,21749.40,0.08,0.01,REG AIR,DELIVER IN PERSON,olive ivory turquoise sienna wheat,STANDARD BURNISHED BRASS,"Brand#21","Supplier#000000013",CANADA,AMERICA,835.30,3473,57,"Customer#000000057",AUTOMOBILE,4151.93
29381,4,18.00,21749.40,0.08,0.01,REG AIR,DELIVER IN PERSON,olive ivory turquoise sienna wheat,STANDARD BURNISHED BRASS,"Brand#21","Supplier#000000013",CANADA,AMERICA,835.30,3473,105,"Customer#000000105",MACHINERY,9091.82
29381,4,18.00,21749.40,0.08,0.01,REG AIR,DELIVER IN PERSON,olive ivory turquoise sienna wheat,STANDARD BURNISHED BRASS,"Brand#21","Supplier#000000013",CANADA,AMERICA,835.30,3473,139,"Customer#000000139",MACHINERY,7897.78
29381,4,18.00,21749.40,0.08,0.01,REG AIR,DELIVER IN PERSON,olive ivory turquoise sienna wheat,STANDARD BURNISHED BRASS,"Brand#21","Supplier#000000013",CANADA,AMERICA,835.30,3473,143,"Customer#000000143",MACHINERY,2186.50
29381,4,18.00,21749.40,0.08,0.01,REG AIR,DELIVER IN PERSON,olive ivory turquoise sienna wheat,STANDARD BURNISHED BRASS,"Brand#21","Supplier#000000013",CANADA,AMERICA,835.30,3473,144,"Customer#000000144",MACHINERY,6417.31
29381,4,18.00,21749.40,0.08,0.01,REG AIR,DELIVER IN PERSON,olive ivory turquoise sienna wheat,STANDARD BURNISHED BRASS,"Brand#21","Supplier#000000013",CANADA,AMERICA,835.30,3473,157,"Customer#000000157",BUILDING,9768.73
29381,4,18.00,21749.40,0.08,0.01,REG AIR,DELIVER IN PERSON,olive ivory turquoise sienna wheat,STANDARD BURNISHED BRASS,"Brand#21","Supplier#000000013",CANADA,AMERICA,835.30,3473,161,"Customer#000000161",MACHINERY,3714.06
29381,4,18.00,21749.40,0.08,0.01,REG AIR,DELIVER IN PERSON,olive ivory turquoise sienna wheat,STANDARD BURNISHED BRASS,"Brand#21","Supplier#000000013",CANADA,AMERICA,835.30,3473,162,"Customer#000000162",MACHINERY,6268.99
29381,4,18.00,21749.40,0.08,0.01,REG AIR,DELIVER IN PERSON,olive ivory turquoise sienna wheat,STANDARD BURNISHED BRASS,"Brand#21","Supplier#000000013",CANADA,AMERICA,835.30,3473,195,"Customer#000000195",AUTOMOBILE,4873.91
29381,4,18.00,21749.40,0.08,0.01,REG AIR,DELIVER IN PERSON,olive ivory turquoise sienna wheat,STANDARD BURNISHED BRASS,"Brand#21","Supplier#000000013",CANADA,AMERICA,835.30,3473,203,"Customer#000000203",MACHINERY,7960.63
29381,4,18.00,21749.40,0.08,0.01,REG AIR,DELIVER IN PERSON,olive ivory turquoise sienna wheat,STANDARD BURNISHED BRASS,"Brand#21","Supplier#000000013",CANADA,AMERICA,835.30,3473,219,"Customer#000000219",AUTOMOBILE,9858.57
29381,4,18.00,21749.40,0.08,0.01,REG AIR,DELIVER IN PERSON,olive ivory turquoise sienna wheat,STANDARD BURNISHED BRASS,"Brand#21","Supplier#000000013",CANADA,AMERICA,835.30,3473,221,"Customer#000000221",BUILDING,1609.39
29381,4,18.00,21749.40,0.08,0.01,REG AIR,DELIVER IN PERSON,olive ivory turquoise sienna wheat,STANDARD BURNISHED BRASS,"Brand#21","Supplier#000000013",CANADA,AMERICA,835.30,3473,236,"Customer#000000236",AUTOMOBILE,5384.59
29381,4,18.00,21749.40,0.08,0.01,REG AIR,DELIVER IN PERSON,olive ivory turquoise sienna wheat,STANDARD BURNISHED BRASS,"Brand#21","Supplier#000000013",CANADA,AMERICA,835.30,3473,258,"Customer#000000258",MACHINERY,6022.27
29381,4,18.00,21749.40,0.08,0.01,REG AIR,DELIVER IN PERSON,olive ivory turquoise sienna wheat,STANDARD BURNISHED BRASS,"Brand#21","Supplier#000000013",CANADA,AMERICA,835.30,3473,265,"Customer#000000265",MACHINERY,8275.80
29381,4,18.00,21749.40,0.08,0.01,REG AIR,DELIVER IN PERSON,olive ivory turquoise sienna wheat,STANDARD BURNISHED BRASS,"Brand#21","Supplier#000000013",CANADA,AMERICA,835.30,3473,287,"Customer#000000287",MACHINERY,1734.18
29381,4,18.00,21749.40,0.08,0.01,REG AIR,DELIVER IN PERSON,olive ivory turquoise sienna wheat,STANDARD BURNISHED BRASS,"Brand#21","Supplier#000000013",CANADA,AMERICA,835.30,3473,290,"Customer#000000290",MACHINERY,1811.35
29381,4,18.00,21749.40,0.08,0.01,REG AIR,DELIVER IN PERSON,olive ivory turquoise sienna wheat,STANDARD BURNISHED BRASS,"Brand#21","Supplier#000000013",CANADA,AMERICA,835.30,3473,304,"Customer#000000304",MACHINERY,9217.55
29381,4,18.00,21749.40,0.08,0.01,REG AIR,DELIVER IN PERSON,olive ivory turquoise sienna wheat,STANDARD BURNISHED BRASS,"Brand#21","Supplier#000000013",CANADA,AMERICA,835.30,3473,316,"Customer#000000316",MACHINERY,4571.78
29381,4,18.00,21749.40,0.08,0.01,REG AIR,DELIVER IN PERSON,olive ivory turquoise sienna wheat,STANDARD BURNISHED BRASS,"Brand#21","Supplier#000000013",CANADA,AMERICA,835.30,3473,327,"Customer#000000327",MACHINERY,8762.16
29381,4,18.00,21749.40,0.08,0.01,REG AIR,DELIVER IN PERSON,olive ivory turquoise sienna wheat,STANDARD BURNISHED BRASS,"Brand#21","Supplier#000000013",CANADA,AMERICA,835.30,3473,373,"Customer#000000373",MACHINERY,2354.06
29381,4,18.00,21749.40,0.08,0.01,REG AIR,DELIVER IN PERSON,olive ivory turquoise sienna wheat,STANDARD BURNISHED BRASS,"Brand#21","Supplier#000000013",CANADA,AMERICA,835.30,3473,374,"Customer#000000374",AUTOMOBILE,6718.78
29381,4,18.00,21749.40,0.08,0.01,REG AIR,DELIVER IN PERSON,olive ivory turquoise sienna wheat,STANDARD BURNISHED BRASS,"Brand#21","Supplier#000000013",CANADA,AMERICA,835.30,3473,378,"Customer#000000378",BUILDING,5718.05
29381,4,18.00,21749.40,0.08,0.01,REG AIR,DELIVER IN PERSON,olive ivory turquoise sienna wheat,STANDARD BURNISHED BRASS,"Brand#21","Supplier#000000013",CANADA,AMERICA,835.30,3473,407,"Customer#000000407",MACHINERY,9537.08
29381,4,18.00,21749.40,0.08,0.01,REG AIR,DELIVER IN PERSON,olive ivory turquoise sienna wheat,STANDARD BURNISHED BRASS,"Brand#21","Supplier#000000013",CANADA,AMERICA,835.30,3473,427,"Customer#000000427",MACHINERY,4376.80
29381,4,18.00,21749.40,0.08,0.01,REG AIR,DELIVER IN PERSON,olive ivory turquoise sienna wheat,STANDARD BURNISHED BRASS,"Brand#21","Supplier#000000013",CANADA,AMERICA,835.30,3473,435,"Customer#000000435",MACHINERY,6217.46
29381,4,18.00,21749.40,0.08,0.01,REG AIR,DELIVER IN PERSON,olive ivory turquoise sienna wheat,STANDARD BURNISHED BRASS,"Brand#21","Supplier#000000013",CANADA,AMERICA,835.30,3473,474,"Customer#000000474",MACHINERY,9165.47
29381,4,18.00,21749.40,0.08,0.01,REG AIR,DELIVER IN PERSON,olive ivory turquoise sienna wheat,STANDARD BURNISHED BRASS,"Brand#21","Supplier#000000013",CANADA,AMERICA,835.30,3473,564,"Customer#000000564",MACHINERY,6307.59
29381,4,18.00,21749.40,0.08,0.01,REG AIR,DELIVER IN PERSON,olive ivory turquoise sienna wheat,STANDARD BURNISHED BRASS,"Brand#21","Supplier#000000013",CANADA,AMERICA,835.30,3473,567,"Customer#000000567",BUILDING,8475.17
29381,4,18.00,21749.40,0.08,0.01,REG AIR,DELIVER IN PERSON,olive ivory turquoise sienna wheat,STANDARD BURNISHED BRASS,"Brand#21","Supplier#000000013",CANADA,AMERICA,835.30,3473,585,"Customer#000000585",MACHINERY,7820.26
29381,4,18.00,21749.40,0.08,0.01,REG AIR,DELIVER IN PERSON,olive ivory turquoise sienna wheat,STANDARD BURNISHED BRASS,"Brand#21","Supplier#000000013",CANADA,AMERICA,835.30,3473,606,"Customer#000000606",AUTOMOBILE,9676.98
29381,4,18.00,21749.40,0.08,0.01,REG AIR,DELIVER IN PERSON,olive ivory turquoise sienna wheat,STANDARD BURNISHED BRASS,"Brand#21","Supplier#000000013",CANADA,AMERICA,835.30,3473,610,"Customer#000000610",BUILDING,3374.92
29381,4,18.00,21749.40,0.08,0.01,REG AIR,DELIVER IN PERSON,olive ivory turquoise sienna wheat,STANDARD BURNISHED BRASS,"Brand#21","Supplier#000000013",CANADA,AMERICA,835.30,3473,631,"Customer#000000631",MACHINERY,2603.00
29381,4,18.00,21749.40,0.08,0.01,REG AIR,DELIVER IN PERSON,olive ivory turquoise sienna wheat,STANDARD BURNISHED BRASS,"Brand#21","Supplier#000000013",CANADA,AMERICA,835.30,3473,639,"Customer#000000639",MACHINERY,4899.15
29381,4,18.00,21749.40,0.08,0.01,REG AIR,DELIVER IN PERSON,olive ivory turquoise sienna wheat,STANDARD BURNISHED BRASS,"Brand#21","Supplier#000000013",CANADA,AMERICA,835.30,3473,662,"Customer#000000662",BUILDING,4517.33
29381,4,18.00,21749.40,0.08,0.01,REG AIR,DELIVER IN PERSON,olive ivory turquoise sienna wheat,STANDARD BURNISHED BRASS,"Brand#21","Supplier#000000013",CANADA,AMERICA,835.30,3473,669,"Customer#000000669",MACHINERY,6019.20
29381,4,18.00,21749.40,0.08,0.01,REG AIR,DELIVER IN PERSON,olive ivory turquoise sienna wheat,STANDARD BURNISHED BRASS,"Brand#21","Supplier#000000013",CANADA,AMERICA,835.30,3473,673,"Customer#000000673",MACHINERY,3942.58
29381,4,18.00,21749.40,0.08,0.01,REG AIR,DELIVER IN PERSON,olive ivory turquoise sienna wheat,STANDARD BURNISHED BRASS,"Brand#21","Supplier#000000013",CANADA,AMERICA,835.30,3473,685,"Customer#000000685",MACHINERY,2039.84
29381,4,18.00,21749.40,0.08,0.01,REG AIR,DELIVER IN PERSON,olive ivory turquoise sienna wheat,STANDARD BURNISHED BRASS,"Brand#21","Supplier#000000013",CANADA,AMERICA,835.30,3473,689,"Customer#000000689",MACHINERY,1481.24
29381,4,18.00,21749.40,0.08,0.01,REG AIR,DELIVER IN PERSON,olive ivory turquoise sienna wheat,STANDARD BURNISHED BRASS,"Brand#21","Supplier#000000013",CANADA,AMERICA,835.30,3473,740,"Customer#000000740",BUILDING,1733.76
29381,4,18.00,21749.40,0.08,0.01,REG AIR,DELIVER IN PERSON,olive ivory turquoise sienna wheat,STANDARD BURNISHED BRASS,"Brand#21","Supplier#000000013",CANADA,AMERICA,835.30,3473,746,"Customer#000000746",MACHINERY,1164.46
12069,5,21.00,33866.91,0.08,0.07,REG AIR,DELIVER IN PERSON,blanched rose royal tomato hot,ECONOMY BRUSHED COPPER,"Brand#33","Supplier#000000015",INDIA,ASIA,799.85,4688,4,"Customer#000000004",MACHINERY,2866.83
12069,5,21.00,33866.91,0.08,0.07,REG AIR,DELIVER IN PERSON,blanched rose royal tomato hot,ECONOMY BRUSHED COPPER,"Brand#33","Supplier#000000015",INDIA,ASIA,799.85,4688,7,"Customer#000000007",AUTOMOBILE,9561.95
12069,5,21.00,33866.91,0.08,0.07,REG AIR,DELIVER IN PERSON,blanched rose royal tomato hot,ECONOMY BRUSHED COPPER,"Brand#33","Supplier#000000015",INDIA,ASIA,799.85,4688,30,"Customer#000000030",BUILDING,9321.01
12069,5,21.00,33866.91,0.08,0.07,REG AIR,DELIVER IN PERSON,blanched rose royal tomato hot,ECONOMY BRUSHED COPPER,"Brand#33","Supplier#000000015",INDIA,ASIA,799.85,4688,57,"Customer#000000057",AUTOMOBILE,4151.93
12069,5,21.00,33866.91,0.08,0.07,REG AIR,DELIVER IN PERSON,blanched rose royal tomato hot,ECONOMY BRUSHED COPPER,"Brand#33","Supplier#000000015",INDIA,ASIA,799.85,4688,105,"Customer#000000105",MACHINERY,9091.82
12069,5,21.00,33866.91,0.08,0.07,REG AIR,DELIVER IN PERSON,blanched rose royal tomato hot,ECONOMY BRUSHED COPPER,"Brand#33","Supplier#000000015",INDIA,ASIA,799.85,4688,139,"Customer#000000139",MACHINERY,7897.78
12069,5,21.00,33866.91,0.08,0.07,REG AIR,DELIVER IN PERSON,blanched rose royal tomato hot,ECONOMY BRUSHED COPPER,"Brand#33","Supplier#000000015",INDIA,ASIA,799.85,4688,143,"Customer#000000143",MACHINERY,2186.50
12069,5,21.00,33866.91,0.08,0.07,REG AIR,DELIVER IN PERSON,blanched rose royal tomato hot,ECONOMY BRUSHED COPPER,"Brand#33","Supplier#000000015",INDIA,ASIA,799.85,4688,144,"Customer#000000144",MACHINERY,6417.31
12069,5,21.00,33866.91,0.08,0.07,REG AIR,DELIVER IN PERSON,blanched rose royal tomato hot,ECONOMY BRUSHED COPPER,"Brand#33","Supplier#000000015",INDIA,ASIA,799.85,4688,157,"Customer#000000157",BUILDING,9768.73
12069,5,21.00,33866.91,0.08,0.07,REG AIR,DELIVER IN PERSON,blanched rose royal tomato hot,ECONOMY BRUSHED COPPER,"Brand#33","Supplier#000000015",INDIA,ASIA,799.85,4688,161,"Customer#000000161",MACHINERY,3714.06
12069,5,21.00,33866.91,0.08,0.07,REG AIR,DELIVER IN PERSON,blanched rose royal tomato hot,ECONOMY BRUSHED COPPER,"Brand#33","Supplier#000000015",INDIA,ASIA,799.85,4688,162,"Customer#000000162",MACHINERY,6268.99
12069,5,21.00,33866.91,0.08,0.07,REG AIR,DELIVER IN PERSON,blanched rose royal tomato hot,ECONOMY BRUSHED COPPER,"Brand#33","Supplier#000000015",INDIA,ASIA,799.85,4688,195,"Customer#000000195",AUTOMOBILE,4873.91
12069,5,21.00,33866.91,0.08,0.07,REG AIR,DELIVER IN PERSON,blanched rose royal tomato hot,ECONOMY BRUSHED COPPER,"Brand#33","Supplier#000000015",INDIA,ASIA,799.85,4688,203,"Customer#000000203",MACHINERY,7960.63
12069,5,21.00,33866.91,0.08,0.07,REG AIR,DELIVER IN PERSON,blanched rose royal tomato hot,ECONOMY BRUSHED COPPER,"Brand#33","Supplier#000000015",INDIA,ASIA,799.85,4688,219,"Customer#000000219",AUTOMOBILE,9858.57
12069,5,21.00,33866.91,0.08,0.07,REG AIR,DELIVER IN PERSON,blanched rose royal tomato hot,ECONOMY BRUSHED COPPER,"Brand#33","Supplier#000000015",INDIA,ASIA,799.85,4688,221,"Customer#000000221",BUILDING,1609.39
12069,5,21.00,33866.91,0.08,0.07,REG AIR,DELIVER IN PERSON,blanched rose royal tomato hot,ECONOMY BRUSHED COPPER,"Brand#33","Supplier#000000015",INDIA,ASIA,799.85,4688,236,"Customer#000000236",AUTOMOBILE,5384.59
12069,5,21.00,33866.91,0.08,0.07,REG AIR,DELIVER IN PERSON,blanched rose royal tomato hot,ECONOMY BRUSHED COPPER,"Brand#33","Supplier#000000015",INDIA,ASIA,799.85,4688,258,"Customer#000000258",MACHINERY,6022.27
12069,5,21.00,33866.91,0.08,0.07,REG AIR,DELIVER IN PERSON,blanched rose royal tomato hot,ECONOMY BRUSHED COPPER,"Brand#33","Supplier#000000015",INDIA,ASIA,799.85,4688,265,"Customer#000000265",MACHINERY,8275.80
12069,5,21.00,33866.91,0.08,0.07,REG AIR,DELIVER IN PERSON,blanched rose royal tomato hot,ECONOMY BRUSHED COPPER,"Brand#33","Supplier#000000015",INDIA,ASIA,799.85,4688,287,"Customer#000000287",MACHINERY,1734.18
12069,5,21.00,33866.91,0.08,0.07,REG AIR,DELIVER IN PERSON,blanched rose royal tomato hot,ECONOMY BRUSHED COPPER,"Brand#33","Supplier#000000015",INDIA,ASIA,799.85,4688,290,"Customer#000000290",MACHINERY,1811.35
12069,5,21.00,33866.91,0.08,0.07,REG AIR,DELIVER IN PERSON,blanched rose royal tomato hot,ECONOMY BRUSHED COPPER,"Brand#33","Supplier#000000015",INDIA,ASIA,799.85,4688,304,"Customer#000000304",MACHINERY,9217.55
12069,5,21.00,33866.91,0.08,0.07,REG AIR,DELIVER IN PERSON,blanched rose royal tomato hot,ECONOMY BRUSHED COPPER,"Brand#33","Supplier#000000015",INDIA,ASIA,799.85,4688,316,"Customer#000000316",MACHINERY,4571.78
12069,5,21.00,33866.91,0.08,0.07,REG AIR,DELIVER IN PERSON,blanched rose royal tomato hot,ECONOMY BRUSHED COPPER,"Brand#33","Supplier#000000015",INDIA,ASIA,799.85,4688,327,"Customer#000000327",MACHINERY,8762.16
12069,5,21.00,33866.91,0.08,0.07,REG AIR,DELIVER IN PERSON,blanched rose royal tomato hot,ECONOMY BRUSHED COPPER,"Brand#33","Supplier#000000015",INDIA,ASIA,799.85,4688,373,"Customer#000000373",MACHINERY,2354.06
12069,5,21.00,33866.91,0.08,0.07,REG AIR,DELIVER IN PERSON,blanched rose royal tomato hot,ECONOMY BRUSHED COPPER,"Brand#33","Supplier#000000015",INDIA,ASIA,799.85,4688,374,"Customer#000000374",AUTOMOBILE,6718.78
12069,5,21.00,33866.91,0.08,0.07,REG AIR,DELIVER IN PERSON,blanched rose royal tomato hot,ECONOMY BRUSHED COPPER,"Brand#33","Supplier#000000015",INDIA,ASIA,799.85,4688,378,"Customer#000000378",BUILDING,5718.05
12069,5,21.00,33866.91,0.08,0.07,REG AIR,DELIVER IN PERSON,blanched rose royal tomato hot,ECONOMY BRUSHED COPPER,"Brand#33","Supplier#000000015",INDIA,ASIA,799.85,4688,407,"Customer#000000407",MACHINERY,9537.08
12069,5,21.00,33866.91,0.08,0.07,REG AIR,DELIVER IN PERSON,blanched rose royal tomato hot,ECONOMY BRUSHED COPPER,"Brand#33","Supplier#000000015",INDIA,ASIA,799.85,4688,427,"Customer#000000427",MACHINERY,4376.80
12069,5,21.00,33866.91,0.08,0.07,REG AIR,DELIVER IN PERSON,blanched rose royal tomato hot,ECONOMY BRUSHED COPPER,"Brand#33","Supplier#000000015",INDIA,ASIA,799.85,4688,435,"Customer#000000435",MACHINERY,6217.46
12069,5,21.00,33866.91,0.08,0.07,REG AIR,DELIVER IN PERSON,blanched rose royal tomato hot,ECONOMY BRUSHED COPPER,"Brand#33","Supplier#000000015",INDIA,ASIA,799.85,4688,474,"Customer#000000474",MACHINERY,9165.47
12069,5,21.00,33866.91,0.08,0.07,REG AIR,DELIVER IN PERSON,blanched rose royal tomato hot,ECONOMY BRUSHED COPPER,"Brand#33","Supplier#000000015",INDIA,ASIA,799.85,4688,564,"Customer#000000564",MACHINERY,6307.59
12069,5,21.00,33866.91,0.08,0.07,REG AIR,DELIVER IN PERSON,blanched rose royal tomato hot,ECONOMY BRUSHED COPPER,"Brand#33","Supplier#000000015",INDIA,ASIA,799.85,4688,567,"Customer#000000567",BUILDING,8475.17
12069,5,21.00,33866.91,0.08,0.07,REG AIR,DELIVER IN PERSON,blanched rose royal tomato hot,ECONOMY BRUSHED COPPER,"Brand#33","Supplier#000000015",INDIA,ASIA,799.85,4688,585,"Customer#000000585",MACHINERY,7820.26
12069,5,21.00,33866.91,0.08,0.07,REG AIR,DELIVER IN PERSON,blanched rose royal tomato hot,ECONOMY BRUSHED COPPER,"Brand#33","Supplier#000000015",INDIA,ASIA,799.85,4688,606,"Customer#000000606",AUTOMOBILE,9676.98
12069,5,21.00,33866.91,0.08,0.07,REG AIR,DELIVER IN PERSON,blanched rose royal tomato hot,ECONOMY BRUSHED COPPER,"Brand#33","Supplier#000000015",INDIA,ASIA,799.85,4688,610,"Customer#000000610",BUILDING,3374.92
12069,5,21.00,33866.91,0.08,0.07,REG AIR,DELIVER IN PERSON,blanched rose royal tomato hot,ECONOMY BRUSHED COPPER,"Brand#33","Supplier#000000015",INDIA,ASIA,799.85,4688,631,"Customer#000000631",MACHINERY,2603.00
12069,5,21.00,33866.91,0.08,0.07,REG AIR,DELIVER IN PERSON,blanched rose royal tomato hot,ECONOMY BRUSHED COPPER,"Brand#33","Supplier#000000015",INDIA,ASIA,799.85,4688,639,"Customer#000000639",MACHINERY,4899.15
12069,5,21.00,33866.91,0.08,0.07,REG AIR,DELIVER IN PERSON,blanched rose royal tomato hot,ECONOMY BRUSHED COPPER,"Brand#33","Supplier#000000015",INDIA,ASIA,799.85,4688,662,"Customer#000000662",BUILDING,4517.33
12069,5,21.00,33866.91,0.08,0.07,REG AIR,DELIVER IN PERSON,blanched rose royal tomato hot,ECONOMY BRUSHED COPPER,"Brand#33","Supplier#000000015",INDIA,ASIA,799.85,4688,669,"Customer#000000669",MACHINERY,6019.20
12069,5,21.00,33866.91,0.08,0.07,REG AIR,DELIVER IN PERSON,blanched rose royal tomato hot,ECONOMY BRUSHED COPPER,"Brand#33","Supplier#000000015",INDIA,ASIA,799.85,4688,673,"Customer#000000673",MACHINERY,3942.58
12069,5,21.00,33866.91,0.08,0.07,REG AIR,DELIVER IN PERSON,blanched rose royal tomato hot,ECONOMY BRUSHED COPPER,"Brand#33","Supplier#000000015",INDIA,ASIA,799.85,4688,685,"Customer#000000685",MACHINERY,2039.84
12069,5,21.00,33866.91,0.08,0.07,REG AIR,DELIVER IN PERSON,blanched rose royal tomato hot,ECONOMY BRUSHED COPPER,"Brand#33","Supplier#000000015",INDIA,ASIA,799.85,4688,689,"Customer#000000689",MACHINERY,1481.24
12069,5,21.00,33866.91,0.08,0.07,REG AIR,DELIVER IN PERSON,blanched rose royal tomato hot,ECONOMY BRUSHED COPPER,"Brand#33","Supplier#000000015",INDIA,ASIA,799.85,4688,740,"Customer#000000740",BUILDING,1733.76
12069,5,21.00,33866.91,0.08,0.07,REG AIR,DELIVER IN PERSON,blanched rose royal tomato hot,ECONOMY BRUSHED COPPER,"Brand#33","Supplier#000000015",INDIA,ASIA,799.85,4688,746,"Customer#000000746",MACHINERY,1164.46
14822,1,23.00,41788.93,0.06,0.04,AIR,DELIVER IN PERSON,chartreuse tomato rose chocolate magenta,MEDIUM BURNISHED BRASS,"Brand#21","Supplier#000000007",UNITED KINGDOM,EUROPE,813.63,6981,4,"Customer#000000004",MACHINERY,2866.83
14822,1,23.00,41788.93,0.06,0.04,AIR,DELIVER IN PERSON,chartreuse tomato rose chocolate magenta,MEDIUM BURNISHED BRASS,"Brand#21","Supplier#000000007",UNITED KINGDOM,EUROPE,813.63,6981,7,"Customer#000000007",AUTOMOBILE,9561.95
14822,1,23.00,41788.93,0.06,0.04,AIR,DELIVER IN PERSON,chartreuse tomato rose chocolate magenta,MEDIUM BURNISHED BRASS,"Brand#21","Supplier#000000007",UNITED KINGDOM,EUROPE,813.63,6981,30,"Customer#000000030",BUILDING,9321.01
14822,1,23.00,41788.93,0.06,0.04,AIR,DELIVER IN PERSON,chartreuse tomato rose chocolate magenta,MEDIUM BURNISHED BRASS,"Brand#21","Supplier#000000007",UNITED KINGDOM,EUROPE,813.63,6981,57,"Customer#000000057",AUTOMOBILE,4151.93
14822,1,23.00,41788.93,0.06,0.04,AIR,DELIVER IN PERSON,chartreuse tomato rose chocolate magenta,MEDIUM BURNISHED BRASS,"Brand#21","Supplier#000000007",UNITED KINGDOM,EUROPE,813.63,6981,105,"Customer#000000105",MACHINERY,9091.82
14822,1,23.00,41788.93,0.06,0.04,AIR,DELIVER IN PERSON,chartreuse tomato rose chocolate magenta,MEDIUM BURNISHED BRASS,"Brand#21","Supplier#000000007",UNITED KINGDOM,EUROPE,813.63,6981,139,"Customer#000000139",MACHINERY,7897.78
14822,1,23.00,41788.93,0.06,0.04,AIR,DELIVER IN PERSON,chartreuse tomato rose chocolate magenta,MEDIUM BURNISHED BRASS,"Brand#21","Supplier#000000007",UNITED KINGDOM,EUROPE,813.63,6981,143,"Customer#000000143",MACHINERY,2186.50
14822,1,23.00,41788.93,0.06,0.04,AIR,DELIVER IN PERSON,chartreuse tomato rose chocolate magenta,MEDIUM BURNISHED BRASS,"Brand#21","Supplier#000000007",UNITED KINGDOM,EUROPE,813.63,6981,144,"Customer#000000144",MACHINERY,6417.31
14822,1,23.00,41788.93,0.06,0.04,AIR,DELIVER IN PERSON,chartreuse tomato rose chocolate magenta,MEDIUM BURNISHED BRASS,"Brand#21","Supplier#000000007",UNITED KINGDOM,EUROPE,813.63,6981,157,"Customer#000000157",BUILDING,9768.73
14822,1,23.00,41788.93,0.06,0.04,AIR,DELIVER IN PERSON,chartreuse tomato rose chocolate magenta,MEDIUM BURNISHED BRASS,"Brand#21","Supplier#000000007",UNITED KINGDOM,EUROPE,813.63,6981,161,"Customer#000000161",MACHINERY,3714.06
14822,1,23.00,41788.93,0.06,0.04,AIR,DELIVER IN PERSON,chartreuse tomato rose chocolate magenta,MEDIUM BURNISHED BRASS,"Brand#21","Supplier#000000007",UNITED KINGDOM,EUROPE,813.63,6981,162,"Customer#000000162",MACHINERY,6268.99
14822,1,23.00,41788.93,0.06,0.04,AIR,DELIVER IN PERSON,chartreuse tomato rose chocolate magenta,MEDIUM BURNISHED BRASS,"Brand#21","Supplier#000000007",UNITED KINGDOM,EUROPE,813.63,6981,195,"Customer#000000195",AUTOMOBILE,4873.91
14822,1,23.00,41788.93,0.06,0.04,AIR,DELIVER IN PERSON,chartreuse tomato rose chocolate magenta,MEDIUM BURNISHED BRASS,"Brand#21","Supplier#000000007",UNITED KINGDOM,EUROPE,813.63,6981,203,"Customer#000000203",MACHINERY,7960.63
14822,1,23.00,41788.93,0.06,0.04,AIR,DELIVER IN PERSON,chartreuse tomato rose chocolate magenta,MEDIUM BURNISHED BRASS,"Brand#21","Supplier#000000007",UNITED KINGDOM,EUROPE,813.63,6981,219,"Customer#000000219",AUTOMOBILE,9858.57
14822,1,23.00,41788.93,0.06,0.04,AIR,DELIVER IN PERSON,chartreuse tomato rose chocolate magenta,MEDIUM BURNISHED BRASS,"Brand#21","Supplier#000000007",UNITED KINGDOM,EUROPE,813.63,6981,221,"Customer#000000221",BUILDING,1609.39
14822,1,23.00,41788.93,0.06,0.04,AIR,DELIVER IN PERSON,chartreuse tomato rose chocolate magenta,MEDIUM BURNISHED BRASS,"Brand#21","Supplier#000000007",UNITED KINGDOM,EUROPE,813.63,6981,236,"Customer#000000236",AUTOMOBILE,5384.59
14822,1,23.00,41788.93,0.06,0.04,AIR,DELIVER IN PERSON,chartreuse tomato rose chocolate magenta,MEDIUM BURNISHED BRASS,"Brand#21","Supplier#000000007",UNITED KINGDOM,EUROPE,813.63,6981,258,"Customer#000000258",MACHINERY,6022.27
14822,1,23.00,41788.93,0.06,0.04,AIR,DELIVER IN PERSON,chartreuse tomato rose chocolate magenta,MEDIUM BURNISHED BRASS,"Brand#21","Supplier#000000007",UNITED KINGDOM,EUROPE,813.63,6981,265,"Customer#000000265",MACHINERY,8275.80
14822,1,23.00,41788.93,0.06,0.04,AIR,DELIVER IN PERSON,chartreuse tomato rose chocolate magenta,MEDIUM BURNISHED BRASS,"Brand#21","Supplier#000000007",UNITED KINGDOM,EUROPE,813.63,6981,287,"Customer#000000287",MACHINERY,1734.18
14822,1,23.00,41788.93,0.06,0.04,AIR,DELIVER IN PERSON,chartreuse tomato rose chocolate magenta,MEDIUM BURNISHED BRASS,"Brand#21","Supplier#000000007",UNITED KINGDOM,EUROPE,813.63,6981,290,"Customer#000000290",MACHINERY,1811.35
14822,1,23.00,41788.93,0.06,0.04,AIR,DELIVER IN PERSON,chartreuse tomato rose chocolate magenta,MEDIUM BURNISHED BRASS,"Brand#21","Supplier#000000007",UNITED KINGDOM,EUROPE,813.63,6981,304,"Customer#000000304",MACHINERY,9217.55
14822,1,23.00,41788.93,0.06,0.04,AIR,DELIVER IN PERSON,chartreuse tomato rose chocolate magenta,MEDIUM BURNISHED BRASS,"Brand#21","Supplier#000000007",UNITED KINGDOM,EUROPE,813.63,6981,316,"Customer#000000316",MACHINERY,4571.78
14822,1,23.00,41788.93,0.06,0.04,AIR,DELIVER IN PERSON,chartreuse tomato rose chocolate magenta,MEDIUM BURNISHED BRASS,"Brand#21","Supplier#000000007",UNITED KINGDOM,EUROPE,813.63,6981,327,"Customer#000000327",MACHINERY,8762.16
14822,1,23.00,41788.93,0.06,0.04,AIR,DELIVER IN PERSON,chartreuse tomato rose chocolate magenta,MEDIUM BURNISHED BRASS,"Brand#21","Supplier#000000007",UNITED KINGDOM,EUROPE,813.63,6981,373,"Customer#000000373",MACHINERY,2354.06
14822,1,23.00,41788.93,0.06,0.04,AIR,DELIVER IN PERSON,chartreuse tomato rose chocolate magenta,MEDIUM BURNISHED BRASS,"Brand#21","Supplier#000000007",UNITED KINGDOM,EUROPE,813.63,6981,374,"Customer#000000374",AUTOMOBILE,6718.78
14822,1,23.00,41788.93,0.06,0.04,AIR,DELIVER IN PERSON,chartreuse tomato rose chocolate magenta,MEDIUM BURNISHED BRASS,"Brand#21","Supplier#000000007",UNITED KINGDOM,EUROPE,813.63,6981,378,"Customer#000000378",BUILDING,5718.05
14822,1,23.00,41788.93,0.06,0.04,AIR,DELIVER IN PERSON,chartreuse tomato rose chocolate magenta,MEDIUM BURNISHED BRASS,"Brand#21","Supplier#000000007",UNITED KINGDOM,EUROPE,813.63,6981,407,"Customer#000000407",MACHINERY,9537.08
14822,1,23.00,41788.93,0.06,0.04,AIR,DELIVER IN PERSON,chartreuse tomato rose chocolate magenta,MEDIUM BURNISHED BRASS,"Brand#21","Supplier#000000007",UNITED KINGDOM,EUROPE,813.63,6981,427,"Customer#000000427",MACHINERY,4376.80
14822,1,23.00,41788.93,0.06,0.04,AIR,DELIVER IN PERSON,chartreuse tomato rose chocolate magenta,MEDIUM BURNISHED BRASS,"Brand#21","Supplier#000000007",UNITED KINGDOM,EUROPE,813.63,6981,435,"Customer#000000435",MACHINERY,6217.46
14822,1,23.00,41788.93,0.06,0.04,AIR,DELIVER IN PERSON,chartreuse tomato rose chocolate magenta,MEDIUM BURNISHED BRASS,"Brand#21","Supplier#000000007",UNITED KINGDOM,EUROPE,813.63,6981,474,"Customer#000000474",MACHINERY,9165.47
14822,1,23.00,41788.93,0.06,0.04,AIR,DELIVER IN PERSON,chartreuse tomato rose chocolate magenta,MEDIUM BURNISHED BRASS,"Brand#21","Supplier#000000007",UNITED KINGDOM,EUROPE,813.63,6981,564,"Customer#000000564",MACHINERY,6307.59
14822,1,23.00,41788.93,0.06,0.04,AIR,DELIVER IN PERSON,chartreuse tomato rose chocolate magenta,MEDIUM BURNISHED BRASS,"Brand#21","Supplier#000000007",UNITED KINGDOM,EUROPE,813.63,6981,567,"Customer#000000567",BUILDING,8475.17
14822,1,23.00,41788.93,0.06,0.04,AIR,DELIVER IN PERSON,chartreuse tomato rose chocolate magenta,MEDIUM BURNISHED BRASS,"Brand#21","Supplier#000000007",UNITED KINGDOM,EUROPE,813.63,6981,585,"Customer#000000585",MACHINERY,7820.26
14822,1,23.00,41788.93,0.06,0.04,AIR,DELIVER IN PERSON,chartreuse tomato rose chocolate magenta,MEDIUM BURNISHED BRASS,"Brand#21","Supplier#000000007",UNITED KINGDOM,EUROPE,813.63,6981,606,"Customer#000000606",AUTOMOBILE,9676.98
14822,1,23.00,41788.93,0.06,0.04,AIR,DELIVER IN PERSON,chartreuse tomato rose chocolate magenta,MEDIUM BURNISHED BRASS,"Brand#21","Supplier#000000007",UNITED KINGDOM,EUROPE,813.63,6981,610,"Customer#000000610",BUILDING,3374.92
14822,1,23.00,41788.93,0.06,0.04,AIR,DELIVER IN PERSON,chartreuse tomato rose chocolate magenta,MEDIUM BURNISHED BRASS,"Brand#21","Supplier#000000007",UNITED KINGDOM,EUROPE,813.63,6981,631,"Customer#000000631",MACHINERY,2603.00
14822,1,23.00,41788.93,0.06,0.04,AIR,DELIVER IN PERSON,chartreuse tomato rose chocolate magenta,MEDIUM BURNISHED BRASS,"Brand#21","Supplier#000000007",UNITED KINGDOM,EUROPE,813.63,6981,639,"Customer#000000639",MACHINERY,4899.15
14822,1,23.00,41788.93,0.06,0.04,AIR,DELIVER IN PERSON,chartreuse tomato rose chocolate magenta,MEDIUM BURNISHED BRASS,"Brand#21","Supplier#000000007",UNITED KINGDOM,EUROPE,813.63,6981,662,"Customer#000000662",BUILDING,4517.33
14822,1,23.00,41788.93,0.06,0.04,AIR,DELIVER IN PERSON,chartreuse tomato rose chocolate magenta,MEDIUM BURNISHED BRASS,"Brand#21","Supplier#000000007",UNITED KINGDOM,EUROPE,813.63,6981,669,"Customer#000000669",MACHINERY,6019.20
14822,1,23.00,41788.93,0.06,0.04,AIR,DELIVER IN PERSON,chartreuse tomato rose chocolate magenta,MEDIUM BURNISHED BRASS,"Brand#21","Supplier#000000007",UNITED KINGDOM,EUROPE,813.63,6981,673,"Customer#000000673",MACHINERY,3942.58
14822,1,23.00,41788.93,0.06,0.04,AIR,DELIVER IN PERSON,chartreuse tomato rose chocolate magenta,MEDIUM BURNISHED BRASS,"Brand#21","Supplier#000000007",UNITED KINGDOM,EUROPE,813.63,6981,685,"Customer#000000685",MACHINERY,2039.84
14822,1,23.00,41788.93,0.06,0.04,AIR,DELIVER IN PERSON,chartreuse tomato rose chocolate magenta,MEDIUM BURNISHED BRASS,"Brand#21","Supplier#000000007",UNITED KINGDOM,EUROPE,813.63,6981,689,"Customer#000000689",MACHINERY,1481.24
14822,1,23.00,41788.93,0.06,0.04,AIR,DELIVER IN PERSON,chartreuse tomato rose chocolate magenta,MEDIUM BURNISHED BRASS,"Brand#21","Supplier#000000007",UNITED KINGDOM,EUROPE,813.63,6981,740,"Customer#000000740",BUILDING,1733.76
14822,1,23.00,41788.93,0.06,0.04,AIR,DELIVER IN PERSON,chartreuse tomato rose chocolate magenta,MEDIUM BURNISHED BRASS,"Brand#21","Supplier#000000007",UNITED KINGDOM,EUROPE,813.63,6981,746,"Customer#000000746",MACHINERY,1164.46
