p_partkey,p_name,p_type,p_brand,ps_suppkey,s_name,s_acctbal,s_comment,nation_name,region_name,ps_availqty,ps_supplycost,l_orderkey,l_quantity,l_extendedprice,o_orderdate,o_orderpriority,o_totalprice,s_suppkey,s_name,s_address,s_nationkey,s_phone,s_acctbal,s_comment
699,plum orchid red linen misty,MEDIUM PLATED STEEL,Brand#11,25,Supplier#000000025,9198.31,"quickly pending accounts cajole blithely against the ironic, pending theodolites. even, silent reque",RUSSIA,EUROPE,51,87.09,1921,21.00,33593.49,1994-01-18,3-MEDIUM,78461.07,25,Supplier#000000025,aoagce3elDACNssVvTLcQl55Up6EYA,22,32-431-945-3541,9198.31,"quickly pending accounts cajole blithely against the ironic, pending theodolites. even, silent reque"
699,plum orchid red linen misty,MEDIUM PLATED STEEL,Brand#11,25,Supplier#000000025,9198.31,"quickly pending accounts cajole blithely against the ironic, pending theodolites. even, silent reque",RUSSIA,EUROPE,51,87.09,6337,25.00,39992.25,1995-09-01,4-NOT SPECIFIED,197650.83,25,Supplier#000000025,aoagce3elDACNssVvTLcQl55Up6EYA,22,32-431-945-3541,9198.31,"quickly pending accounts cajole blithely against the ironic, pending theodolites. even, silent reque"
273,pink white sky burnished coral,STANDARD BRUSHED BRASS,Brand#25,25,Supplier#000000025,9198.31,"quickly pending accounts cajole blithely against the ironic, pending theodolites. even, silent reque",RUSSIA,EUROPE,459,396.65,8900,28.00,32851.56,1996-03-31,4-NOT SPECIFIED,252583.19,25,Supplier#000000025,aoagce3elDACNssVvTLcQl55Up6EYA,22,32-431-945-3541,9198.31,"quickly pending accounts cajole blithely against the ironic, pending theodolites. even, silent reque"
325,plum cyan almond dark orchid,LARGE PLATED COPPER,Brand#15,12,Supplier#000000012,1432.69,ending deposits. carefully express dependencies detect. blithely regular pla,INDIA,ASIA,511,457.53,11174,8.00,9802.56,1994-04-10,3-MEDIUM,144906.22,12,Supplier#000000012,"Rfi4rsA,j2O",8,18-179-925-7181,1432.69,ending deposits. carefully express dependencies detect. blithely regular pla
282,steel burnished cornsilk beige lace,SMALL BRUSHED COPPER,Brand#11,50,Supplier#000000050,4515.87, furiously special ideas; regular dependencies wake furiously someti,INDONESIA,ASIA,517,869.66,16609,29.00,34286.12,1996-12-08,3-MEDIUM,149012.17,50,Supplier#000000050,AkCPA9ee2s0n  bKok8,9,19-561-560-7437,4515.87, furiously special ideas; regular dependencies wake furiously someti
56,antique beige brown deep dodger,MEDIUM PLATED STEEL,Brand#12,7,Supplier#000000007,6820.35,ke across the slyly ironic packages. carefully special pinto beans wake blithely. even deposits los,UNITED KINGDOM,EUROPE,241,855.39,19910,26.00,24857.30,1995-05-04,1-URGENT,165602.72,7,Supplier#000000007, 0W7IPdkpWycUbQ9Adp6B,23,33-990-965-2201,6820.35,ke across the slyly ironic packages. carefully special pinto beans wake blithely. even deposits los
805,tan ghost cyan salmon goldenrod,STANDARD PLATED BRASS,Brand#52,12,Supplier#000000012,1432.69,ending deposits. carefully express dependencies detect. blithely regular pla,INDIA,ASIA,322,104.62,19971,25.00,42645.00,1996-06-27,4-NOT SPECIFIED,288117.81,12,Supplier#000000012,"Rfi4rsA,j2O",8,18-179-925-7181,1432.69,ending deposits. carefully express dependencies detect. blithely regular pla
200,peach cornsilk navy rosy red,MEDIUM POLISHED BRASS,Brand#54,46,Supplier#000000046,3580.35,d somas use around the furious,UNITED STATES,AMERICA,331,466.07,19971,29.00,31905.80,1996-06-27,4-NOT SPECIFIED,288117.81,46,Supplier#000000046,"N,6964Lnc2fNgMZV1VJV9ye9PtkE7z1nYOHRB",24,34-748-308-3215,3580.35,d somas use around the furious
395,drab steel royal medium chartreuse,MEDIUM BURNISHED BRASS,Brand#32,3,Supplier#000000003,4192.40,ong the fluffily idle packages: bold foxes mold silent package,ARGENTINA,AMERICA,473,473.63,22786,21.00,27203.19,1996-07-11,2-HIGH,193991.64,3,Supplier#000000003,BZ0kXcHUcHjx62L7CjZSql7gbWQ6RPn5X,1,11-383-516-1199,4192.40,ong the fluffily idle packages: bold foxes mold silent package
513,mint thistle chiffon magenta salmon,MEDIUM BRUSHED STEEL,Brand#32,8,Supplier#000000008,7627.85,iously about the bold packages. ,PERU,AMERICA,378,869.94,22918,10.00,14135.10,1996-01-31,1-URGENT,163745.77,8,Supplier#000000008,S8AWPqjYlanEQlcDO2WV 97uCVtxCk,17,27-498-742-3860,7627.85,iously about the bold packages. 
899,gainsboro dim misty violet coral,SMALL ANODIZED NICKEL,Brand#25,50,Supplier#000000050,4515.87, furiously special ideas; regular dependencies wake furiously someti,INDONESIA,ASIA,446,736.47,24964,14.00,25198.46,1994-12-30,5-LOW,145504.25,50,Supplier#000000050,AkCPA9ee2s0n  bKok8,9,19-561-560-7437,4515.87, furiously special ideas; regular dependencies wake furiously someti
842,gainsboro dim navajo chartreuse olive,SMALL ANODIZED BRASS,Brand#11,43,Supplier#000000043,7773.41,y regular deposits-- requests in,JAPAN,ASIA,239,433.46,25027,32.00,55770.88,1994-12-17,3-MEDIUM,167023.70,43,Supplier#000000043,2VEfxrC76mNg2VwZY5DDrWnSTrCUHlZfwe2EF3SJ,12,22-421-568-4862,7773.41,y regular deposits-- requests in
461,goldenrod dim wheat tan violet,SMALL BRUSHED TIN,Brand#54,25,Supplier#000000025,9198.31,"quickly pending accounts cajole blithely against the ironic, pending theodolites. even, silent reque",RUSSIA,EUROPE,39,633.98,25253,16.00,21783.36,1995-07-31,5-LOW,357424.88,25,Supplier#000000025,aoagce3elDACNssVvTLcQl55Up6EYA,22,32-431-945-3541,9198.31,"quickly pending accounts cajole blithely against the ironic, pending theodolites. even, silent reque"
699,plum orchid red linen misty,MEDIUM PLATED STEEL,Brand#11,25,Supplier#000000025,9198.31,"quickly pending accounts cajole blithely against the ironic, pending theodolites. even, silent reque",RUSSIA,EUROPE,51,87.09,25376,13.00,20795.97,1995-03-27,1-URGENT,84482.88,25,Supplier#000000025,aoagce3elDACNssVvTLcQl55Up6EYA,22,32-431-945-3541,9198.31,"quickly pending accounts cajole blithely against the ironic, pending theodolites. even, silent reque"
330,royal lime misty frosted smoke,LARGE PLATED COPPER,Brand#35,35,Supplier#000000035,4381.41,lyly above the furiously ironic attainments. pending dugouts was quic,VIETNAM,ASIA,521,183.79,25633,26.00,31988.58,1995-08-02,5-LOW,255095.06,35,Supplier#000000035,"btEEk4uH55bVcxqqo355 x0WMmrK6,bOU",21,31-720-790-5245,4381.41,lyly above the furiously ironic attainments. pending dugouts was quic
963,violet beige lime dark metallic,MEDIUM PLATED BRASS,Brand#44,7,Supplier#000000007,6820.35,ke across the slyly ironic packages. carefully special pinto beans wake blithely. even deposits los,UNITED KINGDOM,EUROPE,109,64.57,26208,11.00,20503.56,1996-03-21,4-NOT SPECIFIED,155208.77,7,Supplier#000000007, 0W7IPdkpWycUbQ9Adp6B,23,33-990-965-2201,6820.35,ke across the slyly ironic packages. carefully special pinto beans wake blithely. even deposits los
103,navy sky spring orchid forest,MEDIUM PLATED BRASS,Brand#25,46,Supplier#000000046,3580.35,d somas use around the furious,UNITED STATES,AMERICA,429,605.20,26532,22.00,22068.20,1994-12-08,2-HIGH,109412.17,46,Supplier#000000046,"N,6964Lnc2fNgMZV1VJV9ye9PtkE7z1nYOHRB",24,34-748-308-3215,3580.35,d somas use around the furious
448,wheat tomato cyan lemon maroon,PROMO POLISHED BRASS,Brand#13,39,Supplier#000000039,6115.65,"ts. special, final requests along the thinly regular accounts are across the bold pac",INDIA,ASIA,138,355.79,26949,34.00,45846.96,1994-08-16,1-URGENT,167103.58,39,Supplier#000000039,"2e0rD92Bmb5 ZtqmjQoR,AHlOJHHM6WMj",8,18-851-856-5633,6115.65,"ts. special, final requests along the thinly regular accounts are across the bold pac"
273,pink white sky burnished coral,STANDARD BRUSHED BRASS,Brand#25,25,Supplier#000000025,9198.31,"quickly pending accounts cajole blithely against the ironic, pending theodolites. even, silent reque",RUSSIA,EUROPE,459,396.65,26949,11.00,12905.97,1994-08-16,1-URGENT,167103.58,25,Supplier#000000025,aoagce3elDACNssVvTLcQl55Up6EYA,22,32-431-945-3541,9198.31,"quickly pending accounts cajole blithely against the ironic, pending theodolites. even, silent reque"
845,papaya burlywood bisque linen navy,LARGE PLATED STEEL,Brand#41,46,Supplier#000000046,3580.35,d somas use around the furious,UNITED STATES,AMERICA,241,513.25,27590,28.00,48883.52,1994-07-14,4-NOT SPECIFIED,158548.82,46,Supplier#000000046,"N,6964Lnc2fNgMZV1VJV9ye9PtkE7z1nYOHRB",24,34-748-308-3215,3580.35,d somas use around the furious
592,dodger burnished yellow wheat antique,LARGE POLISHED STEEL,Brand#23,39,Supplier#000000039,6115.65,"ts. special, final requests along the thinly regular accounts are across the bold pac",INDIA,ASIA,575,544.49,28001,26.00,38807.34,1994-06-15,1-URGENT,279842.02,39,Supplier#000000039,"2e0rD92Bmb5 ZtqmjQoR,AHlOJHHM6WMj",8,18-851-856-5633,6115.65,"ts. special, final requests along the thinly regular accounts are across the bold pac"
138,dark aquamarine tomato medium puff,ECONOMY BURNISHED COPPER,Brand#13,39,Supplier#000000039,6115.65,"ts. special, final requests along the thinly regular accounts are across the bold pac",INDIA,ASIA,133,576.96,29766,12.00,12457.56,1994-03-22,3-MEDIUM,219040.80,39,Supplier#000000039,"2e0rD92Bmb5 ZtqmjQoR,AHlOJHHM6WMj",8,18-851-856-5633,6115.65,"ts. special, final requests along the thinly regular accounts are across the bold pac"
931,red puff chiffon sienna dark,STANDARD ANODIZED NICKEL,Brand#31,32,Supplier#000000032,3556.47,inments. silently final pinto beans among the ,UNITED KINGDOM,EUROPE,525,879.37,2980,24.00,43966.32,1996-09-14,3-MEDIUM,244991.22,32,Supplier#000000032,"uwCnX8y18u,zGadpgSQKHVP1F2fxK",23,33-484-637-7873,3556.47,inments. silently final pinto beans among the 
471,goldenrod honeydew frosted almond chiffon,LARGE BRUSHED STEEL,Brand#11,43,Supplier#000000043,7773.41,y regular deposits-- requests in,JAPAN,ASIA,311,447.21,7650,14.00,19200.58,1995-04-06,1-URGENT,64014.45,43,Supplier#000000043,2VEfxrC76mNg2VwZY5DDrWnSTrCUHlZfwe2EF3SJ,12,22-421-568-4862,7773.41,y regular deposits-- requests in
869,snow blush violet lace ghost,STANDARD ANODIZED COPPER,Brand#24,7,Supplier#000000007,6820.35,ke across the slyly ironic packages. carefully special pinto beans wake blithely. even deposits los,UNITED KINGDOM,EUROPE,130,295.72,10048,19.00,33627.34,1994-05-16,4-NOT SPECIFIED,65858.05,7,Supplier#000000007, 0W7IPdkpWycUbQ9Adp6B,23,33-990-965-2201,6820.35,ke across the slyly ironic packages. carefully special pinto beans wake blithely. even deposits los
468,spring grey azure khaki lace,MEDIUM BURNISHED STEEL,Brand#41,19,Supplier#000000019,6150.38,g the carefully regular packages. blithely unusual instructions sl,UNITED STATES,AMERICA,233,378.55,15814,30.00,41053.80,1996-08-18,1-URGENT,137200.20,19,Supplier#000000019,NN17XNz0DpmnSFp47kM7G,24,34-278-310-2731,6150.38,g the carefully regular packages. blithely unusual instructions sl
28,navajo yellow drab white misty,SMALL PLATED COPPER,Brand#44,3,Supplier#000000003,4192.40,ong the fluffily idle packages: bold foxes mold silent package,ARGENTINA,AMERICA,302,690.30,18561,29.00,26912.58,1994-01-10,4-NOT SPECIFIED,215679.96,3,Supplier#000000003,BZ0kXcHUcHjx62L7CjZSql7gbWQ6RPn5X,1,11-383-516-1199,4192.40,ong the fluffily idle packages: bold foxes mold silent package
325,plum cyan almond dark orchid,LARGE PLATED COPPER,Brand#15,12,Supplier#000000012,1432.69,ending deposits. carefully express dependencies detect. blithely regular pla,INDIA,ASIA,511,457.53,23938,16.00,19605.12,1996-12-06,3-MEDIUM,145754.66,12,Supplier#000000012,"Rfi4rsA,j2O",8,18-179-925-7181,1432.69,ending deposits. carefully express dependencies detect. blithely regular pla
131,tomato moccasin cyan brown goldenrod,STANDARD ANODIZED BRASS,Brand#52,46,Supplier#000000046,3580.35,d somas use around the furious,UNITED STATES,AMERICA,125,861.84,24480,16.00,16498.08,1994-03-05,2-HIGH,42194.42,46,Supplier#000000046,"N,6964Lnc2fNgMZV1VJV9ye9PtkE7z1nYOHRB",24,34-748-308-3215,3580.35,d somas use around the furious
699,plum orchid red linen misty,MEDIUM PLATED STEEL,Brand#11,25,Supplier#000000025,9198.31,"quickly pending accounts cajole blithely against the ironic, pending theodolites. even, silent reque",RUSSIA,EUROPE,51,87.09,3335,16.00,25595.04,1995-10-15,3-MEDIUM,148164.56,25,Supplier#000000025,aoagce3elDACNssVvTLcQl55Up6EYA,22,32-431-945-3541,9198.31,"quickly pending accounts cajole blithely against the ironic, pending theodolites. even, silent reque"
765,thistle red smoke chartreuse orange,STANDARD BRUSHED BRASS,Brand#35,43,Supplier#000000043,7773.41,y regular deposits-- requests in,JAPAN,ASIA,473,741.29,3782,10.00,16657.60,1996-08-24,1-URGENT,206875.32,43,Supplier#000000043,2VEfxrC76mNg2VwZY5DDrWnSTrCUHlZfwe2EF3SJ,12,22-421-568-4862,7773.41,y regular deposits-- requests in
824,dodger snow orange almond magenta,LARGE BURNISHED TIN,Brand#15,25,Supplier#000000025,9198.31,"quickly pending accounts cajole blithely against the ironic, pending theodolites. even, silent reque",RUSSIA,EUROPE,541,53.62,6372,24.00,41395.68,1994-02-27,4-NOT SPECIFIED,159510.31,25,Supplier#000000025,aoagce3elDACNssVvTLcQl55Up6EYA,22,32-431-945-3541,9198.31,"quickly pending accounts cajole blithely against the ironic, pending theodolites. even, silent reque"
330,royal lime misty frosted smoke,LARGE PLATED COPPER,Brand#35,35,Supplier#000000035,4381.41,lyly above the furiously ironic attainments. pending dugouts was quic,VIETNAM,ASIA,521,183.79,9508,24.00,29527.92,1996-04-22,5-LOW,245698.78,35,Supplier#000000035,"btEEk4uH55bVcxqqo355 x0WMmrK6,bOU",21,31-720-790-5245,4381.41,lyly above the furiously ironic attainments. pending dugouts was quic
993,chiffon papaya lavender tomato spring,MEDIUM BRUSHED NICKEL,Brand#54,25,Supplier#000000025,9198.31,"quickly pending accounts cajole blithely against the ironic, pending theodolites. even, silent reque",RUSSIA,EUROPE,35,40.94,13825,29.00,54925.71,1994-03-22,2-HIGH,184202.92,25,Supplier#000000025,aoagce3elDACNssVvTLcQl55Up6EYA,22,32-431-945-3541,9198.31,"quickly pending accounts cajole blithely against the ironic, pending theodolites. even, silent reque"
103,navy sky spring orchid forest,MEDIUM PLATED BRASS,Brand#25,46,Supplier#000000046,3580.35,d somas use around the furious,UNITED STATES,AMERICA,429,605.20,14017,10.00,10031.00,1994-03-08,2-HIGH,158015.22,46,Supplier#000000046,"N,6964Lnc2fNgMZV1VJV9ye9PtkE7z1nYOHRB",24,34-748-308-3215,3580.35,d somas use around the furious
963,violet beige lime dark metallic,MEDIUM PLATED BRASS,Brand#44,7,Supplier#000000007,6820.35,ke across the slyly ironic packages. carefully special pinto beans wake blithely. even deposits los,UNITED KINGDOM,EUROPE,109,64.57,14049,10.00,18639.60,1996-01-29,5-LOW,63743.74,7,Supplier#000000007, 0W7IPdkpWycUbQ9Adp6B,23,33-990-965-2201,6820.35,ke across the slyly ironic packages. carefully special pinto beans wake blithely. even deposits los
592,dodger burnished yellow wheat antique,LARGE POLISHED STEEL,Brand#23,39,Supplier#000000039,6115.65,"ts. special, final requests along the thinly regular accounts are across the bold pac",INDIA,ASIA,575,544.49,19264,8.00,11940.72,1995-09-30,2-HIGH,195700.82,39,Supplier#000000039,"2e0rD92Bmb5 ZtqmjQoR,AHlOJHHM6WMj",8,18-851-856-5633,6115.65,"ts. special, final requests along the thinly regular accounts are across the bold pac"
699,plum orchid red linen misty,MEDIUM PLATED STEEL,Brand#11,25,Supplier#000000025,9198.31,"quickly pending accounts cajole blithely against the ironic, pending theodolites. even, silent reque",RUSSIA,EUROPE,51,87.09,5669,30.00,47990.70,1996-05-06,1-URGENT,172451.40,25,Supplier#000000025,aoagce3elDACNssVvTLcQl55Up6EYA,22,32-431-945-3541,9198.31,"quickly pending accounts cajole blithely against the ironic, pending theodolites. even, silent reque"
699,plum orchid red linen misty,MEDIUM PLATED STEEL,Brand#11,25,Supplier#000000025,9198.31,"quickly pending accounts cajole blithely against the ironic, pending theodolites. even, silent reque",RUSSIA,EUROPE,51,87.09,6630,26.00,41591.94,1996-12-05,2-HIGH,305210.28,25,Supplier#000000025,aoagce3elDACNssVvTLcQl55Up6EYA,22,32-431-945-3541,9198.31,"quickly pending accounts cajole blithely against the ironic, pending theodolites. even, silent reque"
200,peach cornsilk navy rosy red,MEDIUM POLISHED BRASS,Brand#54,46,Supplier#000000046,3580.35,d somas use around the furious,UNITED STATES,AMERICA,331,466.07,7075,26.00,28605.20,1995-10-11,5-LOW,288411.24,46,Supplier#000000046,"N,6964Lnc2fNgMZV1VJV9ye9PtkE7z1nYOHRB",24,34-748-308-3215,3580.35,d somas use around the furious
874,drab slate hot black khaki,MEDIUM PLATED TIN,Brand#15,25,Supplier#000000025,9198.31,"quickly pending accounts cajole blithely against the ironic, pending theodolites. even, silent reque",RUSSIA,EUROPE,31,220.95,11207,19.00,33722.53,1996-04-03,2-HIGH,84170.15,25,Supplier#000000025,aoagce3elDACNssVvTLcQl55Up6EYA,22,32-431-945-3541,9198.31,"quickly pending accounts cajole blithely against the ironic, pending theodolites. even, silent reque"
699,plum orchid red linen misty,MEDIUM PLATED STEEL,Brand#11,25,Supplier#000000025,9198.31,"quickly pending accounts cajole blithely against the ironic, pending theodolites. even, silent reque",RUSSIA,EUROPE,51,87.09,13313,19.00,30394.11,1994-07-17,4-NOT SPECIFIED,247388.09,25,Supplier#000000025,aoagce3elDACNssVvTLcQl55Up6EYA,22,32-431-945-3541,9198.31,"quickly pending accounts cajole blithely against the ironic, pending theodolites. even, silent reque"
395,drab steel royal medium chartreuse,MEDIUM BURNISHED BRASS,Brand#32,3,Supplier#000000003,4192.40,ong the fluffily idle packages: bold foxes mold silent package,ARGENTINA,AMERICA,473,473.63,13605,27.00,34975.53,1996-06-14,3-MEDIUM,195349.37,3,Supplier#000000003,BZ0kXcHUcHjx62L7CjZSql7gbWQ6RPn5X,1,11-383-516-1199,4192.40,ong the fluffily idle packages: bold foxes mold silent package
963,violet beige lime dark metallic,MEDIUM PLATED BRASS,Brand#44,7,Supplier#000000007,6820.35,ke across the slyly ironic packages. carefully special pinto beans wake blithely. even deposits los,UNITED KINGDOM,EUROPE,109,64.57,20835,20.00,37279.20,1996-01-20,3-MEDIUM,165262.47,7,Supplier#000000007, 0W7IPdkpWycUbQ9Adp6B,23,33-990-965-2201,6820.35,ke across the slyly ironic packages. carefully special pinto beans wake blithely. even deposits los
699,plum orchid red linen misty,MEDIUM PLATED STEEL,Brand#11,25,Supplier#000000025,9198.31,"quickly pending accounts cajole blithely against the ironic, pending theodolites. even, silent reque",RUSSIA,EUROPE,51,87.09,20898,20.00,31993.80,1995-10-31,3-MEDIUM,116993.46,25,Supplier#000000025,aoagce3elDACNssVvTLcQl55Up6EYA,22,32-431-945-3541,9198.31,"quickly pending accounts cajole blithely against the ironic, pending theodolites. even, silent reque"
846,purple papaya saddle cream medium,ECONOMY POLISHED NICKEL,Brand#24,25,Supplier#000000025,9198.31,"quickly pending accounts cajole blithely against the ironic, pending theodolites. even, silent reque",RUSSIA,EUROPE,405,574.47,21255,31.00,54152.04,1994-08-29,2-HIGH,278533.86,25,Supplier#000000025,aoagce3elDACNssVvTLcQl55Up6EYA,22,32-431-945-3541,9198.31,"quickly pending accounts cajole blithely against the ironic, pending theodolites. even, silent reque"
502,maroon dark plum brown red,SMALL PLATED TIN,Brand#21,19,Supplier#000000019,6150.38,g the carefully regular packages. blithely unusual instructions sl,UNITED STATES,AMERICA,282,489.35,21255,29.00,40672.50,1994-08-29,2-HIGH,278533.86,19,Supplier#000000019,NN17XNz0DpmnSFp47kM7G,24,34-278-310-2731,6150.38,g the carefully regular packages. blithely unusual instructions sl
967,cyan snow azure slate papaya,SMALL BURNISHED COPPER,Brand#55,11,Supplier#000000011,3393.08,"efully across the furiously regular requests. pending, regular instructions against the bold, expre",CHINA,ASIA,528,142.28,23104,28.00,52302.88,1995-04-10,3-MEDIUM,138660.24,11,Supplier#000000011,iLv7z1f1 51re0Rp,18,28-613-996-1505,3393.08,"efully across the furiously regular requests. pending, regular instructions against the bold, expre"
282,steel burnished cornsilk beige lace,SMALL BRUSHED COPPER,Brand#11,50,Supplier#000000050,4515.87, furiously special ideas; regular dependencies wake furiously someti,INDONESIA,ASIA,517,869.66,962,20.00,23645.60,1994-05-06,5-LOW,126488.37,50,Supplier#000000050,AkCPA9ee2s0n  bKok8,9,19-561-560-7437,4515.87, furiously special ideas; regular dependencies wake furiously someti
448,wheat tomato cyan lemon maroon,PROMO POLISHED BRASS,Brand#13,39,Supplier#000000039,6115.65,"ts. special, final requests along the thinly regular accounts are across the bold pac",INDIA,ASIA,138,355.79,5922,35.00,47195.40,1996-11-14,5-LOW,203808.56,39,Supplier#000000039,"2e0rD92Bmb5 ZtqmjQoR,AHlOJHHM6WMj",8,18-851-856-5633,6115.65,"ts. special, final requests along the thinly regular accounts are across the bold pac"
21,lemon floral azure frosted lime,SMALL BURNISHED TIN,Brand#33,8,Supplier#000000008,7627.85,iously about the bold packages. ,PERU,AMERICA,367,584.86,9380,35.00,32235.70,1994-08-26,1-URGENT,151359.29,8,Supplier#000000008,S8AWPqjYlanEQlcDO2WV 97uCVtxCk,17,27-498-742-3860,7627.85,iously about the bold packages. 
138,dark aquamarine tomato medium puff,ECONOMY BURNISHED COPPER,Brand#13,39,Supplier#000000039,6115.65,"ts. special, final requests along the thinly regular accounts are across the bold pac",INDIA,ASIA,133,576.96,10085,34.00,35296.42,1996-03-31,4-NOT SPECIFIED,202220.02,39,Supplier#000000039,"2e0rD92Bmb5 ZtqmjQoR,AHlOJHHM6WMj",8,18-851-856-5633,6115.65,"ts. special, final requests along the thinly regular accounts are across the bold pac"
138,dark aquamarine tomato medium puff,ECONOMY BURNISHED COPPER,Brand#13,39,Supplier#000000039,6115.65,"ts. special, final requests along the thinly regular accounts are across the bold pac",INDIA,ASIA,133,576.96,14533,17.00,17648.21,1996-05-06,4-NOT SPECIFIED,160850.50,39,Supplier#000000039,"2e0rD92Bmb5 ZtqmjQoR,AHlOJHHM6WMj",8,18-851-856-5633,6115.65,"ts. special, final requests along the thinly regular accounts are across the bold pac"
846,purple papaya saddle cream medium,ECONOMY POLISHED NICKEL,Brand#24,25,Supplier#000000025,9198.31,"quickly pending accounts cajole blithely against the ironic, pending theodolites. even, silent reque",RUSSIA,EUROPE,405,574.47,14976,11.00,19215.24,1995-07-23,2-HIGH,181152.75,25,Supplier#000000025,aoagce3elDACNssVvTLcQl55Up6EYA,22,32-431-945-3541,9198.31,"quickly pending accounts cajole blithely against the ironic, pending theodolites. even, silent reque"
468,spring grey azure khaki lace,MEDIUM BURNISHED STEEL,Brand#41,19,Supplier#000000019,6150.38,g the carefully regular packages. blithely unusual instructions sl,UNITED STATES,AMERICA,233,378.55,15493,11.00,15053.06,1996-10-25,3-MEDIUM,263197.96,19,Supplier#000000019,NN17XNz0DpmnSFp47kM7G,24,34-278-310-2731,6150.38,g the carefully regular packages. blithely unusual instructions sl
714,chartreuse medium gainsboro honeydew saddle,MEDIUM POLISHED NICKEL,Brand#11,43,Supplier#000000043,7773.41,y regular deposits-- requests in,JAPAN,ASIA,26,311.85,22016,10.00,16147.10,1996-08-08,4-NOT SPECIFIED,278483.67,43,Supplier#000000043,2VEfxrC76mNg2VwZY5DDrWnSTrCUHlZfwe2EF3SJ,12,22-421-568-4862,7773.41,y regular deposits-- requests in
899,gainsboro dim misty violet coral,SMALL ANODIZED NICKEL,Brand#25,50,Supplier#000000050,4515.87, furiously special ideas; regular dependencies wake furiously someti,INDONESIA,ASIA,446,736.47,22308,13.00,23398.57,1994-04-01,3-MEDIUM,198421.27,50,Supplier#000000050,AkCPA9ee2s0n  bKok8,9,19-561-560-7437,4515.87, furiously special ideas; regular dependencies wake furiously someti
874,drab slate hot black khaki,MEDIUM PLATED TIN,Brand#15,25,Supplier#000000025,9198.31,"quickly pending accounts cajole blithely against the ironic, pending theodolites. even, silent reque",RUSSIA,EUROPE,31,220.95,29539,20.00,35497.40,1995-04-24,2-HIGH,96029.69,25,Supplier#000000025,aoagce3elDACNssVvTLcQl55Up6EYA,22,32-431-945-3541,9198.31,"quickly pending accounts cajole blithely against the ironic, pending theodolites. even, silent reque"
843,frosted metallic mint lawn blanched,MEDIUM POLISHED STEEL,Brand#15,50,Supplier#000000050,4515.87, furiously special ideas; regular dependencies wake furiously someti,INDONESIA,ASIA,381,291.44,29637,9.00,15694.56,1994-05-26,2-HIGH,168592.82,50,Supplier#000000050,AkCPA9ee2s0n  bKok8,9,19-561-560-7437,4515.87, furiously special ideas; regular dependencies wake furiously someti
35,green blush tomato burlywood seashell,MEDIUM ANODIZED BRASS,Brand#43,10,Supplier#000000010,3891.91,ronic pinto beans. slyly even i,UNITED STATES,AMERICA,596,669.19,834,11.00,10285.33,1994-05-23,3-MEDIUM,67050.93,10,Supplier#000000010,9QtKQKXK24fBTYIsb2,24,34-852-489-8585,3891.91,ronic pinto beans. slyly even i
846,purple papaya saddle cream medium,ECONOMY POLISHED NICKEL,Brand#24,25,Supplier#000000025,9198.31,"quickly pending accounts cajole blithely against the ironic, pending theodolites. even, silent reque",RUSSIA,EUROPE,405,574.47,9124,16.00,27949.44,1995-10-17,5-LOW,186475.16,25,Supplier#000000025,aoagce3elDACNssVvTLcQl55Up6EYA,22,32-431-945-3541,9198.31,"quickly pending accounts cajole blithely against the ironic, pending theodolites. even, silent reque"
842,gainsboro dim navajo chartreuse olive,SMALL ANODIZED BRASS,Brand#11,43,Supplier#000000043,7773.41,y regular deposits-- requests in,JAPAN,ASIA,239,433.46,11206,27.00,47056.68,1994-12-29,5-LOW,206697.35,43,Supplier#000000043,2VEfxrC76mNg2VwZY5DDrWnSTrCUHlZfwe2EF3SJ,12,22-421-568-4862,7773.41,y regular deposits-- requests in
142,chartreuse linen grey slate saddle,STANDARD ANODIZED BRASS,Brand#55,7,Supplier#000000007,6820.35,ke across the slyly ironic packages. carefully special pinto beans wake blithely. even deposits los,UNITED KINGDOM,EUROPE,13,334.33,12519,26.00,27095.64,1994-01-01,2-HIGH,172123.26,7,Supplier#000000007, 0W7IPdkpWycUbQ9Adp6B,23,33-990-965-2201,6820.35,ke across the slyly ironic packages. carefully special pinto beans wake blithely. even deposits los
931,red puff chiffon sienna dark,STANDARD ANODIZED NICKEL,Brand#31,32,Supplier#000000032,3556.47,inments. silently final pinto beans among the ,UNITED KINGDOM,EUROPE,525,879.37,2211,18.00,32974.74,1994-06-30,2-HIGH,207461.45,32,Supplier#000000032,"uwCnX8y18u,zGadpgSQKHVP1F2fxK",23,33-484-637-7873,3556.47,inments. silently final pinto beans among the 
21,lemon floral azure frosted lime,SMALL BURNISHED TIN,Brand#33,8,Supplier#000000008,7627.85,iously about the bold packages. ,PERU,AMERICA,367,584.86,5283,20.00,18420.40,1994-06-04,3-MEDIUM,19629.01,8,Supplier#000000008,S8AWPqjYlanEQlcDO2WV 97uCVtxCk,17,27-498-742-3860,7627.85,iously about the bold packages. 
842,gainsboro dim navajo chartreuse olive,SMALL ANODIZED BRASS,Brand#11,43,Supplier#000000043,7773.41,y regular deposits-- requests in,JAPAN,ASIA,239,433.46,12293,28.00,48799.52,1995-06-19,2-HIGH,112210.97,43,Supplier#000000043,2VEfxrC76mNg2VwZY5DDrWnSTrCUHlZfwe2EF3SJ,12,22-421-568-4862,7773.41,y regular deposits-- requests in
395,drab steel royal medium chartreuse,MEDIUM BURNISHED BRASS,Brand#32,3,Supplier#000000003,4192.40,ong the fluffily idle packages: bold foxes mold silent package,ARGENTINA,AMERICA,473,473.63,12934,34.00,44043.26,1994-03-06,4-NOT SPECIFIED,260840.56,3,Supplier#000000003,BZ0kXcHUcHjx62L7CjZSql7gbWQ6RPn5X,1,11-383-516-1199,4192.40,ong the fluffily idle packages: bold foxes mold silent package
56,antique beige brown deep dodger,MEDIUM PLATED STEEL,Brand#12,7,Supplier#000000007,6820.35,ke across the slyly ironic packages. carefully special pinto beans wake blithely. even deposits los,UNITED KINGDOM,EUROPE,241,855.39,12934,13.00,12428.65,1994-03-06,4-NOT SPECIFIED,260840.56,7,Supplier#000000007, 0W7IPdkpWycUbQ9Adp6B,23,33-990-965-2201,6820.35,ke across the slyly ironic packages. carefully special pinto beans wake blithely. even deposits los
714,chartreuse medium gainsboro honeydew saddle,MEDIUM POLISHED NICKEL,Brand#11,43,Supplier#000000043,7773.41,y regular deposits-- requests in,JAPAN,ASIA,26,311.85,5511,23.00,37138.33,1994-11-29,1-URGENT,224795.27,43,Supplier#000000043,2VEfxrC76mNg2VwZY5DDrWnSTrCUHlZfwe2EF3SJ,12,22-421-568-4862,7773.41,y regular deposits-- requests in
993,chiffon papaya lavender tomato spring,MEDIUM BRUSHED NICKEL,Brand#54,25,Supplier#000000025,9198.31,"quickly pending accounts cajole blithely against the ironic, pending theodolites. even, silent reque",RUSSIA,EUROPE,35,40.94,7329,13.00,24621.87,1996-10-04,4-NOT SPECIFIED,201392.54,25,Supplier#000000025,aoagce3elDACNssVvTLcQl55Up6EYA,22,32-431-945-3541,9198.31,"quickly pending accounts cajole blithely against the ironic, pending theodolites. even, silent reque"
471,goldenrod honeydew frosted almond chiffon,LARGE BRUSHED STEEL,Brand#11,43,Supplier#000000043,7773.41,y regular deposits-- requests in,JAPAN,ASIA,311,447.21,8806,28.00,38401.16,1996-04-01,3-MEDIUM,168146.96,43,Supplier#000000043,2VEfxrC76mNg2VwZY5DDrWnSTrCUHlZfwe2EF3SJ,12,22-421-568-4862,7773.41,y regular deposits-- requests in
103,navy sky spring orchid forest,MEDIUM PLATED BRASS,Brand#25,46,Supplier#000000046,3580.35,d somas use around the furious,UNITED STATES,AMERICA,429,605.20,9859,30.00,30093.00,1996-07-28,3-MEDIUM,235915.51,46,Supplier#000000046,"N,6964Lnc2fNgMZV1VJV9ye9PtkE7z1nYOHRB",24,34-748-308-3215,3580.35,d somas use around the furious
471,goldenrod honeydew frosted almond chiffon,LARGE BRUSHED STEEL,Brand#11,43,Supplier#000000043,7773.41,y regular deposits-- requests in,JAPAN,ASIA,311,447.21,11714,20.00,27429.40,1994-08-05,1-URGENT,189802.71,43,Supplier#000000043,2VEfxrC76mNg2VwZY5DDrWnSTrCUHlZfwe2EF3SJ,12,22-421-568-4862,7773.41,y regular deposits-- requests in
103,navy sky spring orchid forest,MEDIUM PLATED BRASS,Brand#25,46,Supplier#000000046,3580.35,d somas use around the furious,UNITED STATES,AMERICA,429,605.20,16225,14.00,14043.40,1994-05-29,1-URGENT,71994.99,46,Supplier#000000046,"N,6964Lnc2fNgMZV1VJV9ye9PtkE7z1nYOHRB",24,34-748-308-3215,3580.35,d somas use around the furious
330,royal lime misty frosted smoke,LARGE PLATED COPPER,Brand#35,35,Supplier#000000035,4381.41,lyly above the furiously ironic attainments. pending dugouts was quic,VIETNAM,ASIA,521,183.79,16519,22.00,27067.26,1995-06-11,3-MEDIUM,140382.60,35,Supplier#000000035,"btEEk4uH55bVcxqqo355 x0WMmrK6,bOU",21,31-720-790-5245,4381.41,lyly above the furiously ironic attainments. pending dugouts was quic
765,thistle red smoke chartreuse orange,STANDARD BRUSHED BRASS,Brand#35,43,Supplier#000000043,7773.41,y regular deposits-- requests in,JAPAN,ASIA,473,741.29,16967,21.00,34980.96,1995-08-20,5-LOW,242322.93,43,Supplier#000000043,2VEfxrC76mNg2VwZY5DDrWnSTrCUHlZfwe2EF3SJ,12,22-421-568-4862,7773.41,y regular deposits-- requests in
551,tan misty floral firebrick puff,LARGE BURNISHED TIN,Brand#54,25,Supplier#000000025,9198.31,"quickly pending accounts cajole blithely against the ironic, pending theodolites. even, silent reque",RUSSIA,EUROPE,13,344.90,17125,21.00,30482.55,1996-08-11,5-LOW,187435.03,25,Supplier#000000025,aoagce3elDACNssVvTLcQl55Up6EYA,22,32-431-945-3541,9198.31,"quickly pending accounts cajole blithely against the ironic, pending theodolites. even, silent reque"
699,plum orchid red linen misty,MEDIUM PLATED STEEL,Brand#11,25,Supplier#000000025,9198.31,"quickly pending accounts cajole blithely against the ironic, pending theodolites. even, silent reque",RUSSIA,EUROPE,51,87.09,17413,15.00,23995.35,1996-01-28,4-NOT SPECIFIED,75987.39,25,Supplier#000000025,aoagce3elDACNssVvTLcQl55Up6EYA,22,32-431-945-3541,9198.31,"quickly pending accounts cajole blithely against the ironic, pending theodolites. even, silent reque"
874,drab slate hot black khaki,MEDIUM PLATED TIN,Brand#15,25,Supplier#000000025,9198.31,"quickly pending accounts cajole blithely against the ironic, pending theodolites. even, silent reque",RUSSIA,EUROPE,31,220.95,17892,32.00,56795.84,1996-08-17,1-URGENT,192888.20,25,Supplier#000000025,aoagce3elDACNssVvTLcQl55Up6EYA,22,32-431-945-3541,9198.31,"quickly pending accounts cajole blithely against the ironic, pending theodolites. even, silent reque"
461,goldenrod dim wheat tan violet,SMALL BRUSHED TIN,Brand#54,25,Supplier#000000025,9198.31,"quickly pending accounts cajole blithely against the ironic, pending theodolites. even, silent reque",RUSSIA,EUROPE,39,633.98,18147,13.00,17698.98,1994-07-18,4-NOT SPECIFIED,148566.01,25,Supplier#000000025,aoagce3elDACNssVvTLcQl55Up6EYA,22,32-431-945-3541,9198.31,"quickly pending accounts cajole blithely against the ironic, pending theodolites. even, silent reque"
845,papaya burlywood bisque linen navy,LARGE PLATED STEEL,Brand#41,46,Supplier#000000046,3580.35,d somas use around the furious,UNITED STATES,AMERICA,241,513.25,19234,9.00,15712.56,1994-01-25,2-HIGH,142967.11,46,Supplier#000000046,"N,6964Lnc2fNgMZV1VJV9ye9PtkE7z1nYOHRB",24,34-748-308-3215,3580.35,d somas use around the furious
845,papaya burlywood bisque linen navy,LARGE PLATED STEEL,Brand#41,46,Supplier#000000046,3580.35,d somas use around the furious,UNITED STATES,AMERICA,241,513.25,21376,31.00,54121.04,1996-06-09,4-NOT SPECIFIED,379015.61,46,Supplier#000000046,"N,6964Lnc2fNgMZV1VJV9ye9PtkE7z1nYOHRB",24,34-748-308-3215,3580.35,d somas use around the furious
119,olive metallic slate peach green,LARGE POLISHED STEEL,Brand#43,12,Supplier#000000012,1432.69,ending deposits. carefully express dependencies detect. blithely regular pla,INDIA,ASIA,583,782.47,21443,22.00,22420.42,1996-01-05,2-HIGH,81745.37,12,Supplier#000000012,"Rfi4rsA,j2O",8,18-179-925-7181,1432.69,ending deposits. carefully express dependencies detect. blithely regular pla
