o_orderkey,o_orderpriority,o_totalprice,o_comment,o_orderdate,o_custkey,l_partkey,l_suppkey,l_quantity,l_extendedprice,l_discount,l_shipmode,c_custkey,c_name,c_address,c_nationkey,c_phone,c_acctbal,c_mktsegment,c_comment
839,1-URGENT,116490.54," blithely ironic dolphins maintain regular, regula",1995-08-08,140,786,18,23.00,38795.94,0.07,AIR,140,Customer#000000140,49AmbJgKOm8ii0Idfn1BWHq,4,14-273-885-6505,9963.15,MACHINERY,odolites. blithely pending asymptotes after the furiously pend
2049,2-HIGH,200666.82,y even packages after the blithely ironic ideas wake carefully quickly spe,1995-12-07,149,333,2,18.00,22199.94,0.05,AIR,149,Customer#000000149,YPt7jpBYEdgbIK6A A,19,29-797-439-6760,8959.65,AUTOMOBILE,ide of the slyly special deposits affix careful
2951,2-HIGH,187526.31,cies? furiously pending attainments cajole. furiously pending packages ,1996-02-06,370,361,31,21.00,26488.56,0.06,REG AIR,370,Customer#000000370,DtqbDO5rid,12,22-524-280-8721,8982.79,FURNITURE,nstructions. furious requests across the ironic
6374,1-URGENT,174464.54,"final asymptotes. enticing, pend",1995-08-08,449,679,5,22.00,34752.74,0.06,REG AIR,449,Customer#000000449,oI63QtBSm2Phlz3ZQTDOJmBCR5Vp9pXIANPSj4f,4,14-893-381-6454,3001.94,MACHINERY,its. blithely special ideas affix alongside of the sometimes 
7076,2-HIGH,102082.36,riously ironic ideas sleep around the blithely ironi,1995-12-12,701,921,2,19.00,34616.48,0.06,REG AIR,701,Customer#000000701,"ua6SfPHCOdkGGZJ MX,e07ZLWVe 6UOp",2,12-323-784-5793,148.98,FURNITURE," ironic, pending foxes wake furiously. fluffily regular requests are. furiou"
8578,2-HIGH,177643.08, regular pearls. pending ideas play blithely about th,1995-09-03,731,342,11,19.00,23604.46,0.04,REG AIR,731,Customer#000000731,"o,OMA859cXnOy o",7,17-731-915-9753,9311.17,MACHINERY,"yly regular requests among the blithely regular excuses are slyly about the bold, regular foxes. dependencies wa"
9955,1-URGENT,185919.22,according to the bold packages. slyly ironic excuses are blithely carefully ,1995-09-05,505,194,40,23.00,25166.37,0.05,REG AIR,505,Customer#000000505,"fq6GvrtmwKVZ9FofCEzBfz,4s3Q0dz",2,12-530-647-8313,6557.51,HOUSEHOLD,he ironic accounts. boldly regular accounts wake carefully slyly ruthless platelets. fluffily final instruct
14374,1-URGENT,116389.90,nstructions after the ideas sleep furiously unusual ac,1995-05-17,590,313,50,18.00,21839.58,0.06,REG AIR,590,Customer#000000590,XzjJJr14j2auh5s0h9KH5RiFgy0VViy7,8,18-734-215-6394,3993.54,MACHINERY,ourts sleep quickly quickly final packages. furiously silent dependencies impress quickly. final frets de
17376,2-HIGH,218057.24,kly final ideas are fluffily. slyly pending accounts along the ,1995-12-05,589,876,14,22.00,39091.14,0.04,AIR,589,Customer#000000589,8wN2dDKisnM rZ6uhmWPS97mdcELLEjCj,19,29-479-316-3576,1647.05,FURNITURE,"refully slow, special instructions. bold, regular ideas after the carefully brave requests boost ideas. deposits de"
17505,1-URGENT,122860.87,xpress pinto beans are requests. furiously regular instr,1996-02-20,196,984,16,26.00,49009.48,0.05,REG AIR,196,Customer#000000196,VS9zyeCUQYq,18,28-135-177-2472,7760.33,FURNITURE,ven instructions sleep. final instructions along the u
20388,2-HIGH,160969.76, ironic theodolites after the fluffily even accounts aff,1996-04-24,578,270,21,20.00,23405.40,0.05,REG AIR,578,Customer#000000578,Eu61rqopcZsjqtE7OCBFZdyt4fx45DnXPAb6np,14,24-278-860-9263,6181.23,FURNITURE,"press instructions use sometimes regular, express pint"
21859,2-HIGH,165693.08,aggle among the unusual requests. slyly express escapade,1995-11-19,355,654,5,18.00,27983.70,0.07,AIR,355,Customer#000000355,"Z,V X4KR14Ib1d3,s",14,24-656-787-6091,8727.90,FURNITURE,gle quickly blithely express requests. quickly express pinto bean
21893,1-URGENT,103411.36,refully even accounts. furiously regular accounts,1995-10-25,728,466,38,25.00,34161.50,0.04,REG AIR,728,Customer#000000728,yqoxLhVwieGzA0wSNW6V24I0,24,34-195-384-1105,4349.73,BUILDING, blithely pending theodolites engage slyly about the quickly final ideas. bol
29600,1-URGENT,101106.19,ove the quickly unusual requests! carefully even in,1996-01-07,265,741,44,22.00,36118.28,0.04,AIR,265,Customer#000000265, yJIACHUobrgPnTqp8sRyF9xlSN0MPMQI7O,17,27-716-734-2046,8275.80,MACHINERY,the fluffily regular requests engage
