p_partkey,p_name,p_type,p_brand,l_orderkey,l_linenumber,l_suppkey,l_quantity,l_extendedprice,l_discount,l_shipmode,l_shipinstruct,o_orderdate,o_orderpriority,o_totalprice,__p1,"You are tagging accounts for B2B revenue analysis. Based on this customer name pattern, market segment, and balance level, does this profile look more like a business customer likely to place larger operational orders?"
361,indian dim tan antique puff,SMALL ANODIZED COPPER,Brand#52,2951,4,31,21.00,26488.56,0.06,REG AIR,DELIVER IN PERSON,1996-02-06,2-HIGH,187526.31,"Customer Name: Customer#000000003
Market Segment: AUTOMOBILE
Account Balance: 7498.12
Return a single YES or NO, with no other words. If uncertain, return NO.",True
361,indian dim tan antique puff,SMALL ANODIZED COPPER,Brand#52,2951,4,31,21.00,26488.56,0.06,REG AIR,DELIVER IN PERSON,1996-02-06,2-HIGH,187526.31,"Customer Name: Customer#000000004
Market Segment: MACHINERY
Account Balance: 2866.83
Return a single YES or NO, with no other words. If uncertain, return NO.",True
361,indian dim tan antique puff,SMALL ANODIZED COPPER,Brand#52,2951,4,31,21.00,26488.56,0.06,REG AIR,DELIVER IN PERSON,1996-02-06,2-HIGH,187526.31,"Customer Name: Customer#000000006
Market Segment: AUTOMOBILE
Account Balance: 7638.57
Return a single YES or NO, with no other words. If uncertain, return NO.",True
361,indian dim tan antique puff,SMALL ANODIZED COPPER,Brand#52,2951,4,31,21.00,26488.56,0.06,REG AIR,DELIVER IN PERSON,1996-02-06,2-HIGH,187526.31,"Customer Name: Customer#000000007
Market Segment: AUTOMOBILE
Account Balance: 9561.95
Return a single YES or NO, with no other words. If uncertain, return NO.",True
361,indian dim tan antique puff,SMALL ANODIZED COPPER,Brand#52,2951,4,31,21.00,26488.56,0.06,REG AIR,DELIVER IN PERSON,1996-02-06,2-HIGH,187526.31,"Customer Name: Customer#000000008
Market Segment: BUILDING
Account Balance: 6819.74
Return a single YES or NO, with no other words. If uncertain, return NO.",True
361,indian dim tan antique puff,SMALL ANODIZED COPPER,Brand#52,2951,4,31,21.00,26488.56,0.06,REG AIR,DELIVER IN PERSON,1996-02-06,2-HIGH,187526.31,"Customer Name: Customer#000000009
Market Segment: FURNITURE
Account Balance: 8324.07
Return a single YES or NO, with no other words. If uncertain, return NO.",True
361,indian dim tan antique puff,SMALL ANODIZED COPPER,Brand#52,2951,4,31,21.00,26488.56,0.06,REG AIR,DELIVER IN PERSON,1996-02-06,2-HIGH,187526.31,"Customer Name: Customer#000000011
Market Segment: BUILDING
Account Balance: -272.60
Return a single YES or NO, with no other words. If uncertain, return NO.",True
361,indian dim tan antique puff,SMALL ANODIZED COPPER,Brand#52,2951,4,31,21.00,26488.56,0.06,REG AIR,DELIVER IN PERSON,1996-02-06,2-HIGH,187526.31,"Customer Name: Customer#000000013
Market Segment: BUILDING
Account Balance: 3857.34
Return a single YES or NO, with no other words. If uncertain, return NO.",True
361,indian dim tan antique puff,SMALL ANODIZED COPPER,Brand#52,2951,4,31,21.00,26488.56,0.06,REG AIR,DELIVER IN PERSON,1996-02-06,2-HIGH,187526.31,"Customer Name: Customer#000000014
Market Segment: FURNITURE
Account Balance: 5266.30
Return a single YES or NO, with no other words. If uncertain, return NO.",True
361,indian dim tan antique puff,SMALL ANODIZED COPPER,Brand#52,2951,4,31,21.00,26488.56,0.06,REG AIR,DELIVER IN PERSON,1996-02-06,2-HIGH,187526.31,"Customer Name: Customer#000000016
Market Segment: FURNITURE
Account Balance: 4681.03
Return a single YES or NO, with no other words. If uncertain, return NO.",True
361,indian dim tan antique puff,SMALL ANODIZED COPPER,Brand#52,2951,4,31,21.00,26488.56,0.06,REG AIR,DELIVER IN PERSON,1996-02-06,2-HIGH,187526.31,"Customer Name: Customer#000000018
Market Segment: BUILDING
Account Balance: 5494.43
Return a single YES or NO, with no other words. If uncertain, return NO.",True
361,indian dim tan antique puff,SMALL ANODIZED COPPER,Brand#52,2951,4,31,21.00,26488.56,0.06,REG AIR,DELIVER IN PERSON,1996-02-06,2-HIGH,187526.31,"Customer Name: Customer#000000020
Market Segment: FURNITURE
Account Balance: 7603.40
Return a single YES or NO, with no other words. If uncertain, return NO.",True
361,indian dim tan antique puff,SMALL ANODIZED COPPER,Brand#52,2951,4,31,21.00,26488.56,0.06,REG AIR,DELIVER IN PERSON,1996-02-06,2-HIGH,187526.31,"Customer Name: Customer#000000024
Market Segment: MACHINERY
Account Balance: 9255.67
Return a single YES or NO, with no other words. If uncertain, return NO.",True
361,indian dim tan antique puff,SMALL ANODIZED COPPER,Brand#52,2951,4,31,21.00,26488.56,0.06,REG AIR,DELIVER IN PERSON,1996-02-06,2-HIGH,187526.31,"Customer Name: Customer#000000025
Market Segment: FURNITURE
Account Balance: 7133.70
Return a single YES or NO, with no other words. If uncertain, return NO.",True
361,indian dim tan antique puff,SMALL ANODIZED COPPER,Brand#52,2951,4,31,21.00,26488.56,0.06,REG AIR,DELIVER IN PERSON,1996-02-06,2-HIGH,187526.31,"Customer Name: Customer#000000027
Market Segment: BUILDING
Account Balance: 5679.84
Return a single YES or NO, with no other words. If uncertain, return NO.",True
361,indian dim tan antique puff,SMALL ANODIZED COPPER,Brand#52,2951,4,31,21.00,26488.56,0.06,REG AIR,DELIVER IN PERSON,1996-02-06,2-HIGH,187526.31,"Customer Name: Customer#000000029
Market Segment: FURNITURE
Account Balance: 7618.27
Return a single YES or NO, with no other words. If uncertain, return NO.",True
361,indian dim tan antique puff,SMALL ANODIZED COPPER,Brand#52,2951,4,31,21.00,26488.56,0.06,REG AIR,DELIVER IN PERSON,1996-02-06,2-HIGH,187526.31,"Customer Name: Customer#000000030
Market Segment: BUILDING
Account Balance: 9321.01
Return a single YES or NO, with no other words. If uncertain, return NO.",True
361,indian dim tan antique puff,SMALL ANODIZED COPPER,Brand#52,2951,4,31,21.00,26488.56,0.06,REG AIR,DELIVER IN PERSON,1996-02-06,2-HIGH,187526.31,"Customer Name: Customer#000000032
Market Segment: BUILDING
Account Balance: 3471.53
Return a single YES or NO, with no other words. If uncertain, return NO.",True
361,indian dim tan antique puff,SMALL ANODIZED COPPER,Brand#52,2951,4,31,21.00,26488.56,0.06,REG AIR,DELIVER IN PERSON,1996-02-06,2-HIGH,187526.31,"Customer Name: Customer#000000036
Market Segment: BUILDING
Account Balance: 4987.27
Return a single YES or NO, with no other words. If uncertain, return NO.",True
361,indian dim tan antique puff,SMALL ANODIZED COPPER,Brand#52,2951,4,31,21.00,26488.56,0.06,REG AIR,DELIVER IN PERSON,1996-02-06,2-HIGH,187526.31,"Customer Name: Customer#000000039
Market Segment: AUTOMOBILE
Account Balance: 6264.31
Return a single YES or NO, with no other words. If uncertain, return NO.",True
361,indian dim tan antique puff,SMALL ANODIZED COPPER,Brand#52,2951,4,31,21.00,26488.56,0.06,REG AIR,DELIVER IN PERSON,1996-02-06,2-HIGH,187526.31,"Customer Name: Customer#000000040
Market Segment: BUILDING
Account Balance: 1335.30
Return a single YES or NO, with no other words. If uncertain, return NO.",True
361,indian dim tan antique puff,SMALL ANODIZED COPPER,Brand#52,2951,4,31,21.00,26488.56,0.06,REG AIR,DELIVER IN PERSON,1996-02-06,2-HIGH,187526.31,"Customer Name: Customer#000000042
Market Segment: BUILDING
Account Balance: 8727.01
Return a single YES or NO, with no other words. If uncertain, return NO.",True
361,indian dim tan antique puff,SMALL ANODIZED COPPER,Brand#52,2951,4,31,21.00,26488.56,0.06,REG AIR,DELIVER IN PERSON,1996-02-06,2-HIGH,187526.31,"Customer Name: Customer#000000043
Market Segment: MACHINERY
Account Balance: 9904.28
Return a single YES or NO, with no other words. If uncertain, return NO.",True
361,indian dim tan antique puff,SMALL ANODIZED COPPER,Brand#52,2951,4,31,21.00,26488.56,0.06,REG AIR,DELIVER IN PERSON,1996-02-06,2-HIGH,187526.31,"Customer Name: Customer#000000044
Market Segment: AUTOMOBILE
Account Balance: 7315.94
Return a single YES or NO, with no other words. If uncertain, return NO.",True
361,indian dim tan antique puff,SMALL ANODIZED COPPER,Brand#52,2951,4,31,21.00,26488.56,0.06,REG AIR,DELIVER IN PERSON,1996-02-06,2-HIGH,187526.31,"Customer Name: Customer#000000045
Market Segment: AUTOMOBILE
Account Balance: 9983.38
Return a single YES or NO, with no other words. If uncertain, return NO.",True
361,indian dim tan antique puff,SMALL ANODIZED COPPER,Brand#52,2951,4,31,21.00,26488.56,0.06,REG AIR,DELIVER IN PERSON,1996-02-06,2-HIGH,187526.31,"Customer Name: Customer#000000048
Market Segment: BUILDING
Account Balance: 3792.50
Return a single YES or NO, with no other words. If uncertain, return NO.",True
361,indian dim tan antique puff,SMALL ANODIZED COPPER,Brand#52,2951,4,31,21.00,26488.56,0.06,REG AIR,DELIVER IN PERSON,1996-02-06,2-HIGH,187526.31,"Customer Name: Customer#000000049
Market Segment: FURNITURE
Account Balance: 4573.94
Return a single YES or NO, with no other words. If uncertain, return NO.",True
361,indian dim tan antique puff,SMALL ANODIZED COPPER,Brand#52,2951,4,31,21.00,26488.56,0.06,REG AIR,DELIVER IN PERSON,1996-02-06,2-HIGH,187526.31,"Customer Name: Customer#000000050
Market Segment: MACHINERY
Account Balance: 4266.13
Return a single YES or NO, with no other words. If uncertain, return NO.",True
361,indian dim tan antique puff,SMALL ANODIZED COPPER,Brand#52,2951,4,31,21.00,26488.56,0.06,REG AIR,DELIVER IN PERSON,1996-02-06,2-HIGH,187526.31,"Customer Name: Customer#000000055
Market Segment: MACHINERY
Account Balance: 4572.11
Return a single YES or NO, with no other words. If uncertain, return NO.",True
361,indian dim tan antique puff,SMALL ANODIZED COPPER,Brand#52,2951,4,31,21.00,26488.56,0.06,REG AIR,DELIVER IN PERSON,1996-02-06,2-HIGH,187526.31,"Customer Name: Customer#000000056
Market Segment: FURNITURE
Account Balance: 6530.86
Return a single YES or NO, with no other words. If uncertain, return NO.",True
361,indian dim tan antique puff,SMALL ANODIZED COPPER,Brand#52,2951,4,31,21.00,26488.56,0.06,REG AIR,DELIVER IN PERSON,1996-02-06,2-HIGH,187526.31,"Customer Name: Customer#000000057
Market Segment: AUTOMOBILE
Account Balance: 4151.93
Return a single YES or NO, with no other words. If uncertain, return NO.",True
361,indian dim tan antique puff,SMALL ANODIZED COPPER,Brand#52,2951,4,31,21.00,26488.56,0.06,REG AIR,DELIVER IN PERSON,1996-02-06,2-HIGH,187526.31,"Customer Name: Customer#000000059
Market Segment: MACHINERY
Account Balance: 3458.60
Return a single YES or NO, with no other words. If uncertain, return NO.",True
361,indian dim tan antique puff,SMALL ANODIZED COPPER,Brand#52,2951,4,31,21.00,26488.56,0.06,REG AIR,DELIVER IN PERSON,1996-02-06,2-HIGH,187526.31,"Customer Name: Customer#000000060
Market Segment: MACHINERY
Account Balance: 2741.87
Return a single YES or NO, with no other words. If uncertain, return NO.",True
361,indian dim tan antique puff,SMALL ANODIZED COPPER,Brand#52,2951,4,31,21.00,26488.56,0.06,REG AIR,DELIVER IN PERSON,1996-02-06,2-HIGH,187526.31,"Customer Name: Customer#000000063
Market Segment: AUTOMOBILE
Account Balance: 9331.13
Return a single YES or NO, with no other words. If uncertain, return NO.",True
361,indian dim tan antique puff,SMALL ANODIZED COPPER,Brand#52,2951,4,31,21.00,26488.56,0.06,REG AIR,DELIVER IN PERSON,1996-02-06,2-HIGH,187526.31,"Customer Name: Customer#000000064
Market Segment: BUILDING
Account Balance: -646.64
Return a single YES or NO, with no other words. If uncertain, return NO.",True
361,indian dim tan antique puff,SMALL ANODIZED COPPER,Brand#52,2951,4,31,21.00,26488.56,0.06,REG AIR,DELIVER IN PERSON,1996-02-06,2-HIGH,187526.31,"Customer Name: Customer#000000065
Market Segment: AUTOMOBILE
Account Balance: 8795.16
Return a single YES or NO, with no other words. If uncertain, return NO.",True
361,indian dim tan antique puff,SMALL ANODIZED COPPER,Brand#52,2951,4,31,21.00,26488.56,0.06,REG AIR,DELIVER IN PERSON,1996-02-06,2-HIGH,187526.31,"Customer Name: Customer#000000067
Market Segment: MACHINERY
Account Balance: 8166.59
Return a single YES or NO, with no other words. If uncertain, return NO.",True
361,indian dim tan antique puff,SMALL ANODIZED COPPER,Brand#52,2951,4,31,21.00,26488.56,0.06,REG AIR,DELIVER IN PERSON,1996-02-06,2-HIGH,187526.31,"Customer Name: Customer#000000070
Market Segment: FURNITURE
Account Balance: 4867.52
Return a single YES or NO, with no other words. If uncertain, return NO.",True
361,indian dim tan antique puff,SMALL ANODIZED COPPER,Brand#52,2951,4,31,21.00,26488.56,0.06,REG AIR,DELIVER IN PERSON,1996-02-06,2-HIGH,187526.31,"Customer Name: Customer#000000073
Market Segment: BUILDING
Account Balance: 4288.50
Return a single YES or NO, with no other words. If uncertain, return NO.",True
361,indian dim tan antique puff,SMALL ANODIZED COPPER,Brand#52,2951,4,31,21.00,26488.56,0.06,REG AIR,DELIVER IN PERSON,1996-02-06,2-HIGH,187526.31,"Customer Name: Customer#000000074
Market Segment: MACHINERY
Account Balance: 2764.43
Return a single YES or NO, with no other words. If uncertain, return NO.",True
361,indian dim tan antique puff,SMALL ANODIZED COPPER,Brand#52,2951,4,31,21.00,26488.56,0.06,REG AIR,DELIVER IN PERSON,1996-02-06,2-HIGH,187526.31,"Customer Name: Customer#000000075
Market Segment: AUTOMOBILE
Account Balance: 6684.10
Return a single YES or NO, with no other words. If uncertain, return NO.",True
361,indian dim tan antique puff,SMALL ANODIZED COPPER,Brand#52,2951,4,31,21.00,26488.56,0.06,REG AIR,DELIVER IN PERSON,1996-02-06,2-HIGH,187526.31,"Customer Name: Customer#000000076
Market Segment: FURNITURE
Account Balance: 5745.33
Return a single YES or NO, with no other words. If uncertain, return NO.",True
361,indian dim tan antique puff,SMALL ANODIZED COPPER,Brand#52,2951,4,31,21.00,26488.56,0.06,REG AIR,DELIVER IN PERSON,1996-02-06,2-HIGH,187526.31,"Customer Name: Customer#000000077
Market Segment: BUILDING
Account Balance: 1738.87
Return a single YES or NO, with no other words. If uncertain, return NO.",True
361,indian dim tan antique puff,SMALL ANODIZED COPPER,Brand#52,2951,4,31,21.00,26488.56,0.06,REG AIR,DELIVER IN PERSON,1996-02-06,2-HIGH,187526.31,"Customer Name: Customer#000000078
Market Segment: FURNITURE
Account Balance: 7136.97
Return a single YES or NO, with no other words. If uncertain, return NO.",True
361,indian dim tan antique puff,SMALL ANODIZED COPPER,Brand#52,2951,4,31,21.00,26488.56,0.06,REG AIR,DELIVER IN PERSON,1996-02-06,2-HIGH,187526.31,"Customer Name: Customer#000000079
Market Segment: MACHINERY
Account Balance: 5121.28
Return a single YES or NO, with no other words. If uncertain, return NO.",True
361,indian dim tan antique puff,SMALL ANODIZED COPPER,Brand#52,2951,4,31,21.00,26488.56,0.06,REG AIR,DELIVER IN PERSON,1996-02-06,2-HIGH,187526.31,"Customer Name: Customer#000000080
Market Segment: FURNITURE
Account Balance: 7383.53
Return a single YES or NO, with no other words. If uncertain, return NO.",True
361,indian dim tan antique puff,SMALL ANODIZED COPPER,Brand#52,2951,4,31,21.00,26488.56,0.06,REG AIR,DELIVER IN PERSON,1996-02-06,2-HIGH,187526.31,"Customer Name: Customer#000000081
Market Segment: BUILDING
Account Balance: 2023.71
Return a single YES or NO, with no other words. If uncertain, return NO.",True
361,indian dim tan antique puff,SMALL ANODIZED COPPER,Brand#52,2951,4,31,21.00,26488.56,0.06,REG AIR,DELIVER IN PERSON,1996-02-06,2-HIGH,187526.31,"Customer Name: Customer#000000082
Market Segment: AUTOMOBILE
Account Balance: 9468.34
Return a single YES or NO, with no other words. If uncertain, return NO.",True
361,indian dim tan antique puff,SMALL ANODIZED COPPER,Brand#52,2951,4,31,21.00,26488.56,0.06,REG AIR,DELIVER IN PERSON,1996-02-06,2-HIGH,187526.31,"Customer Name: Customer#000000083
Market Segment: BUILDING
Account Balance: 6463.51
Return a single YES or NO, with no other words. If uncertain, return NO.",True
361,indian dim tan antique puff,SMALL ANODIZED COPPER,Brand#52,2951,4,31,21.00,26488.56,0.06,REG AIR,DELIVER IN PERSON,1996-02-06,2-HIGH,187526.31,"Customer Name: Customer#000000084
Market Segment: FURNITURE
Account Balance: 5174.71
Return a single YES or NO, with no other words. If uncertain, return NO.",True
361,indian dim tan antique puff,SMALL ANODIZED COPPER,Brand#52,2951,4,31,21.00,26488.56,0.06,REG AIR,DELIVER IN PERSON,1996-02-06,2-HIGH,187526.31,"Customer Name: Customer#000000085
Market Segment: FURNITURE
Account Balance: 3386.64
Return a single YES or NO, with no other words. If uncertain, return NO.",True
361,indian dim tan antique puff,SMALL ANODIZED COPPER,Brand#52,2951,4,31,21.00,26488.56,0.06,REG AIR,DELIVER IN PERSON,1996-02-06,2-HIGH,187526.31,"Customer Name: Customer#000000087
Market Segment: FURNITURE
Account Balance: 6327.54
Return a single YES or NO, with no other words. If uncertain, return NO.",True
361,indian dim tan antique puff,SMALL ANODIZED COPPER,Brand#52,2951,4,31,21.00,26488.56,0.06,REG AIR,DELIVER IN PERSON,1996-02-06,2-HIGH,187526.31,"Customer Name: Customer#000000088
Market Segment: AUTOMOBILE
Account Balance: 8031.44
Return a single YES or NO, with no other words. If uncertain, return NO.",True
361,indian dim tan antique puff,SMALL ANODIZED COPPER,Brand#52,2951,4,31,21.00,26488.56,0.06,REG AIR,DELIVER IN PERSON,1996-02-06,2-HIGH,187526.31,"Customer Name: Customer#000000090
Market Segment: BUILDING
Account Balance: 7354.23
Return a single YES or NO, with no other words. If uncertain, return NO.",True
361,indian dim tan antique puff,SMALL ANODIZED COPPER,Brand#52,2951,4,31,21.00,26488.56,0.06,REG AIR,DELIVER IN PERSON,1996-02-06,2-HIGH,187526.31,"Customer Name: Customer#000000091
Market Segment: AUTOMOBILE
Account Balance: 4643.14
Return a single YES or NO, with no other words. If uncertain, return NO.",True
361,indian dim tan antique puff,SMALL ANODIZED COPPER,Brand#52,2951,4,31,21.00,26488.56,0.06,REG AIR,DELIVER IN PERSON,1996-02-06,2-HIGH,187526.31,"Customer Name: Customer#000000092
Market Segment: MACHINERY
Account Balance: 1182.91
Return a single YES or NO, with no other words. If uncertain, return NO.",True
361,indian dim tan antique puff,SMALL ANODIZED COPPER,Brand#52,2951,4,31,21.00,26488.56,0.06,REG AIR,DELIVER IN PERSON,1996-02-06,2-HIGH,187526.31,"Customer Name: Customer#000000093
Market Segment: MACHINERY
Account Balance: 2182.52
Return a single YES or NO, with no other words. If uncertain, return NO.",True
361,indian dim tan antique puff,SMALL ANODIZED COPPER,Brand#52,2951,4,31,21.00,26488.56,0.06,REG AIR,DELIVER IN PERSON,1996-02-06,2-HIGH,187526.31,"Customer Name: Customer#000000095
Market Segment: MACHINERY
Account Balance: 5327.38
Return a single YES or NO, with no other words. If uncertain, return NO.",True
361,indian dim tan antique puff,SMALL ANODIZED COPPER,Brand#52,2951,4,31,21.00,26488.56,0.06,REG AIR,DELIVER IN PERSON,1996-02-06,2-HIGH,187526.31,"Customer Name: Customer#000000096
Market Segment: AUTOMOBILE
Account Balance: 6323.92
Return a single YES or NO, with no other words. If uncertain, return NO.",True
361,indian dim tan antique puff,SMALL ANODIZED COPPER,Brand#52,2951,4,31,21.00,26488.56,0.06,REG AIR,DELIVER IN PERSON,1996-02-06,2-HIGH,187526.31,"Customer Name: Customer#000000097
Market Segment: AUTOMOBILE
Account Balance: 2164.48
Return a single YES or NO, with no other words. If uncertain, return NO.",True
361,indian dim tan antique puff,SMALL ANODIZED COPPER,Brand#52,2951,4,31,21.00,26488.56,0.06,REG AIR,DELIVER IN PERSON,1996-02-06,2-HIGH,187526.31,"Customer Name: Customer#000000100
Market Segment: FURNITURE
Account Balance: 9889.89
Return a single YES or NO, with no other words. If uncertain, return NO.",True
679,purple blanched linen metallic indian,SMALL BURNISHED TIN,Brand#41,6374,5,5,22.00,34752.74,0.06,REG AIR,DELIVER IN PERSON,1995-08-08,1-URGENT,174464.54,"Customer Name: Customer#000000003
Market Segment: AUTOMOBILE
Account Balance: 7498.12
Return a single YES or NO, with no other words. If uncertain, return NO.",True
679,purple blanched linen metallic indian,SMALL BURNISHED TIN,Brand#41,6374,5,5,22.00,34752.74,0.06,REG AIR,DELIVER IN PERSON,1995-08-08,1-URGENT,174464.54,"Customer Name: Customer#000000004
Market Segment: MACHINERY
Account Balance: 2866.83
Return a single YES or NO, with no other words. If uncertain, return NO.",True
679,purple blanched linen metallic indian,SMALL BURNISHED TIN,Brand#41,6374,5,5,22.00,34752.74,0.06,REG AIR,DELIVER IN PERSON,1995-08-08,1-URGENT,174464.54,"Customer Name: Customer#000000006
Market Segment: AUTOMOBILE
Account Balance: 7638.57
Return a single YES or NO, with no other words. If uncertain, return NO.",True
679,purple blanched linen metallic indian,SMALL BURNISHED TIN,Brand#41,6374,5,5,22.00,34752.74,0.06,REG AIR,DELIVER IN PERSON,1995-08-08,1-URGENT,174464.54,"Customer Name: Customer#000000007
Market Segment: AUTOMOBILE
Account Balance: 9561.95
Return a single YES or NO, with no other words. If uncertain, return NO.",True
679,purple blanched linen metallic indian,SMALL BURNISHED TIN,Brand#41,6374,5,5,22.00,34752.74,0.06,REG AIR,DELIVER IN PERSON,1995-08-08,1-URGENT,174464.54,"Customer Name: Customer#000000008
Market Segment: BUILDING
Account Balance: 6819.74
Return a single YES or NO, with no other words. If uncertain, return NO.",True
679,purple blanched linen metallic indian,SMALL BURNISHED TIN,Brand#41,6374,5,5,22.00,34752.74,0.06,REG AIR,DELIVER IN PERSON,1995-08-08,1-URGENT,174464.54,"Customer Name: Customer#000000009
Market Segment: FURNITURE
Account Balance: 8324.07
Return a single YES or NO, with no other words. If uncertain, return NO.",True
679,purple blanched linen metallic indian,SMALL BURNISHED TIN,Brand#41,6374,5,5,22.00,34752.74,0.06,REG AIR,DELIVER IN PERSON,1995-08-08,1-URGENT,174464.54,"Customer Name: Customer#000000011
Market Segment: BUILDING
Account Balance: -272.60
Return a single YES or NO, with no other words. If uncertain, return NO.",True
679,purple blanched linen metallic indian,SMALL BURNISHED TIN,Brand#41,6374,5,5,22.00,34752.74,0.06,REG AIR,DELIVER IN PERSON,1995-08-08,1-URGENT,174464.54,"Customer Name: Customer#000000013
Market Segment: BUILDING
Account Balance: 3857.34
Return a single YES or NO, with no other words. If uncertain, return NO.",True
679,purple blanched linen metallic indian,SMALL BURNISHED TIN,Brand#41,6374,5,5,22.00,34752.74,0.06,REG AIR,DELIVER IN PERSON,1995-08-08,1-URGENT,174464.54,"Customer Name: Customer#000000014
Market Segment: FURNITURE
Account Balance: 5266.30
Return a single YES or NO, with no other words. If uncertain, return NO.",True
679,purple blanched linen metallic indian,SMALL BURNISHED TIN,Brand#41,6374,5,5,22.00,34752.74,0.06,REG AIR,DELIVER IN PERSON,1995-08-08,1-URGENT,174464.54,"Customer Name: Customer#000000016
Market Segment: FURNITURE
Account Balance: 4681.03
Return a single YES or NO, with no other words. If uncertain, return NO.",True
679,purple blanched linen metallic indian,SMALL BURNISHED TIN,Brand#41,6374,5,5,22.00,34752.74,0.06,REG AIR,DELIVER IN PERSON,1995-08-08,1-URGENT,174464.54,"Customer Name: Customer#000000018
Market Segment: BUILDING
Account Balance: 5494.43
Return a single YES or NO, with no other words. If uncertain, return NO.",True
679,purple blanched linen metallic indian,SMALL BURNISHED TIN,Brand#41,6374,5,5,22.00,34752.74,0.06,REG AIR,DELIVER IN PERSON,1995-08-08,1-URGENT,174464.54,"Customer Name: Customer#000000020
Market Segment: FURNITURE
Account Balance: 7603.40
Return a single YES or NO, with no other words. If uncertain, return NO.",True
679,purple blanched linen metallic indian,SMALL BURNISHED TIN,Brand#41,6374,5,5,22.00,34752.74,0.06,REG AIR,DELIVER IN PERSON,1995-08-08,1-URGENT,174464.54,"Customer Name: Customer#000000024
Market Segment: MACHINERY
Account Balance: 9255.67
Return a single YES or NO, with no other words. If uncertain, return NO.",True
679,purple blanched linen metallic indian,SMALL BURNISHED TIN,Brand#41,6374,5,5,22.00,34752.74,0.06,REG AIR,DELIVER IN PERSON,1995-08-08,1-URGENT,174464.54,"Customer Name: Customer#000000025
Market Segment: FURNITURE
Account Balance: 7133.70
Return a single YES or NO, with no other words. If uncertain, return NO.",True
679,purple blanched linen metallic indian,SMALL BURNISHED TIN,Brand#41,6374,5,5,22.00,34752.74,0.06,REG AIR,DELIVER IN PERSON,1995-08-08,1-URGENT,174464.54,"Customer Name: Customer#000000027
Market Segment: BUILDING
Account Balance: 5679.84
Return a single YES or NO, with no other words. If uncertain, return NO.",True
679,purple blanched linen metallic indian,SMALL BURNISHED TIN,Brand#41,6374,5,5,22.00,34752.74,0.06,REG AIR,DELIVER IN PERSON,1995-08-08,1-URGENT,174464.54,"Customer Name: Customer#000000029
Market Segment: FURNITURE
Account Balance: 7618.27
Return a single YES or NO, with no other words. If uncertain, return NO.",True
679,purple blanched linen metallic indian,SMALL BURNISHED TIN,Brand#41,6374,5,5,22.00,34752.74,0.06,REG AIR,DELIVER IN PERSON,1995-08-08,1-URGENT,174464.54,"Customer Name: Customer#000000030
Market Segment: BUILDING
Account Balance: 9321.01
Return a single YES or NO, with no other words. If uncertain, return NO.",True
679,purple blanched linen metallic indian,SMALL BURNISHED TIN,Brand#41,6374,5,5,22.00,34752.74,0.06,REG AIR,DELIVER IN PERSON,1995-08-08,1-URGENT,174464.54,"Customer Name: Customer#000000032
Market Segment: BUILDING
Account Balance: 3471.53
Return a single YES or NO, with no other words. If uncertain, return NO.",True
679,purple blanched linen metallic indian,SMALL BURNISHED TIN,Brand#41,6374,5,5,22.00,34752.74,0.06,REG AIR,DELIVER IN PERSON,1995-08-08,1-URGENT,174464.54,"Customer Name: Customer#000000036
Market Segment: BUILDING
Account Balance: 4987.27
Return a single YES or NO, with no other words. If uncertain, return NO.",True
679,purple blanched linen metallic indian,SMALL BURNISHED TIN,Brand#41,6374,5,5,22.00,34752.74,0.06,REG AIR,DELIVER IN PERSON,1995-08-08,1-URGENT,174464.54,"Customer Name: Customer#000000039
Market Segment: AUTOMOBILE
Account Balance: 6264.31
Return a single YES or NO, with no other words. If uncertain, return NO.",True
679,purple blanched linen metallic indian,SMALL BURNISHED TIN,Brand#41,6374,5,5,22.00,34752.74,0.06,REG AIR,DELIVER IN PERSON,1995-08-08,1-URGENT,174464.54,"Customer Name: Customer#000000040
Market Segment: BUILDING
Account Balance: 1335.30
Return a single YES or NO, with no other words. If uncertain, return NO.",True
679,purple blanched linen metallic indian,SMALL BURNISHED TIN,Brand#41,6374,5,5,22.00,34752.74,0.06,REG AIR,DELIVER IN PERSON,1995-08-08,1-URGENT,174464.54,"Customer Name: Customer#000000042
Market Segment: BUILDING
Account Balance: 8727.01
Return a single YES or NO, with no other words. If uncertain, return NO.",True
679,purple blanched linen metallic indian,SMALL BURNISHED TIN,Brand#41,6374,5,5,22.00,34752.74,0.06,REG AIR,DELIVER IN PERSON,1995-08-08,1-URGENT,174464.54,"Customer Name: Customer#000000043
Market Segment: MACHINERY
Account Balance: 9904.28
Return a single YES or NO, with no other words. If uncertain, return NO.",True
679,purple blanched linen metallic indian,SMALL BURNISHED TIN,Brand#41,6374,5,5,22.00,34752.74,0.06,REG AIR,DELIVER IN PERSON,1995-08-08,1-URGENT,174464.54,"Customer Name: Customer#000000044
Market Segment: AUTOMOBILE
Account Balance: 7315.94
Return a single YES or NO, with no other words. If uncertain, return NO.",True
679,purple blanched linen metallic indian,SMALL BURNISHED TIN,Brand#41,6374,5,5,22.00,34752.74,0.06,REG AIR,DELIVER IN PERSON,1995-08-08,1-URGENT,174464.54,"Customer Name: Customer#000000045
Market Segment: AUTOMOBILE
Account Balance: 9983.38
Return a single YES or NO, with no other words. If uncertain, return NO.",True
679,purple blanched linen metallic indian,SMALL BURNISHED TIN,Brand#41,6374,5,5,22.00,34752.74,0.06,REG AIR,DELIVER IN PERSON,1995-08-08,1-URGENT,174464.54,"Customer Name: Customer#000000048
Market Segment: BUILDING
Account Balance: 3792.50
Return a single YES or NO, with no other words. If uncertain, return NO.",True
679,purple blanched linen metallic indian,SMALL BURNISHED TIN,Brand#41,6374,5,5,22.00,34752.74,0.06,REG AIR,DELIVER IN PERSON,1995-08-08,1-URGENT,174464.54,"Customer Name: Customer#000000049
Market Segment: FURNITURE
Account Balance: 4573.94
Return a single YES or NO, with no other words. If uncertain, return NO.",True
679,purple blanched linen metallic indian,SMALL BURNISHED TIN,Brand#41,6374,5,5,22.00,34752.74,0.06,REG AIR,DELIVER IN PERSON,1995-08-08,1-URGENT,174464.54,"Customer Name: Customer#000000050
Market Segment: MACHINERY
Account Balance: 4266.13
Return a single YES or NO, with no other words. If uncertain, return NO.",True
679,purple blanched linen metallic indian,SMALL BURNISHED TIN,Brand#41,6374,5,5,22.00,34752.74,0.06,REG AIR,DELIVER IN PERSON,1995-08-08,1-URGENT,174464.54,"Customer Name: Customer#000000055
Market Segment: MACHINERY
Account Balance: 4572.11
Return a single YES or NO, with no other words. If uncertain, return NO.",True
679,purple blanched linen metallic indian,SMALL BURNISHED TIN,Brand#41,6374,5,5,22.00,34752.74,0.06,REG AIR,DELIVER IN PERSON,1995-08-08,1-URGENT,174464.54,"Customer Name: Customer#000000056
Market Segment: FURNITURE
Account Balance: 6530.86
Return a single YES or NO, with no other words. If uncertain, return NO.",True
679,purple blanched linen metallic indian,SMALL BURNISHED TIN,Brand#41,6374,5,5,22.00,34752.74,0.06,REG AIR,DELIVER IN PERSON,1995-08-08,1-URGENT,174464.54,"Customer Name: Customer#000000057
Market Segment: AUTOMOBILE
Account Balance: 4151.93
Return a single YES or NO, with no other words. If uncertain, return NO.",True
679,purple blanched linen metallic indian,SMALL BURNISHED TIN,Brand#41,6374,5,5,22.00,34752.74,0.06,REG AIR,DELIVER IN PERSON,1995-08-08,1-URGENT,174464.54,"Customer Name: Customer#000000059
Market Segment: MACHINERY
Account Balance: 3458.60
Return a single YES or NO, with no other words. If uncertain, return NO.",True
679,purple blanched linen metallic indian,SMALL BURNISHED TIN,Brand#41,6374,5,5,22.00,34752.74,0.06,REG AIR,DELIVER IN PERSON,1995-08-08,1-URGENT,174464.54,"Customer Name: Customer#000000060
Market Segment: MACHINERY
Account Balance: 2741.87
Return a single YES or NO, with no other words. If uncertain, return NO.",True
679,purple blanched linen metallic indian,SMALL BURNISHED TIN,Brand#41,6374,5,5,22.00,34752.74,0.06,REG AIR,DELIVER IN PERSON,1995-08-08,1-URGENT,174464.54,"Customer Name: Customer#000000063
Market Segment: AUTOMOBILE
Account Balance: 9331.13
Return a single YES or NO, with no other words. If uncertain, return NO.",True
679,purple blanched linen metallic indian,SMALL BURNISHED TIN,Brand#41,6374,5,5,22.00,34752.74,0.06,REG AIR,DELIVER IN PERSON,1995-08-08,1-URGENT,174464.54,"Customer Name: Customer#000000064
Market Segment: BUILDING
Account Balance: -646.64
Return a single YES or NO, with no other words. If uncertain, return NO.",True
679,purple blanched linen metallic indian,SMALL BURNISHED TIN,Brand#41,6374,5,5,22.00,34752.74,0.06,REG AIR,DELIVER IN PERSON,1995-08-08,1-URGENT,174464.54,"Customer Name: Customer#000000065
Market Segment: AUTOMOBILE
Account Balance: 8795.16
Return a single YES or NO, with no other words. If uncertain, return NO.",True
679,purple blanched linen metallic indian,SMALL BURNISHED TIN,Brand#41,6374,5,5,22.00,34752.74,0.06,REG AIR,DELIVER IN PERSON,1995-08-08,1-URGENT,174464.54,"Customer Name: Customer#000000067
Market Segment: MACHINERY
Account Balance: 8166.59
Return a single YES or NO, with no other words. If uncertain, return NO.",True
679,purple blanched linen metallic indian,SMALL BURNISHED TIN,Brand#41,6374,5,5,22.00,34752.74,0.06,REG AIR,DELIVER IN PERSON,1995-08-08,1-URGENT,174464.54,"Customer Name: Customer#000000070
Market Segment: FURNITURE
Account Balance: 4867.52
Return a single YES or NO, with no other words. If uncertain, return NO.",True
679,purple blanched linen metallic indian,SMALL BURNISHED TIN,Brand#41,6374,5,5,22.00,34752.74,0.06,REG AIR,DELIVER IN PERSON,1995-08-08,1-URGENT,174464.54,"Customer Name: Customer#000000073
Market Segment: BUILDING
Account Balance: 4288.50
Return a single YES or NO, with no other words. If uncertain, return NO.",True
679,purple blanched linen metallic indian,SMALL BURNISHED TIN,Brand#41,6374,5,5,22.00,34752.74,0.06,REG AIR,DELIVER IN PERSON,1995-08-08,1-URGENT,174464.54,"Customer Name: Customer#000000074
Market Segment: MACHINERY
Account Balance: 2764.43
Return a single YES or NO, with no other words. If uncertain, return NO.",True
679,purple blanched linen metallic indian,SMALL BURNISHED TIN,Brand#41,6374,5,5,22.00,34752.74,0.06,REG AIR,DELIVER IN PERSON,1995-08-08,1-URGENT,174464.54,"Customer Name: Customer#000000075
Market Segment: AUTOMOBILE
Account Balance: 6684.10
Return a single YES or NO, with no other words. If uncertain, return NO.",True
679,purple blanched linen metallic indian,SMALL BURNISHED TIN,Brand#41,6374,5,5,22.00,34752.74,0.06,REG AIR,DELIVER IN PERSON,1995-08-08,1-URGENT,174464.54,"Customer Name: Customer#000000076
Market Segment: FURNITURE
Account Balance: 5745.33
Return a single YES or NO, with no other words. If uncertain, return NO.",True
679,purple blanched linen metallic indian,SMALL BURNISHED TIN,Brand#41,6374,5,5,22.00,34752.74,0.06,REG AIR,DELIVER IN PERSON,1995-08-08,1-URGENT,174464.54,"Customer Name: Customer#000000077
Market Segment: BUILDING
Account Balance: 1738.87
Return a single YES or NO, with no other words. If uncertain, return NO.",True
679,purple blanched linen metallic indian,SMALL BURNISHED TIN,Brand#41,6374,5,5,22.00,34752.74,0.06,REG AIR,DELIVER IN PERSON,1995-08-08,1-URGENT,174464.54,"Customer Name: Customer#000000078
Market Segment: FURNITURE
Account Balance: 7136.97
Return a single YES or NO, with no other words. If uncertain, return NO.",True
679,purple blanched linen metallic indian,SMALL BURNISHED TIN,Brand#41,6374,5,5,22.00,34752.74,0.06,REG AIR,DELIVER IN PERSON,1995-08-08,1-URGENT,174464.54,"Customer Name: Customer#000000079
Market Segment: MACHINERY
Account Balance: 5121.28
Return a single YES or NO, with no other words. If uncertain, return NO.",True
679,purple blanched linen metallic indian,SMALL BURNISHED TIN,Brand#41,6374,5,5,22.00,34752.74,0.06,REG AIR,DELIVER IN PERSON,1995-08-08,1-URGENT,174464.54,"Customer Name: Customer#000000080
Market Segment: FURNITURE
Account Balance: 7383.53
Return a single YES or NO, with no other words. If uncertain, return NO.",True
679,purple blanched linen metallic indian,SMALL BURNISHED TIN,Brand#41,6374,5,5,22.00,34752.74,0.06,REG AIR,DELIVER IN PERSON,1995-08-08,1-URGENT,174464.54,"Customer Name: Customer#000000081
Market Segment: BUILDING
Account Balance: 2023.71
Return a single YES or NO, with no other words. If uncertain, return NO.",True
679,purple blanched linen metallic indian,SMALL BURNISHED TIN,Brand#41,6374,5,5,22.00,34752.74,0.06,REG AIR,DELIVER IN PERSON,1995-08-08,1-URGENT,174464.54,"Customer Name: Customer#000000082
Market Segment: AUTOMOBILE
Account Balance: 9468.34
Return a single YES or NO, with no other words. If uncertain, return NO.",True
679,purple blanched linen metallic indian,SMALL BURNISHED TIN,Brand#41,6374,5,5,22.00,34752.74,0.06,REG AIR,DELIVER IN PERSON,1995-08-08,1-URGENT,174464.54,"Customer Name: Customer#000000083
Market Segment: BUILDING
Account Balance: 6463.51
Return a single YES or NO, with no other words. If uncertain, return NO.",True
679,purple blanched linen metallic indian,SMALL BURNISHED TIN,Brand#41,6374,5,5,22.00,34752.74,0.06,REG AIR,DELIVER IN PERSON,1995-08-08,1-URGENT,174464.54,"Customer Name: Customer#000000084
Market Segment: FURNITURE
Account Balance: 5174.71
Return a single YES or NO, with no other words. If uncertain, return NO.",True
679,purple blanched linen metallic indian,SMALL BURNISHED TIN,Brand#41,6374,5,5,22.00,34752.74,0.06,REG AIR,DELIVER IN PERSON,1995-08-08,1-URGENT,174464.54,"Customer Name: Customer#000000085
Market Segment: FURNITURE
Account Balance: 3386.64
Return a single YES or NO, with no other words. If uncertain, return NO.",True
679,purple blanched linen metallic indian,SMALL BURNISHED TIN,Brand#41,6374,5,5,22.00,34752.74,0.06,REG AIR,DELIVER IN PERSON,1995-08-08,1-URGENT,174464.54,"Customer Name: Customer#000000087
Market Segment: FURNITURE
Account Balance: 6327.54
Return a single YES or NO, with no other words. If uncertain, return NO.",True
679,purple blanched linen metallic indian,SMALL BURNISHED TIN,Brand#41,6374,5,5,22.00,34752.74,0.06,REG AIR,DELIVER IN PERSON,1995-08-08,1-URGENT,174464.54,"Customer Name: Customer#000000088
Market Segment: AUTOMOBILE
Account Balance: 8031.44
Return a single YES or NO, with no other words. If uncertain, return NO.",True
679,purple blanched linen metallic indian,SMALL BURNISHED TIN,Brand#41,6374,5,5,22.00,34752.74,0.06,REG AIR,DELIVER IN PERSON,1995-08-08,1-URGENT,174464.54,"Customer Name: Customer#000000090
Market Segment: BUILDING
Account Balance: 7354.23
Return a single YES or NO, with no other words. If uncertain, return NO.",True
679,purple blanched linen metallic indian,SMALL BURNISHED TIN,Brand#41,6374,5,5,22.00,34752.74,0.06,REG AIR,DELIVER IN PERSON,1995-08-08,1-URGENT,174464.54,"Customer Name: Customer#000000091
Market Segment: AUTOMOBILE
Account Balance: 4643.14
Return a single YES or NO, with no other words. If uncertain, return NO.",True
679,purple blanched linen metallic indian,SMALL BURNISHED TIN,Brand#41,6374,5,5,22.00,34752.74,0.06,REG AIR,DELIVER IN PERSON,1995-08-08,1-URGENT,174464.54,"Customer Name: Customer#000000092
Market Segment: MACHINERY
Account Balance: 1182.91
Return a single YES or NO, with no other words. If uncertain, return NO.",True
679,purple blanched linen metallic indian,SMALL BURNISHED TIN,Brand#41,6374,5,5,22.00,34752.74,0.06,REG AIR,DELIVER IN PERSON,1995-08-08,1-URGENT,174464.54,"Customer Name: Customer#000000093
Market Segment: MACHINERY
Account Balance: 2182.52
Return a single YES or NO, with no other words. If uncertain, return NO.",True
679,purple blanched linen metallic indian,SMALL BURNISHED TIN,Brand#41,6374,5,5,22.00,34752.74,0.06,REG AIR,DELIVER IN PERSON,1995-08-08,1-URGENT,174464.54,"Customer Name: Customer#000000095
Market Segment: MACHINERY
Account Balance: 5327.38
Return a single YES or NO, with no other words. If uncertain, return NO.",True
679,purple blanched linen metallic indian,SMALL BURNISHED TIN,Brand#41,6374,5,5,22.00,34752.74,0.06,REG AIR,DELIVER IN PERSON,1995-08-08,1-URGENT,174464.54,"Customer Name: Customer#000000096
Market Segment: AUTOMOBILE
Account Balance: 6323.92
Return a single YES or NO, with no other words. If uncertain, return NO.",True
679,purple blanched linen metallic indian,SMALL BURNISHED TIN,Brand#41,6374,5,5,22.00,34752.74,0.06,REG AIR,DELIVER IN PERSON,1995-08-08,1-URGENT,174464.54,"Customer Name: Customer#000000097
Market Segment: AUTOMOBILE
Account Balance: 2164.48
Return a single YES or NO, with no other words. If uncertain, return NO.",True
679,purple blanched linen metallic indian,SMALL BURNISHED TIN,Brand#41,6374,5,5,22.00,34752.74,0.06,REG AIR,DELIVER IN PERSON,1995-08-08,1-URGENT,174464.54,"Customer Name: Customer#000000100
Market Segment: FURNITURE
Account Balance: 9889.89
Return a single YES or NO, with no other words. If uncertain, return NO.",True
